Date,Open,High,Low,Close,Volume,Dividends,Stock Splits,Ticker,Return,MA_5,MA_20,RSI,MACD_diff,Volume_Change,국내총생산,기준금리,실업률,소비자물가지수(CPI),근원 소비자물가지수,개인소비지출,소비자심리지수,신규 실업수당청구건수,10년 국채 수익률,경기선행지수,UpdatedAt,Target_1D,Target_20D,Return_1D,Return_20D,Predicted_Return_GB_1D,Predicted_Return_GB_20D,Predicted_Return_Dense_LSTM,예측종가_GB_1D,예측종가_GB_20D,예측종가_Dense_LSTM
2025-05-01,208.56948083895412,214.0360957896086,208.3899124386699,212.79913330078125,57365700,0.0,0.0,AAPL,0.0038588738658813515,210.77408447265626,199.06773376464844,54.817152836998574,2.8741365872936506,0.09714170961911783,30353.902,4.33,4.2,320.58,326.854,20617.5,52.2,229000,4.42,1.72,2025-09-15 21:20:38,204.8485870361328,200.622314453125,-0.03736174175771067,-0.057222126137350886,0.017514664149680136,0.0964619277987295,0.11493218,216.52623865188747,233.32614793287343,237.25660147632152
2025-05-02,205.58677037884885,206.48458191182934,201.66637387157866,204.8485870361328,101010600,0.0,0.0,AAPL,-0.037361741757710676,209.99000549316406,199.17547073364258,48.052655838393285,2.2317307753102704,0.7608187470910317,30353.902,4.33,4.2,320.58,326.854,20617.5,52.2,229000,4.42,1.72,2025-09-15 21:20:38,198.40435791015625,201.47134399414062,-0.03145849927117085,-0.01648653325295567,0.009922604809794202,0.11005064721920953,0.13675782,206.8812186111371,227.3923066213998,232.86323950726364
2025-05-05,202.6040848015313,203.60164304236298,197.72602561272546,198.40435791015625,69018500,0.0,0.0,AAPL,-0.03145849927117084,207.74549865722656,199.6996871948242,43.379966252566554,1.327759074194934,-0.31672022540208655,30353.902,4.33,4.2,320.58,326.854,20617.5,52.2,229000,4.42,1.72,2025-09-15 21:20:38,198.02528381347656,203.03956604003906,-0.0019106137620794811,0.02336243104086343,0.02243492733533065,0.10900525056026124,0.20725547,202.85554526288354,220.03147465640058,239.5247488733803
2025-05-06,197.72602851406054,200.1600578713198,196.538931754607,198.02528381347656,51216500,0.0,0.0,AAPL,-0.0019106137620794605,205.21169738769532,200.55010528564452,43.11437762472196,0.6912684246134555,-0.25793084462861404,30353.902,4.33,4.2,320.58,326.854,20617.5,52.2,229000,4.42,1.72,2025-09-15 21:20:38,195.7707977294922,202.590087890625,-0.01138483955466977,0.023051622445586825,0.03496867002793737,0.11906337629509339,0.16577426,204.9499646203387,221.6028426961032,230.85277200344535
2025-05-07,198.6836658614824,198.95301083885846,192.77812311451905,195.7707977294922,68536700,0.0,0.0,AAPL,-0.011384839554669735,201.96963195800782,201.7386962890625,41.48753324118485,0.13453565547193946,0.3381761736940243,30353.902,4.33,4.2,320.58,326.854,20617.5,52.2,229000,4.42,1.72,2025-09-15 21:20:38,197.00778198242188,200.40257263183594,0.006318533035958203,0.023659171623460106,0.026055990693486995,0.11405486097012055,0.16707706,200.87179981318835,218.09940884653903,228.47960793173115
2025-05-08,197.2372161152265,199.56152863729463,194.20463054641704,197.00778198242188,50478900,0.0,0.0,AAPL,0.006318533035958307,198.81136169433594,201.6708625793457,42.763669272441106,-0.12051072144307362,-0.2634763564630337,30353.902,4.33,4.2,320.58,326.854,20617.5,52.2,229000,4.42,1.72,2025-09-15 21:20:38,198.0452423095703,203.68882751464844,0.00526608805352169,0.033912597081178664,0.040445110910557636,0.11289569811253085,0.1766516,204.9757835749439,219.24911306292867,231.80952129557772
2025-05-09,198.51409591462888,200.0503289543839,197.05765414160055,198.0452423095703,36453900,0.0,0.0,AAPL,0.0052660880535218,197.45069274902343,202.07537307739258,43.869377229235006,-0.1855544423332658,-0.2778388594046225,30353.902,4.33,4.2,320.58,326.854,20617.5,52.2,229000,4.42,1.72,2025-09-15 21:20:38,210.55104064941406,201.2216339111328,0.06314616899655469,0.016038717035158002,0.040035908458757326,0.1109390804481902,0.18131047,205.97416350136868,220.01619937853306,233.95290743455917
2025-05-12,210.7308445260501,211.03050749278242,206.5156271207593,210.55104064941406,63775800,0.26,0.0,AAPL,0.06314616899655467,199.880029296875,202.7196174621582,55.12351215012277,0.6042069758878976,0.7494918239200743,30353.902,4.33,4.2,320.58,326.854,20617.5,52.2,229000,4.42,1.72,2025-09-15 21:20:38,212.68861389160156,202.44024658203125,0.010152280585241783,-0.03852174770718895,0.030401747734233712,0.08104326039484491,0.2018895,216.95216027241796,227.6147834631701,253.05908811267727
2025-05-13,210.19144790738707,213.1580823159532,208.76307628033234,212.68861389160156,51909300,0.0,0.0,AAPL,0.010152280585241868,202.8126953125,203.2527732849121,56.72080907837076,1.2252900828299231,-0.18606587451666623,30353.902,4.33,4.2,320.58,326.854,20617.5,52.2,229000,4.42,1.72,2025-09-15 21:20:38,212.08929443359375,198.55465698242188,-0.0028178257737542095,-0.06645375439036512,0.0278484055891561,0.07272326443716351,0.20157829,218.6116526754503,228.1560242024143,255.5620144885488
2025-05-14,212.18917192393894,213.69746987061376,210.34127831689767,212.08929443359375,49325800,0.0,0.0,AAPL,-0.0028178257737542234,206.0763946533203,203.77491760253906,56.11770982331722,1.5306359071514817,-0.04976950180410833,30353.902,4.33,4.2,320.58,326.854,20617.5,52.2,229000,4.42,1.72,2025-09-15 21:20:38,211.21029663085938,198.97418212890625,-0.00414447039904503,-0.061837691240912256,0.015226678186200096,0.07303126156253238,0.2586746,215.31870986667232,227.57844316998649,266.9514124128036
2025-05-15,210.71086343228015,212.71859464512332,209.30245815432872,211.21029663085938,45029500,0.0,0.0,AAPL,-0.004144470399044975,208.91689758300782,204.64565048217773,55.19082167408499,1.600739939474116,-0.0871004626382137,30353.902,4.33,4.2,320.58,326.854,20617.5,52.2,229000,4.42,1.72,2025-09-15 21:20:38,211.0205078125,196.227294921875,-0.0008985774907133266,-0.07093878446262855,0.015226678186200096,0.08697715607427296,0.31336623,214.42632784726933,229.5807675654151,277.39645934287546
2025-05-16,212.11926693678467,212.32903558469047,209.53220664773164,211.0205078125,54737900,0.0,0.0,AAPL,-0.0008985774907133148,211.51195068359374,205.37172470092773,54.97966878626022,1.560059301893414,0.21560088386502185,30353.902,4.33,4.2,320.58,326.854,20617.5,52.2,229000,4.42,1.72,2025-09-15 21:20:38,208.54331970214844,198.195068359375,-0.011739087049077909,-0.06077816599949094,0.021151396374011963,0.08795760652588878,0.3454805,215.4838862162875,229.5813666075651,283.92396613257006
2025-05-19,207.67431083672193,209.24252311349682,204.02843943795537,208.54331970214844,46140500,0.0,0.0,AAPL,-0.01173908704907789,211.11040649414062,206.1644729614258,52.17387157751336,1.3025413559668633,-0.15706484903512918,30353.902,4.33,4.2,320.58,326.854,20617.5,52.2,229000,4.42,1.72,2025-09-15 21:20:38,206.62550354003906,195.418212890625,-0.00919624836148428,-0.06293707624041539,0.013345139525283626,0.10177560772467392,0.3560488,211.32635940063946,229.76794280175554,282.79492310210117
2025-05-20,207.4345828831543,208.2336790492342,204.79757620413463,206.62550354003906,42496600,0.0,0.0,AAPL,-0.00919624836148425,209.8977844238281,206.53313369750975,50.044538883466956,0.9553425579742428,-0.07897400331595883,30353.902,4.33,4.2,320.58,326.854,20617.5,52.2,229000,4.42,1.72,2025-09-15 21:20:38,201.86090087890625,196.35714721679688,-0.02305912183879831,-0.049695493282862956,0.01655963110396004,0.10747870974602508,0.3716991,210.0471456553321,228.8333460611452,283.4280161627503
2025-05-21,204.93741112479617,206.80528635778637,200.4824756537251,201.86090087890625,59211800,0.0,0.0,AAPL,-0.023059121838798324,207.85210571289062,206.42115783691406,45.11797156254527,0.3862815913321428,0.3933302899526079,30353.902,4.33,4.2,320.58,326.854,20617.5,52.2,229000,4.42,1.72,2025-09-15 21:20:38,201.13172912597656,200.7721405029297,-0.003612248581844526,-0.005393616947294295,0.025599462739524827,0.1047486756861952,0.37641987,207.02843148952272,223.005562918794,277.84536137466057
2025-05-22,200.48247209416806,202.52015274475195,199.4736073247078,201.13172912597656,46742400,0.0,0.0,AAPL,-0.0036122485818445016,205.83639221191407,206.0846839904785,44.3976351012842,-0.03535580905920016,-0.21058978109093118,30353.902,4.33,4.2,320.58,326.854,20617.5,52.2,229000,4.42,1.72,2025-09-15 21:20:38,195.04864501953125,201.27157592773438,-0.030244278875737413,0.0006952995550006983,0.03245857314471268,0.10438358140034147,0.3776788,207.66017806753462,222.1265793453894,277.0949335356854
2025-05-23,193.45045269257122,197.4758830409797,193.24069928507132,195.04864501953125,78432900,0.0,0.0,AAPL,-0.03024427887573744,202.64201965332032,205.3986671447754,38.82819315451441,-0.6840816405877284,0.677981875128363,30353.902,4.33,4.2,320.58,326.854,20617.5,52.2,229000,4.42,1.72,2025-09-15 21:20:38,199.98304748535156,200.07293701171875,0.025298317070217045,0.02575917403417179,0.03254925780379549,0.10812608026329887,0.35198873,201.39733365055298,216.13849046616076,263.7035820430028
2025-05-27,198.07520901450675,200.51244545494848,197.20618488735448,199.98304748535156,56288500,0.0,0.0,AAPL,0.025298317070217013,200.92996520996093,204.91647491455078,44.86960420491892,-0.7364654066428165,-0.2823356015141605,30353.902,4.33,4.2,320.58,326.854,20617.5,52.2,229000,4.42,1.72,2025-09-15 21:20:38,200.1927947998047,201.33151245117188,0.0010488254734116332,0.006742896374349358,0.044588678682982726,0.10575860022386184,0.3473666,208.9000273317196,221.1329746559044,269.4504730337394
2025-05-28,200.36260025266836,202.50017366149785,199.67338002302156,200.1927947998047,45339700,0.0,0.0,AAPL,0.0010488254734115632,199.64342346191407,204.3914001464844,45.117726445638205,-0.7121653760190798,-0.1945122005382982,30353.902,4.33,4.2,320.58,326.854,20617.5,52.2,229000,4.42,1.72,2025-09-15 21:20:38,199.72332763671875,200.7721405029297,-0.0023450752238881054,0.0028939388338344195,0.043477202115805955,0.10575860022386184,0.30737644,208.89661740144385,221.36490455273483,261.72733231538587
2025-05-29,203.3492174371598,203.57895243464628,198.28495762525483,199.72332763671875,51396800,0.0,0.0,AAPL,-0.00234507522388816,199.21590881347657,203.77851028442382,44.63352148715992,-0.6827979872478012,0.13359373793827478,30353.902,4.33,4.2,320.58,326.854,20617.5,52.2,229000,4.42,1.72,2025-09-15 21:20:38,200.622314453125,200.85205078125,0.004501160816033655,0.0056514337002451205,0.03252910943366992,0.1057930302505178,0.3267771,206.22014961787028,220.85266367912422,264.98833755664964
2025-05-30,199.14398126681596,201.73105672211125,196.55692105301176,200.622314453125,70819900,0.0,0.0,AAPL,0.004501160816033689,199.11402587890626,203.169669342041,45.83234390231949,-0.5629061928654255,0.3779048501073996,30353.902,4.33,4.2,320.58,326.854,20617.5,52.2,229000,4.42,1.72,2025-09-15 21:20:38,201.47134399414062,204.93740844726562,0.0042319795947424335,0.021508544579914305,0.03354878342804748,0.10214790852732934,0.33887982,207.35294903154653,221.11546427842393,268.6091690022149
2025-06-02,200.05295557621693,201.9008644592711,199.89313329888972,201.47134399414062,35423300,0.0,0.0,AAPL,0.00423197959474253,200.39856567382813,203.0008071899414,46.99953454767633,-0.3944655602968614,-0.4998114936620921,30353.902,4.33,4.1,321.5,327.6,20693.1,60.7,250000,4.38,1.72,2025-09-15 21:20:38,203.03956604003906,207.58441162109375,0.007783846649397673,0.03034211965713055,0.0206166789605806,0.07247356518263717,0.33912033,205.62501401302453,216.0726905755335,269.79438434656186
2025-06-03,201.1217444882778,203.5389992121068,200.7321872237246,203.03956604003906,46381600,0.0,0.0,AAPL,0.007783846649397574,201.00986938476564,203.23256759643556,49.17786660754419,-0.15762914049381305,0.3093528835540449,30353.902,4.33,4.1,321.5,327.6,20693.1,60.7,250000,4.38,1.72,2025-09-15 21:20:38,202.590087890625,212.1991729736328,-0.0022137466021052575,0.0451124237124674,0.015254559963205698,0.05961123903755668,0.41377202,206.1368452751001,215.1430061453336,287.05165071219926
2025-06-04,202.67998220748078,206.00620910456834,201.8709028727957,202.590087890625,43604000,0.0,0.0,AAPL,-0.002213746602105271,201.48932800292968,203.46080780029297,48.56180389575217,-0.01874456683144876,-0.05988581678941651,30353.902,4.33,4.1,321.5,327.6,20693.1,60.7,250000,4.38,1.72,2025-09-15 21:20:38,200.40257263183594,213.30792236328125,-0.010797740805414258,0.05290404177346835,0.009749505887115198,0.05839706406327148,0.45834804,204.5652411451858,214.4207542317576,295.44685675035
2025-06-05,203.26931435006063,204.5178973620389,199.92310578136215,200.40257263183594,55126100,0.0,0.0,AAPL,-0.010797740805414291,201.62517700195312,203.69239654541016,45.56981682951099,-0.059409616823988376,0.2642441060453169,30353.902,4.33,4.1,321.5,327.6,20693.1,60.7,250000,4.38,1.72,2025-09-15 21:20:38,203.68882751464844,209.7119903564453,0.016398266946651193,0.046453583915371764,0.008214340771065209,0.0731720136507313,0.4839349,202.048747654832,215.0664324120943,297.38436743042985
2025-06-06,202.76987228695742,205.4668084267123,201.82095228760733,203.68882751464844,46607700,0.0,0.0,AAPL,0.01639826694665114,202.2384796142578,204.02644882202148,50.50353069365293,0.13897746589315974,-0.1545257146796164,30353.902,4.33,4.1,321.5,327.6,20693.1,60.7,250000,4.38,1.72,2025-09-15 21:20:38,201.2216339111328,209.7719268798828,-0.012112562253018983,0.029864668766856662,0.01649197324790763,0.05185583317477721,0.51039875,207.0480582089177,214.251281373814,307.6513495579875
2025-06-09,204.15830357568726,205.76647909477697,199.79326227022588,201.2216339111328,72862600,0.0,0.0,AAPL,-0.012112562253018933,202.18853759765625,204.1852684020996,47.05505538308336,0.10930961643846082,0.5633167910023451,30353.902,4.33,4.1,321.5,327.6,20693.1,60.7,250000,4.38,1.72,2025-09-15 21:20:38,202.44024658203125,210.90065002441406,0.0060560718408470115,0.04810126985429347,0.006113633002568788,0.06414332257425305,0.52950054,202.45182913304274,214.12865808401287,307.76858655222895
2025-06-10,200.3726011094186,204.11835001917973,200.34263633745982,202.44024658203125,54672600,0.0,0.0,AAPL,0.00605607184084711,202.06867370605468,203.77972869873048,48.91064915954709,0.17322699833956268,-0.24964796754439178,30353.902,4.33,4.1,321.5,327.6,20693.1,60.7,250000,4.38,1.72,2025-09-15 21:20:38,198.55465698242188,212.16920471191406,-0.019193760456297837,0.04805841868968738,0.01586107546142149,0.05772936076131821,0.5487741,205.6511666094976,214.12699260957555,313.534215398824
2025-06-11,203.26930749599725,204.26817387189894,198.18508130061548,198.55465698242188,60989900,0.0,0.0,AAPL,-0.019193760456297837,201.26158752441407,203.0730308532715,43.656706811571446,-0.033681948496526726,0.1155478246873205,30353.902,4.33,4.1,321.5,327.6,20693.1,60.7,250000,4.38,1.72,2025-09-15 21:20:38,198.97418212890625,210.92062377929688,0.002112895022761998,0.06227991317257174,0.006086618823825084,0.08350866915264825,0.5672728,199.76318349516922,215.13569214108452,311.18930969257417
2025-06-12,198.85432303920933,199.45363372918547,197.13627162659284,198.97418212890625,43904600,0.0,0.0,AAPL,0.002112895022762018,200.9759094238281,202.41727523803712,44.3517616161648,-0.12467394897679851,-0.2801332679673192,30353.902,4.33,4.1,321.5,327.6,20693.1,60.7,250000,4.38,1.72,2025-09-15 21:20:38,196.227294921875,208.3834991455078,-0.013805244367089131,0.04728913528341932,0.018557011889458477,0.0824341722811919,0.5671259,202.66654839236764,215.37645413802977,311.8175975248232
2025-06-13,199.50357538920457,200.1428492549886,195.47814514596445,196.227294921875,51447300,0.0,0.0,AAPL,-0.013805244367089187,199.48360290527344,201.6681251525879,40.8025519077348,-0.34003038407940345,0.1717974881903035,30353.902,4.33,4.1,321.5,327.6,20693.1,60.7,250000,4.38,1.72,2025-09-15 21:20:38,198.195068359375,208.87295532226562,0.010028031208825663,0.0644439419369528,0.005706186005668859,0.09552729685571419,0.5710978,197.34700436608847,214.97235797507074,308.29228131996933
2025-06-16,197.07634287373045,198.46476655376847,196.33717625414866,198.195068359375,43020700,0.0,0.0,AAPL,0.010028031208825672,198.87828979492187,201.02685317993163,44.244672698805324,-0.3203930712226608,-0.1637909083664254,30353.902,4.33,4.1,321.5,327.6,20693.1,60.7,250000,4.38,1.72,2025-09-15 21:20:38,195.418212890625,209.92176818847656,-0.014010719296581577,0.05916746529655448,0.018054425293793364,0.08376181673912778,0.5663469,201.7733664146676,214.79624735389189,310.44222770404303
2025-06-17,196.97644196425614,198.16509536417735,194.98870767431248,195.418212890625,38856200,0.0,0.0,AAPL,-0.014010719296581597,197.47388305664063,200.37059783935547,40.65237811863035,-0.4565565419799382,-0.09680223706262336,30353.902,4.33,4.1,321.5,327.6,20693.1,60.7,250000,4.38,1.72,2025-09-15 21:20:38,196.35714721679688,209.78192138671875,0.004804743182752335,0.07350240432365981,0.006698804275581096,0.09658846215881457,0.5568707,196.72728125066314,214.29335755155432,304.2408896864508
2025-06-18,195.71787336797544,197.3460303816964,194.84886452825484,196.35714721679688,45394700,0.0,0.0,AAPL,0.004804743182752258,197.0343811035156,199.85718002319337,42.35660393418569,-0.44506140274669614,0.16827430371472252,30353.902,4.33,4.1,321.5,327.6,20693.1,60.7,250000,4.38,1.72,2025-09-15 21:20:38,200.7721405029297,210.9405975341797,0.022484505141329242,0.07427002543116652,0.01759066813721833,0.09442254927264852,0.55124915,199.8112006298585,214.89768962491158,304.59885702166866
2025-06-20,198.01527480684123,201.47134391409438,196.6368343380514,200.7721405029297,96813500,0.0,0.0,AAPL,0.02248450514132916,197.39397277832032,199.80274200439453,49.67457641447159,-0.11877095450677788,1.1327049192967462,30353.902,4.33,4.1,321.5,327.6,20693.1,60.7,250000,4.38,1.72,2025-09-15 21:20:38,201.27157592773438,212.23912048339844,0.00248757334336135,0.05711439820158426,0.033725984938299654,0.05993623680397294,0.5481036,207.54337868956168,212.8056670597538,310.81606765747347
2025-06-23,201.40143343464243,202.07067208145295,198.73446202428119,201.27157592773438,55814300,0.0,0.0,AAPL,0.00248757334336136,198.4028289794922,199.80973434448242,50.44105016640718,0.13811135813120456,-0.4234863939429935,30353.902,4.33,4.1,321.5,327.6,20693.1,60.7,250000,4.38,1.72,2025-09-15 21:20:38,200.07293701171875,214.15695190429688,-0.005955331300461377,0.06401984938593085,0.0197782946271173,0.05670758633119996,0.5313109,205.2523844564973,212.68520119567302,308.2093612879871
2025-06-24,202.36033429336192,203.2093768046809,199.9730442780961,200.07293701171875,54064000,0.0,0.0,AAPL,-0.005955331300461331,198.77840270996094,200.0609489440918,48.530669796634385,0.2293418795844271,-0.031359346977387514,30353.902,4.33,4.1,321.5,327.6,20693.1,60.7,250000,4.38,1.72,2025-09-15 21:20:38,201.33151245117188,213.9072265625,0.006290583115593526,0.06914623115654539,0.009969300276642366,0.06324881721969422,0.541276,202.06752419801833,212.72731363538037,308.36761168175144
2025-06-25,201.2216365357081,203.43912119943792,200.39257558111612,201.33151245117188,39525700,0.0,0.0,AAPL,0.0062905831155934955,199.9610626220703,200.1283721923828,50.64439146724091,0.36825357597623665,-0.26890907073098547,30353.902,4.33,4.1,321.5,327.6,20693.1,60.7,250000,4.38,1.72,2025-09-15 21:20:38,200.7721405029297,213.51766967773438,-0.002778362619104894,0.060527818413513186,0.01609065670897813,0.056305242696624486,0.5749489,204.571068702723,212.66753212221357,317.0868454591946
2025-06-26,201.20164572639828,202.41028074115465,199.23389299836737,200.7721405029297,50799100,0.0,0.0,AAPL,-0.0027783626191049127,200.84406127929688,200.15733947753907,49.66809239203786,0.4129124488003044,0.2852169601044383,30353.902,4.33,4.1,321.5,327.6,20693.1,60.7,250000,4.38,1.72,2025-09-15 21:20:38,200.85205078125,213.63754272460938,0.000398014774959011,0.06407961876310202,0.009316261742803974,0.0586226387801066,0.5957789,202.64258631451798,212.54193317274172,320.38795397655485
2025-06-27,201.66113009938155,202.98962419564972,199.77327327657756,200.85205078125,73188600,0.0,0.0,AAPL,0.00039801477495893245,200.86004333496095,200.21377563476562,49.8169240917223,0.4360107731089944,0.4407459974684591,30353.902,4.33,4.1,321.5,327.6,20693.1,60.7,250000,4.38,1.72,2025-09-15 21:20:38,204.93740844726562,213.80735778808594,0.020340134193924806,0.06450174123910586,0.013322691691158314,0.052409863820190916,0.61505425,203.5279407293455,211.37867941070138,324.38695818796987
2025-06-30,201.78098710410558,207.15489297707504,199.0341046248948,204.93740844726562,91912800,0.0,0.0,AAPL,0.020340134193924886,201.59320983886718,200.42953033447264,56.84303596961022,0.6990090490564891,0.2558349251112879,30353.902,4.33,4.1,321.5,327.6,20693.1,60.7,250000,4.38,1.72,2025-09-15 21:20:38,207.58441162109375,211.03050231933594,0.01291615422427502,0.02973148688780352,0.014600314501539768,0.041347396450738386,0.62469316,207.92955906372623,213.41103672192165,332.9604047668763
2025-07-01,206.4357061767528,209.95171998702364,205.90630823197938,207.58441162109375,78788900,0.0,0.0,AAPL,0.012916154224275056,203.0955047607422,200.7351837158203,60.68396721552749,1.005199556396727,-0.14278642365372396,30353.902,4.33,4.2,322.132,328.656,20802.0,61.7,228000,4.39,1.72,2025-09-15 21:20:38,212.1991729736328,208.81301879882812,0.022230770203315847,0.005918590746481321,0.016290364828193318,0.03581728994545668,0.6414573,210.96603741904724,215.0195226802835,340.74095181965095
2025-07-02,208.6731759252599,213.09814660534315,207.9040445567577,212.1991729736328,67941800,0.0,0.0,AAPL,0.022230770203315764,205.26903686523437,201.1931640625,66.31292974836904,1.4456977820542378,-0.137672946316042,30353.902,4.33,4.2,322.132,328.656,20802.0,61.7,228000,4.39,1.72,2025-09-15 21:20:38,213.30792236328125,207.33470153808594,0.0052250410504013,-0.022924082914080532,0.012422100849261828,0.032226733297688694,0.7127042,214.83513250044123,219.03765912704418,363.434410899099
2025-07-03,211.90950026104147,214.40666625629999,211.56988934364432,213.30792236328125,34955800,0.0,0.0,AAPL,0.005225041050401336,207.77619323730468,201.72905578613282,67.51628321930895,1.720245308233949,-0.48550376940263573,30353.902,4.33,4.2,322.132,328.656,20802.0,61.7,228000,4.39,1.72,2025-09-15 21:20:38,209.7119903564453,202.1505889892578,-0.016857939297312007,-0.052306230591011825,0.017036712214317292,0.032226733297688694,0.7688221,216.94198804961843,220.1821398875668,377.30376162169705
2025-07-07,212.43889126622693,215.9848699115094,208.56330013289198,209.7119903564453,50229000,0.0,0.0,AAPL,-0.016857939297312052,209.54818115234374,202.19452667236328,60.02701351979985,1.5722233532323515,0.43692892166679065,30353.902,4.33,4.2,322.132,328.656,20802.0,61.7,228000,4.39,1.72,2025-09-15 21:20:38,209.7719268798828,203.11949157714844,0.0002858039892503357,-0.03143596495408619,4.049735755924514e-05,0.036310318560189014,0.8344176,209.72048313790322,217.3266995321791,384.69936217343275
2025-07-08,209.86183643928914,211.1903153368944,208.213697736729,209.7719268798828,42848900,0.0,0.0,AAPL,0.0002858039892503772,210.51508483886718,202.498681640625,60.10644605650292,1.396828163209857,-0.14692906488283664,30353.902,4.33,4.2,322.132,328.656,20802.0,61.7,228000,4.39,1.72,2025-09-15 21:20:38,210.90065002441406,202.68995666503906,0.005380715910463875,-0.033760333521172005,0.014310016572800286,0.034710201863655414,0.90023214,212.7737666300422,217.0531528072115,398.6153442367613
2025-07-09,209.2924745188519,211.09043707809712,206.98509558510867,210.90065002441406,48749400,0.0,0.0,AAPL,0.005380715910463962,211.17833251953124,202.98263244628907,61.65190063218986,1.2784942768162946,0.13770481856010308,30353.902,4.33,4.2,322.132,328.656,20802.0,61.7,228000,4.39,1.72,2025-09-15 21:20:38,212.16920471191406,213.0082550048828,0.0060149396758765366,0.00999335459717536,0.01407664215068325,0.03323734684426255,0.8951905,213.86942300415424,217.91042807895596,399.696903597669
2025-07-10,210.27134950514616,213.23798377907798,209.7918979255535,212.16920471191406,44443600,0.0,0.0,AAPL,0.006014939675876629,211.1723388671875,203.4690803527832,63.36942799651255,1.2081383432690174,-0.08832518964335967,30353.902,4.33,4.2,322.132,328.656,20802.0,61.7,228000,4.39,1.72,2025-09-15 21:20:38,210.92062377929688,219.7805633544922,-0.005884835805047796,0.0358740027937274,0.014310016572800286,0.028385593687839793,0.90002275,215.2053495475794,218.19175354993857,403.1263147692989
2025-07-11,210.33129628612954,211.88952536572023,209.6220944658076,210.92062377929688,39765800,0.0,0.0,AAPL,-0.005884835805047839,210.69487915039062,204.08737869262694,60.49739968607815,1.0081509289189658,-0.10525249979749618,30353.902,4.33,4.2,322.132,328.656,20802.0,61.7,228000,4.39,1.72,2025-09-15 21:20:38,208.3834991455078,229.0900115966797,-0.012028812490351152,0.08614324901862085,0.009840315908513904,0.031803498411300195,0.9093321,212.99614934890596,217.6286375025722,402.71750423993944
2025-07-14,209.69201166358403,210.67091168904602,207.3047216270235,208.3834991455078,38840100,0.0,0.0,AAPL,-0.012028812490351148,210.42918090820314,204.55784454345704,55.038726506158056,0.6528670558738328,-0.02327879735853422,30353.902,4.33,4.2,322.132,328.656,20802.0,61.7,228000,4.39,1.72,2025-09-15 21:20:38,208.87295532226562,227.17999267578125,0.0023488240612374025,0.09020144880640679,0.006490428754542534,0.03129999715556774,0.92100316,209.73599740033404,214.90590207602943,400.30534852591154
2025-07-15,208.9828312368767,211.64980271899068,208.6831682659836,208.87295532226562,42296300,0.0,0.0,AAPL,0.0023488240612374867,210.2493865966797,205.19012756347655,55.866058454351766,0.410532239417539,0.08898535276685693,30353.902,4.33,4.2,322.132,328.656,20802.0,61.7,228000,4.39,1.72,2025-09-15 21:20:38,209.92176818847656,229.64999389648438,0.0050212956703405975,0.09947213387277593,0.015049559542662372,0.035363143806479765,0.91134435,212.0164013002399,216.25935967861136,399.2281304446151
2025-07-16,210.06160887608695,212.1592191902425,208.40348697906978,209.92176818847656,47490500,0.0,0.0,AAPL,0.0050212956703405975,210.0536102294922,205.77646255493164,57.66377890262121,0.28645644610808496,0.12280506805559832,30353.902,4.33,4.2,322.132,328.656,20802.0,61.7,228000,4.39,1.72,2025-09-15 21:20:38,209.78192138671875,233.3300018310547,-0.000666185326870209,0.11150932008900206,0.015049559542662372,0.034863384814204534,0.88980937,213.08099833813,217.24035157370966,396.7121244981354
2025-07-17,210.33130094399476,211.5599023237274,209.35240091776063,209.78192138671875,48068100,0.0,0.0,AAPL,-0.0006661853268702389,209.57615356445314,206.49464797973633,57.32845931072293,0.16649700029100378,0.012162432486497288,30353.902,4.33,4.2,322.132,328.656,20802.0,61.7,228000,4.39,1.72,2025-09-15 21:20:38,210.9405975341797,232.77999877929688,0.005523241182089264,0.10962850011361432,0.01574819046703125,0.034863384814204534,0.87920135,213.0856070412566,217.09562923908715,394.2224829241459
2025-07-18,210.63095139102305,211.54990664350106,209.46227954032304,210.9405975341797,48974600,0.0,0.0,AAPL,0.005523241182089356,209.58014831542968,207.22382049560548,59.43330225882413,0.13789529439877812,0.01885866094145605,30353.902,4.33,4.2,322.132,328.656,20802.0,61.7,228000,4.39,1.72,2025-09-15 21:20:38,212.23912048339844,231.58999633789062,0.006155870251615952,0.09789200867493049,0.01552463673098604,0.03624826852616091,0.8814298,214.21537368271495,218.58682895666746,396.86992442717565
2025-07-21,211.8595616297783,215.53538252867688,211.39009321998003,212.23912048339844,51377400,0.0,0.0,AAPL,0.0061558702516160135,210.3512725830078,207.79716949462892,61.71264178021998,0.17666460359411396,0.04906216691917842,30353.902,4.33,4.2,322.132,328.656,20802.0,61.7,228000,4.39,1.72,2025-09-15 21:20:38,214.15695190429688,230.88999938964844,0.009036182474420177,0.08787672538300445,0.015113021759698638,0.03624826852616091,0.88794655,215.44669492952335,219.9324211144369,400.6961271096443
2025-07-22,212.89838571641525,214.7063314773177,211.9894136266437,214.15695190429688,46404100,0.0,0.0,AAPL,0.009036182474420285,211.40807189941407,208.44143829345703,64.853623475635,0.2947485740795468,-0.09679937092963053,30353.902,4.33,4.2,322.132,328.656,20802.0,61.7,228000,4.39,1.72,2025-09-15 21:20:38,213.9072265625,230.55999755859375,-0.0011660856188711213,0.07659357078273657,0.013803362277136121,0.032291944940801315,0.9037553,217.1130378955991,221.07249640388025,407.7024337610601
2025-07-23,214.75626907170553,214.90609293027538,212.1692088371252,213.9072265625,46989300,0.0,0.0,AAPL,-0.0011660856188711044,212.20516357421874,209.1331527709961,64.11603599294776,0.3173550804146643,0.012610954635474014,30353.902,4.33,4.2,322.132,328.656,20802.0,61.7,228000,4.39,1.72,2025-09-15 21:20:38,213.51766967773438,226.00999450683594,-0.0018211487803653198,0.05657951878871992,0.014647765257446802,0.0354431168087213,0.9335797,217.040489404059,221.4887653797843,413.60666739312
2025-07-24,213.65751035981805,215.44548969662856,213.28793468034502,213.51766967773438,46022600,0.0,0.0,AAPL,-0.0018211487803653226,212.9523132324219,209.74246063232422,62.91399437996759,0.2692860526858052,-0.02057276869414948,30353.902,4.33,4.2,322.132,328.656,20802.0,61.7,228000,4.39,1.72,2025-09-15 21:20:38,213.63754272460938,224.89999389648438,0.0005614197975086854,0.053308582076272766,0.012106310651628894,0.0354431168087213,0.9739124,216.1025809164649,221.08540138484827,421.46519234216976
2025-07-25,214.45660521718813,214.9960015887686,213.15807589620647,213.63754272460938,40268800,0.0,0.0,AAPL,0.0005614197975087887,213.4917022705078,210.3857307434082,63.14298009959898,0.21133569801318552,-0.1250211852437716,30353.902,4.33,4.2,322.132,328.656,20802.0,61.7,228000,4.39,1.72,2025-09-15 21:20:38,213.80735778808594,227.75999450683594,0.000794874633507012,0.06610472860770163,0.015113021759698638,0.034775413506768035,0.9993741,216.86625155649494,221.06687661342747,427.1413806558485
2025-07-28,213.78737619229818,214.60645396318566,212.81847455673218,213.80735778808594,37858000,0.0,0.0,AAPL,0.0007948746335069146,213.80534973144532,211.03349609375,63.48692282267401,0.15293527841692933,-0.059867689129052715,30353.902,4.33,4.2,322.132,328.656,20802.0,61.7,228000,4.39,1.72,2025-09-15 21:20:38,211.03050231933594,227.16000366210938,-0.012987651582609547,0.062451760370463225,0.015113021759698638,0.034775413506768035,1.009999,217.03863303872095,221.24259706595612,429.7525832124411
2025-07-29,213.93719187335407,214.5664825639156,210.58101550100253,211.03050231933594,51411700,0.0,0.0,AAPL,-0.012987651582609505,213.18005981445313,211.33815078735353,54.52637996521485,-0.09108398649908978,0.3580141581700036,30353.902,4.33,4.2,322.132,328.656,20802.0,61.7,228000,4.39,1.72,2025-09-15 21:20:38,208.81301879882812,229.30999755859375,-0.010507881543836105,0.08662015698373728,0.0056898485408515085,0.034960335723615635,1.0203553,212.23123391503276,218.40819952834318,426.3565779128112
2025-07-30,211.65977882345743,212.14922883427738,207.48452469073794,208.81301879882812,45512500,0.0,0.0,AAPL,-0.010507881543836084,212.16121826171874,211.39958114624022,48.624419672343286,-0.40274824476571514,-0.11474430917475986,30353.902,4.33,4.2,322.132,328.656,20802.0,61.7,228000,4.39,1.72,2025-09-15 21:20:38,207.33470153808594,230.49000549316406,-0.007079622090835286,0.10381051343939285,0.0063095189019592175,0.05312000887268049,1.0134586,210.13052848791452,219.90516821015305,420.43639538555
2025-07-31,208.25365677749065,209.60211724381097,206.92516266487007,207.33470153808594,80698400,0.0,0.0,AAPL,-0.007079622090835236,210.92462463378905,211.1563575744629,45.11824351798604,-0.6923833103556016,0.77310409228234,30353.902,4.33,4.2,322.132,328.656,20802.0,61.7,228000,4.39,1.72,2025-09-15 21:20:38,202.1505889892578,232.55999755859375,-0.025003593273921102,0.12166461201804224,0.00667362625102579,0.07303573082539606,0.94049543,208.71837584501912,222.47754299038544,402.3320534682571
2025-08-01,210.63095505795985,213.33788973606855,201.27158167093614,202.1505889892578,104434500,0.0,0.0,AAPL,-0.0250035932739211,208.62723388671876,210.5984909057617,35.46154957600861,-1.1879448722677295,0.29413346485184344,30353.902,4.33,4.3,323.364,329.793,20802.0,61.7,227000,4.26,1.72,2025-09-15 21:20:38,203.11949157714844,232.13999938964844,0.004792974350137125,0.1483518329099909,0.009740449776355655,0.09431630159568306,0.86343527,204.11962664856839,221.21668490811365,376.69453705084015
2025-08-04,204.27816503495924,207.64435521756303,201.4513712516652,203.11949157714844,75109300,0.0,0.0,AAPL,0.004792974350137147,206.48966064453126,210.26886596679688,38.1269836747458,-1.3912203985428004,-0.28079992722711367,30353.902,4.33,4.3,323.364,329.793,20802.0,61.7,227000,4.26,1.72,2025-09-15 21:20:38,202.68995666503906,229.72000122070312,-0.0021146907604690903,0.13095990659001494,0.020914348710093705,0.09359526176602298,0.7465322,207.3676034538099,222.13051356109315,354.7547328460241
2025-08-05,203.1694082424696,205.1072113881769,201.93082373064988,202.68995666503906,44155100,0.0,0.0,AAPL,-0.0021146907604691068,204.82155151367186,209.91476745605468,37.38975025198928,-1.4867148027596166,-0.4121220674403836,30353.902,4.33,4.3,323.364,329.793,20802.0,61.7,227000,4.26,1.72,2025-09-15 21:20:38,213.0082550048828,238.47000122070312,0.050906806186236164,0.17652598650851445,0.017910011597601937,0.09352908106556691,0.68036723,206.32013613962732,221.64736205313974,340.59356130753804
2025-08-06,205.39689808550258,215.1358452662651,205.35693489516686,213.0082550048828,108483100,0.0,0.0,AAPL,0.05090680618623611,205.6605987548828,210.02014770507813,58.2661406921053,-0.8203579802631528,1.4568645524526045,30353.902,4.33,4.3,323.364,329.793,20802.0,61.7,227000,4.26,1.72,2025-09-15 21:20:38,219.7805633544922,239.77999877929688,0.03179364268982971,0.12568406690999073,0.025731334809698626,0.0379136901889539,0.64376247,218.48924173164312,221.0841839928276,350.1349752263395
2025-08-07,218.63187314031333,220.59964108330854,216.33447747046458,219.7805633544922,90224800,0.0,0.0,AAPL,0.03179364268982976,208.14977111816407,210.40071563720704,66.22600605601548,0.06415387056935129,-0.16830547799611184,30353.902,4.33,4.3,323.364,329.793,20802.0,61.7,227000,4.26,1.72,2025-09-15 21:20:38,229.0900115966797,239.69000244140625,0.04235792328538146,0.09058780623289873,0.014367412679414488,0.030745720929572257,0.56655765,222.93824140712036,226.5378752211336,344.298921920712
2025-08-08,220.57966572513484,230.73813503605493,219.00145500716468,229.0900115966797,113854000,0.0,0.0,AAPL,0.04235792328538146,213.53765563964845,211.30918502807617,73.66243851986295,1.2008016150653662,0.26189251735664687,30353.902,4.33,4.3,323.364,329.793,20802.0,61.7,227000,4.26,1.72,2025-09-15 21:20:38,227.17999267578125,237.8800048828125,-0.008337416841468789,0.03836916862882646,0.011077056679092319,0.014584075507175607,0.6273437,231.62765463975003,232.43107762374538,372.8081767115582
2025-08-11,227.9199981689453,229.55999755859375,224.75999450683594,227.17999267578125,61806100,0.26,0.0,AAPL,-0.008337416841468825,218.349755859375,212.24900970458984,70.24503500855872,1.7171612466328328,-0.45714599399230593,30353.902,4.33,4.3,323.364,329.793,20802.0,61.7,227000,4.26,1.72,2025-09-15 21:20:38,229.64999389648438,234.35000610351562,0.010872441677679664,0.03156093696141201,0.008101772773209674,0.019571717048137628,0.72656107,229.0205533550599,231.6262952114296,392.24013112069224
2025-08-12,228.00999450683594,230.8000030517578,227.07000732421875,229.64999389648438,55626200,0.0,0.0,AAPL,0.010872441677679756,223.74176330566405,213.2878616333008,72.05080977918121,2.093276775948043,-0.09998851246074414,30353.902,4.33,4.3,323.364,329.793,20802.0,61.7,227000,4.26,1.72,2025-09-15 21:20:38,233.3300018310547,226.7899932861328,0.016024419910192073,-0.012453736931692317,0.012884945520186108,0.013611593586301148,0.8053362,232.60902155655162,232.77589628049984,414.5954557975274
2025-08-13,231.07000732421875,235.0,230.42999267578125,233.3300018310547,69878500,0.0,0.0,AAPL,0.01602441991019199,227.80611267089844,214.4582733154297,74.53082988694067,2.4342222218870475,0.2562155962478112,30353.902,4.33,4.3,323.364,329.793,20802.0,61.7,227000,4.26,1.72,2025-09-15 21:20:38,232.77999877929688,230.02999877929688,-0.0023571895917441797,-0.014143072154721098,0.011320875279603421,0.00540390336702265,0.87531483,235.9715016807737,234.5908946135769,437.5672131222291
2025-08-14,234.05999755859375,235.1199951171875,230.85000610351562,232.77999877929688,51916300,0.0,0.0,AAPL,-0.0023571895917441354,230.40599975585937,215.6081771850586,73.48137380830637,2.4597533133551055,-0.25704902080038927,30353.902,4.33,4.3,323.364,329.793,20802.0,61.7,227000,4.26,1.72,2025-09-15 21:20:38,231.58999633789062,234.07000732421875,-0.005112133549474385,0.005541749942807399,0.006817824534634928,0.006241864989288914,0.9228927,234.36705196614665,234.23298010388405,447.61095796222435
2025-08-15,234.0,234.27999877929688,229.33999633789062,231.58999633789062,56038700,0.0,0.0,AAPL,-0.005112133549474374,230.90599670410157,216.64064712524413,71.14709400232618,2.2398008747792435,0.07940473415863614,30353.902,4.33,4.3,323.364,329.793,20802.0,61.7,227000,4.26,1.72,2025-09-15 21:20:38,230.88999938964844,236.6999969482422,-0.003022569883462883,0.022064858979901937,0.006201522178389668,0.012824551290010193,0.95610666,233.02620683647325,234.5600341241792,453.0147348628525
2025-08-18,231.6999969482422,233.1199951171875,230.11000061035156,230.88999938964844,37476200,0.0,0.0,AAPL,-0.0030225698834628334,231.647998046875,217.57319107055665,69.74359232386293,1.9036804322352125,-0.33124430081354495,30353.902,4.33,4.3,323.364,329.793,20802.0,61.7,227000,4.26,1.72,2025-09-15 21:20:38,230.55999755859375,236.6999969482422,-0.0014292599589719717,0.022064858979901937,0.006817824534634928,0.014081691708446977,0.98676705,232.464166892289,234.14132117961697,458.72464379403027
2025-08-19,231.27999877929688,232.8699951171875,229.35000610351562,230.55999755859375,39402600,0.0,0.0,AAPL,-0.001429259958971918,231.8299987792969,218.3933433532715,69.05202088378157,1.5316414755858485,0.051403290621781395,30353.902,4.33,4.3,323.364,329.793,20802.0,61.7,227000,4.26,1.72,2025-09-15 21:20:38,226.00999450683594,236.6999969482422,-0.019734572779050667,0.022064858979901937,0.012826658671602256,0.015805745287962754,0.9922339,233.51731195060327,234.2041701535982,459.3294367598355
2025-08-20,229.97999572753906,230.47000122070312,225.77000427246094,226.00999450683594,42263900,0.0,0.0,AAPL,-0.019734572779050663,230.36599731445312,218.99848175048828,60.18992293565337,0.8837908470702622,0.07261703542405828,30353.902,4.33,4.3,323.364,329.793,20802.0,61.7,227000,4.26,1.72,2025-09-15 21:20:38,224.89999389648438,236.6999969482422,-0.004911289931109614,0.022064858979901937,0.0034616831655579416,0.028133464413016625,0.99484915,226.79236950006808,232.3684386442801,450.8558578678785
2025-08-21,226.27000427246094,226.52000427246094,223.77999877929688,224.89999389648438,30621200,0.0,0.0,AAPL,-0.004911289931109564,228.7899963378906,219.56759796142578,58.2266609763998,0.31454678768279987,-0.2754762338544242,30353.902,4.33,4.3,323.364,329.793,20802.0,61.7,227000,4.26,1.72,2025-09-15 21:20:38,227.75999450683594,236.6999969482422,0.01271676606477787,0.022064858979901937,0.009507769288978741,0.031328184938872836,0.99191433,227.03829115154485,231.94570249802481,447.98150768446794
2025-08-22,226.1699981689453,229.08999633789062,225.41000366210938,227.75999450683594,42477800,0.0,0.0,AAPL,0.012716766064777785,228.02399597167968,220.27372055053712,61.69365264788667,0.07705180468998307,0.38720233041161034,30353.902,4.33,4.3,323.364,329.793,20802.0,61.7,227000,4.26,1.72,2025-09-15 21:20:38,227.16000366210938,236.6999969482422,-0.002634311815934622,0.022064858979901937,0.01619268442383801,0.025466075969148693,0.94677806,231.4480402222602,233.56014782967992,443.39816002517546
2025-08-25,226.47999572753906,229.3000030517578,226.22999572753906,227.16000366210938,30983100,0.0,0.0,AAPL,-0.0026343118159346535,227.2779968261719,220.94135284423828,60.558146825544284,-0.16104359295704018,-0.2706048806670779,30353.902,4.33,4.3,323.364,329.793,20802.0,61.7,227000,4.26,1.72,2025-09-15 21:20:38,229.30999755859375,236.6999969482422,0.009464667467088076,0.022064858979901937,0.008214159559776201,0.032634602638202594,0.9220886,229.0259321777893,234.57328011691493,436.6216586502269
2025-08-26,226.8699951171875,229.49000549316406,224.69000244140625,229.30999755859375,54575100,0.0,0.0,AAPL,0.009464667467088184,227.0279968261719,221.85532760620117,63.173816409558974,-0.2111693120562661,0.7614473696950919,30353.902,4.33,4.3,323.364,329.793,20802.0,61.7,227000,4.26,1.72,2025-09-15 21:20:38,230.49000549316406,236.6999969482422,0.005145907056532913,0.022064858979901937,0.01311204490856435,0.027817219417553583,0.8949928,232.31672054456484,235.68876407531985,434.5408008468803
2025-08-27,228.61000061035156,230.89999389648438,228.25999450683594,230.49000549316406,31259500,0.0,0.0,AAPL,0.00514590705653295,227.9239990234375,222.93917694091797,64.56286228881463,-0.2022725456434804,-0.42722047233994986,30353.902,4.33,4.3,323.364,329.793,20802.0,61.7,227000,4.26,1.72,2025-09-15 21:20:38,232.55999755859375,236.6999969482422,0.008980832210059016,0.022064858979901937,0.01735497479798123,0.027817219417553583,0.90333724,234.4901537296845,236.90159654952055,438.7002109534478
2025-08-28,230.82000732421875,233.41000366210938,229.33999633789062,232.55999755859375,38074700,0.0,0.0,AAPL,0.008980832210059075,229.45599975585938,224.20044174194337,66.92004487860501,-0.0995902838506364,0.21802012188294762,30353.902,4.33,4.3,323.364,329.793,20802.0,61.7,227000,4.26,1.72,2025-09-15 21:20:38,232.13999938964844,236.6999969482422,-0.0018059776976025014,0.022064858979901937,0.012272591912261795,0.02144273628463129,0.90350443,235.41411150374694,237.54672025659715,442.67897202208405
2025-08-29,232.50999450683594,233.3800048828125,231.3699951171875,232.13999938964844,39418400,0.0,0.0,AAPL,-0.00180597769760249,230.33200073242188,225.69991226196288,65.96133451587224,-0.10218623760274959,0.03529115134196714,30353.902,4.33,4.3,323.364,329.793,20802.0,61.7,227000,4.26,1.72,2025-09-15 21:20:38,229.72000122070312,236.6999969482422,-0.010424735828844948,0.022064858979901937,0.009964511728560924,0.022110439586584558,0.93339556,234.4531611362347,237.27271682178304,448.8184590126293
2025-09-02,229.25,230.85000610351562,226.97000122070312,229.72000122070312,44075600,0.0,0.0,AAPL,-0.010424735828844955,230.84400024414063,227.02993774414062,60.57632535132107,-0.29803487762492153,0.11814787003023963,30353.902,4.33,4.3,323.364,329.793,20802.0,61.7,263000,4.26,1.72,2025-09-15 21:20:38,238.47000122070312,236.6999969482422,0.03808984830882641,0.022064858979901937,0.003965348118296831,0.04046173461701592,0.95623344,230.63092099527879,239.0148709463158,449.38596233747376
2025-09-03,237.2100067138672,238.85000610351562,234.36000061035156,238.47000122070312,66427800,0.0,0.0,AAPL,0.038089848308826335,232.6760009765625,228.81893997192384,70.08572656472163,0.10877862162211027,0.5071331984136347,30353.902,4.33,4.3,323.364,329.793,20802.0,61.7,263000,4.26,1.72,2025-09-15 21:20:38,239.77999877929688,236.6999969482422,0.005493343195739543,0.022064858979901937,0.00886992770461458,0.03102728994001428,0.96447164,240.58521289125008,245.86907909057345,468.467539746307
2025-09-04,238.4499969482422,239.89999389648438,236.74000549316406,239.77999877929688,47549400,0.0,0.0,AAPL,0.005493343195739575,234.53399963378905,230.15752716064452,71.20555600952821,0.396951735308666,-0.28419426806246784,30353.902,4.33,4.3,323.364,329.793,20802.0,61.7,263000,4.26,1.72,2025-09-15 21:20:38,239.69000244140625,236.6999969482422,-0.0003753287945149305,0.022064858979901937,0.01222433411398826,0.02881165668122679,0.9526541,242.7111495982267,246.68845778315097,468.2074033027675
2025-09-05,240.0,241.32000732421875,238.49000549316406,239.69000244140625,54870400,0.0,0.0,AAPL,-0.00037532879451496193,235.96000061035156,231.15299911499022,71.00889186217425,0.5054077698366797,0.1539661909508847,30353.902,4.33,4.3,323.364,329.793,20802.0,61.7,263000,4.26,1.72,2025-09-15 21:20:38,237.8800048828125,236.6999969482422,-0.007551410322323374,0.022064858979901937,0.011608031757742998,0.02291039986214183,0.95664173,242.47233160175958,245.1813962402966,468.9874476280238
2025-09-08,239.3000030517578,240.14999389648438,236.33999633789062,237.8800048828125,48999500,0.0,0.0,AAPL,-0.007551410322323426,237.10800170898438,231.59249877929688,67.00087429597039,0.3846167900918198,-0.10699575727532518,30353.902,4.33,4.3,323.364,329.793,20802.0,61.7,263000,4.26,1.72,2025-09-15 21:20:38,234.35000610351562,236.6999969482422,-0.014839409394815962,0.022064858979901937,0.003373805661085774,0.03178811320968623,0.992203,238.68256578994522,245.44176140834804,473.9052587033075
2025-09-09,237.0,238.77999877929688,233.36000061035156,234.35000610351562,66313900,0.0,0.0,AAPL,-0.014839409394815983,238.03400268554688,231.95099945068358,59.89980809400678,0.015827206675789185,0.3533587077419158,30353.902,4.33,4.3,323.364,329.793,20802.0,61.7,263000,4.26,1.72,2025-09-15 21:20:38,226.7899932861328,236.6999969482422,-0.032259494860194075,0.022064858979901937,0.005430536160695462,0.03470687479886132,1.0130868,235.62265228591997,242.48356242446272,471.76690288425016
2025-09-10,232.19000244140625,232.4199981689453,225.9499969482422,226.7899932861328,83440800,0.0,0.0,AAPL,-0.03225949486019408,235.6980010986328,231.80799942016603,48.133870581401005,-0.7462926920999324,0.2582701364269029,30353.902,4.33,4.3,323.364,329.793,20802.0,61.7,263000,4.26,1.72,2025-09-15 21:20:38,230.02999877929688,236.6999969482422,0.014286368839370542,0.022064858979901937,0.003417460276734817,0.06026128137645503,1.003691,227.5650390793491,240.4566488849128,454.41705891753736
2025-09-11,226.8800048828125,230.4499969482422,226.64999389648438,230.02999877929688,50208600,0.0,0.0,AAPL,0.014286368839370622,233.7480010986328,231.64299926757812,52.44512860991725,-1.0240599382595104,-0.3982727874133517,30353.902,4.33,4.3,323.364,329.793,20802.0,61.7,263000,4.26,1.72,2025-09-15 21:20:38,234.07000732421875,236.6999969482422,0.017562963814985174,0.022064858979901937,0.013886784906516934,0.05386665096212338,0.93947583,233.22437589439133,242.42094443435892,446.1376101016722
2025-09-12,229.22000122070312,234.50999450683594,229.02000427246094,234.07000732421875,55776500,0.0,0.0,AAPL,0.017562963814985233,232.6240020751953,231.7074996948242,57.220202751936355,-0.9302949416417032,0.11089534462223605,30353.902,4.33,4.3,323.364,329.793,20802.0,61.7,263000,4.26,1.72,2025-09-15 21:20:38,236.6999969482422,236.6999969482422,0.01123591037608054,0.022064858979901937,0.013066576521247944,0.040204196908615986,0.8464191,237.1285009862497,243.48060398908282,432.1913313226687
2025-09-15,237.0,238.19000244140625,235.02999877929688,236.6999969482422,42583729,0.0,0.0,AAPL,0.011235910376080627,232.38800048828125,231.9629997253418,60.03363337641516,-0.6964398322077825,-0.23652920136616673,30353.902,4.33,4.3,323.364,329.793,20802.0,61.7,263000,4.26,1.72,2025-09-15 21:20:38,236.6999969482422,236.6999969482422,0.01123591037608054,0.022064858979901937,0.013574876764233532,0.042831579026744546,0.80754197,239.91317023690905,246.83823157316104,427.84517793976374
2025-05-01,378.29998779296875,380.44000244140625,374.07000732421875,374.6300048828125,2848800,0.0,0.0,ADBE,-0.0009333993633287019,371.38600463867186,356.06950225830076,52.954256887487276,5.495024708690087,-0.13816366661624568,30353.902,4.33,4.2,320.58,326.854,20617.5,52.2,229000,4.42,1.72,2025-09-15 21:20:38,380.8699951171875,415.0899963378906,0.016656408064076242,0.1079998690113846,0.014434366652606048,0.09447824671521203,-0.67021376,380.0375517323586,410.02439091105197,123.5478210965448
2025-05-02,380.0899963378906,383.55999755859375,379.19000244140625,380.8699951171875,2340700,0.0,0.0,ADBE,0.01665640806407631,374.01600341796876,356.75050201416013,56.6554361190854,5.738922665211788,-0.178355798932884,30353.902,4.33,4.2,320.58,326.854,20617.5,52.2,229000,4.42,1.72,2025-09-15 21:20:38,381.05999755859375,403.3999938964844,0.0004988642944892241,0.059154039614920995,0.020469264476614124,0.06291880883716484,-0.654385,388.66612377844797,404.8338815317777,131.63439453525643
2025-05-05,379.2900085449219,384.5400085449219,378.3999938964844,381.05999755859375,2095600,0.0,0.0,ADBE,0.0004988642944891986,376.50400390625,358.3500015258789,56.76696707951303,5.686437650689209,-0.1047122655615842,30353.902,4.33,4.2,320.58,326.854,20617.5,52.2,229000,4.42,1.72,2025-09-15 21:20:38,382.9800109863281,412.489990234375,0.005038611872239735,0.08248043058087831,0.021191938347696213,0.06291880883716484,-0.6065463,389.13539753362875,405.0358387004734,149.92947252775048
2025-05-06,376.57000732421875,386.5199890136719,375.04998779296875,382.9800109863281,2970100,0.0,0.0,ADBE,0.00503861187223964,378.90400390625,360.46400146484376,57.944606337688256,5.548381600869443,0.41730292040465744,30353.902,4.33,4.2,320.58,326.854,20617.5,52.2,229000,4.42,1.72,2025-09-15 21:20:38,384.9700012207031,413.9100036621094,0.005196068142694894,0.08076137602096786,0.013944155993598276,0.074315494642484,-0.5737141,388.32034400195147,411.44135994096104,163.25898729282744
2025-05-07,384.70001220703125,387.8299865722656,380.95001220703125,384.9700012207031,2153000,0.0,0.0,ADBE,0.0051960681426947986,380.902001953125,362.7125015258789,59.185521762445184,5.355748282500868,-0.27510858220261947,30353.902,4.33,4.2,320.58,326.854,20617.5,52.2,229000,4.42,1.72,2025-09-15 21:20:38,383.989990234375,415.20001220703125,-0.0025456814380876527,0.07852562768649933,0.0194857879055031,0.07575571030623601,-0.5183965,392.471445014471,414.1336771097701,185.40290122528313
2025-05-08,388.29998779296875,388.7300109863281,383.3999938964844,383.989990234375,3383900,0.0,0.0,ADBE,-0.0025456814380876436,382.7739990234375,363.6800003051758,58.27360117538319,4.937259773270341,0.5717138875986996,30353.902,4.33,4.2,320.58,326.854,20617.5,52.2,229000,4.42,1.72,2025-09-15 21:20:38,383.2799987792969,416.9200134277344,-0.001848984278586974,0.0857575041819709,0.002198137765895573,0.07515345626475027,-0.48104757,384.83405313363505,412.848165171556,199.27253825693333
2025-05-09,386.17999267578125,388.7699890136719,382.3299865722656,383.2799987792969,2031300,0.0,0.0,ADBE,-0.0018489842785869293,383.25599975585936,365.3415008544922,57.58140269619923,4.405126467064428,-0.3997163036732764,30353.902,4.33,4.2,320.58,326.854,20617.5,52.2,229000,4.42,1.72,2025-09-15 21:20:38,395.94000244140625,416.260009765625,0.033030692189600405,0.08604678326906101,0.010436805559650956,0.07134696423356907,-0.4266802,387.28021760145964,410.6258631436458,219.7420094644076
2025-05-12,394.3299865722656,397.82000732421875,392.760009765625,395.94000244140625,3157700,0.0,0.0,ADBE,0.03303069218960042,386.23200073242185,367.51500091552737,65.45996464193821,4.672859790348339,0.5545217348496037,30353.902,4.33,4.2,320.58,326.854,20617.5,52.2,229000,4.42,1.72,2025-09-15 21:20:38,397.3999938964844,416.05999755859375,0.003687405783895715,0.050815767523174134,0.015005790619414029,0.04244203119079524,-0.39977366,401.8813952158923,412.7445003747079,237.6536195853514
2025-05-13,395.8999938964844,399.6700134277344,394.7099914550781,397.3999938964844,2664100,0.0,0.0,ADBE,0.003687405783895814,389.1159973144531,369.8395004272461,66.23873695413315,4.702489991323306,-0.15631630617221393,30353.902,4.33,4.2,320.58,326.854,20617.5,52.2,229000,4.42,1.72,2025-09-15 21:20:38,399.4700012207031,412.8399963378906,0.005208876084577772,0.03885254826004878,0.01698433336284423,0.03942653185658217,-0.3229858,404.1495678712146,413.0680974156496,269.0454515381898
2025-05-14,396.8500061035156,400.1199951171875,396.4200134277344,399.4700012207031,2409200,0.0,0.0,ADBE,0.005208876084577874,392.0159973144531,372.29400024414065,67.36234020591542,4.609540365716465,-0.09567959160692163,30353.902,4.33,4.2,320.58,326.854,20617.5,52.2,229000,4.42,1.72,2025-09-15 21:20:38,404.69000244140625,413.67999267578125,0.013067317207179038,0.03557211157697734,0.01698433336284423,0.04155801604726815,-0.27687642,406.2547328898914,416.07118194183533,288.86616556701483
2025-05-15,399.3500061035156,404.8500061035156,399.3500061035156,404.69000244140625,2763800,0.0,0.0,ADBE,0.01306731720717913,396.1559997558594,375.3190002441406,70.067658669535,4.635151829146181,0.14718578781338199,30353.902,4.33,4.2,320.58,326.854,20617.5,52.2,229000,4.42,1.72,2025-09-15 21:20:38,417.1300048828125,391.67999267578125,0.03073958429009473,-0.03214808788736677,0.018295308956087185,0.04155801604726815,-0.20517477,412.09393106751145,421.5081160570352,321.6578106174493
2025-05-16,414.6199951171875,421.7699890136719,412.05999755859375,417.1300048828125,5391500,0.0,0.0,ADBE,0.030739584290094824,402.9260009765625,378.7355010986328,75.31826656609758,5.183931653092701,0.9507562052246907,30353.902,4.33,4.2,320.58,326.854,20617.5,52.2,229000,4.42,1.72,2025-09-15 21:20:38,420.67999267578125,401.7300109863281,0.008510506919697793,-0.03691893106757164,0.028426195709226127,0.03394486569060857,-0.13995944,428.9874240378018,431.28942687408244,358.74871692863235
2025-05-19,413.5299987792969,421.2699890136719,413.20001220703125,420.67999267578125,3008000,0.0,0.0,ADBE,0.008510506919697791,407.8739990234375,382.6085006713867,76.58077005410833,5.452700129761697,-0.44208476305295374,30353.902,4.33,4.2,320.58,326.854,20617.5,52.2,229000,4.42,1.72,2025-09-15 21:20:38,417.6099853515625,382.67999267578125,-0.007297726009482009,-0.09032994357135178,0.022168914026980062,0.03417471131696766,-0.069593176,430.00601126628123,435.0566099823002,391.4035295338399
2025-05-20,417.8699951171875,419.1300048828125,414.2900085449219,417.6099853515625,2453000,0.0,0.0,ADBE,-0.007297726009481975,411.91599731445314,385.9934997558594,73.09849861130269,5.096973201585753,-0.1845079787234043,30353.902,4.33,4.2,320.58,326.854,20617.5,52.2,229000,4.42,1.72,2025-09-15 21:20:38,414.0299987792969,378.0400085449219,-0.008572559799430644,-0.09475342591085047,0.003185065374025344,0.03518194079292903,-0.039952435,418.940100455753,432.30231513073716,400.9254403894374
2025-05-21,414.8599853515625,422.95001220703125,412.5899963378906,414.0299987792969,2495800,0.0,0.0,ADBE,-0.008572559799430612,414.8279968261719,389.0970001220703,69.14974406608908,4.324309728381431,0.01744802282918867,30353.902,4.33,4.2,320.58,326.854,20617.5,52.2,229000,4.42,1.72,2025-09-15 21:20:38,414.3299865722656,376.9200134277344,0.0007245556936773118,-0.08963115103005947,0.003185065374025344,0.03415338849490574,0.0076766126,415.34871139221656,428.1705261761515,417.20834205167193
2025-05-22,412.510009765625,417.8999938964844,412.510009765625,414.3299865722656,1889500,0.0,0.0,ADBE,0.0007245556936772424,416.75599365234376,391.76799926757815,69.2994039341321,3.5685777252604183,-0.24292811924032376,30353.902,4.33,4.2,320.58,326.854,20617.5,52.2,229000,4.42,1.72,2025-09-15 21:20:38,407.69000244140625,380.1199951171875,-0.016025835314966416,-0.08256701798992618,0.011502339505445925,0.03331542687263948,0.028527826,419.09575074510667,428.1335669410556,426.14993271310595
2025-05-23,409.1099853515625,411.45001220703125,407.1499938964844,407.69000244140625,2087700,0.0,0.0,ADBE,-0.016025835314966375,414.8679931640625,393.7664993286133,62.11647557450713,2.4120484543382688,0.10489547499338459,30353.902,4.33,4.2,320.58,326.854,20617.5,52.2,229000,4.42,1.72,2025-09-15 21:20:38,413.1000061035156,382.3399963378906,0.013269895336437415,-0.06217961184161969,-0.006106108313627859,0.026704799554161256,0.038400162,405.2006031281158,418.5772822368395,423.345369141869
2025-05-27,412.760009765625,414.95001220703125,411.6000061035156,413.1000061035156,2680400,0.0,0.0,ADBE,0.01326989533643741,413.35199584960935,395.99049987792966,65.27463504348904,1.8284389197915,0.283900943622168,30353.902,4.33,4.2,320.58,326.854,20617.5,52.2,229000,4.42,1.72,2025-09-15 21:20:38,412.2300109863281,387.54998779296875,-0.0021060157451788914,-0.06184947454138862,0.02590811952979582,0.022142621977567608,0.027773418,423.80265043940494,422.2471233775966,424.5731896665093
2025-05-28,413.80999755859375,416.3699951171875,411.4200134277344,412.2300109863281,2246500,0.0,0.0,ADBE,-0.0021060157451788797,412.2760009765625,398.05299987792966,64.34565402869922,1.22957591984928,-0.16187882405611098,30353.902,4.33,4.2,320.58,326.854,20617.5,52.2,229000,4.42,1.72,2025-09-15 21:20:38,413.3599853515625,384.95001220703125,0.002741125913008433,-0.0661766442332158,0.013747106498556805,0.023615291993162913,0.03186114,417.8969808492584,421.964943064115,425.36414805249296
2025-05-29,414.0,415.4200134277344,410.4700012207031,413.3599853515625,1780400,0.0,0.0,ADBE,0.0027411259130083465,412.1419982910156,399.9719985961914,65.04156051348012,0.7773766591726812,-0.20747829957711994,30353.902,4.33,4.2,320.58,326.854,20617.5,52.2,229000,4.42,1.72,2025-09-15 21:20:38,415.0899963378906,385.8299865722656,0.004185240583596285,-0.06660054130755454,0.031220856758688124,0.026720024559001257,0.024612937,426.26543824399704,424.4049743118647,423.533974821039
2025-05-30,414.1400146484375,417.8599853515625,411.5299987792969,415.0899963378906,4231300,0.0,0.0,ADBE,0.004185240583596261,412.29400024414065,401.9949981689453,66.13149255629872,0.4773295580974892,1.3766007638732871,30353.902,4.33,4.2,320.58,326.854,20617.5,52.2,229000,4.42,1.72,2025-09-15 21:20:38,403.3999938964844,386.8800048828125,-0.028162573284205048,-0.06796114506241845,0.033022708630539944,0.017562437071283393,0.042250287,428.79739234240867,422.37998827749414,432.6276630868997
2025-06-02,408.8800048828125,410.0,396.7300109863281,403.3999938964844,4153700,0.0,0.0,ADBE,-0.028162573284205017,411.4359985351563,403.12149810791016,53.90213198527572,-0.5691443881504306,-0.01833951740599815,30353.902,4.33,4.1,321.5,327.6,20693.1,60.7,250000,4.38,1.72,2025-09-15 21:20:38,412.489990234375,392.1000061035156,0.02253345680571128,-0.02801186902315228,0.005014234631704652,0.0367216216791066,0.08432367,405.4227361163095,418.213495857705,437.4161516288077
2025-06-03,403.4599914550781,412.6400146484375,402.4800109863281,412.489990234375,2737500,0.0,0.0,ADBE,0.02253345680571117,411.3139953613281,404.69299774169923,60.08346387093212,-0.7011781553678116,-0.3409490333919156,30353.902,4.33,4.1,321.5,327.6,20693.1,60.7,250000,4.38,1.72,2025-09-15 21:20:38,413.9100036621094,378.4700012207031,0.003442540331530299,-0.08247470197844527,0.015732296758443284,0.026419436352420538,0.086404726,418.97940517062955,423.3877432773827,448.1310563411389
2025-06-04,411.5400085449219,415.94000244140625,410.0799865722656,413.9100036621094,1843400,0.0,0.0,ADBE,0.0034425403315303527,411.6499938964844,406.23949737548827,60.964064993086474,-0.7410193697638068,-0.32661187214611875,30353.902,4.33,4.1,321.5,327.6,20693.1,60.7,250000,4.38,1.72,2025-09-15 21:20:38,415.20001220703125,379.30999755859375,0.003116640171796762,-0.08359306563598047,0.015269061784849028,0.026419436352420538,0.09681408,420.2300210813932,424.84527265949066,453.98230181027975
2025-06-05,415.0,421.4800109863281,413.9800109863281,415.20001220703125,2275500,0.0,0.0,ADBE,0.003116640171796803,412.01799926757815,407.75099792480466,61.78877667904772,-0.7275952106943251,0.23440381903005325,30353.902,4.33,4.1,321.5,327.6,20693.1,60.7,250000,4.38,1.72,2025-09-15 21:20:38,416.9200134277344,376.92999267578125,0.004142584706489557,-0.09217249134416551,0.01465275942860377,0.026419436352420538,0.12849297,421.2838381006542,426.1693625030592,468.55028719397524
2025-06-06,417.5400085449219,419.6499938964844,415.2799987792969,416.9200134277344,2146900,0.0,0.0,ADBE,0.004142584706489538,412.3840026855469,409.39749908447266,62.91382319255966,-0.6523895993695366,-0.05651505163700288,30353.902,4.33,4.1,321.5,327.6,20693.1,60.7,250000,4.38,1.72,2025-09-15 21:20:38,416.260009765625,382.239990234375,-0.0015830462459288364,-0.08318147864439358,0.014886133850720807,0.026419436352420538,0.18282008,423.126340552664,427.93480518653877,493.14136434946704
2025-06-09,417.29998779296875,419.0,415.1499938964844,416.260009765625,3034200,0.0,0.0,ADBE,-0.0015830462459288652,414.956005859375,411.04649963378904,62.157555175795224,-0.6928023967276626,0.41329358610088973,30353.902,4.33,4.1,321.5,327.6,20693.1,60.7,250000,4.38,1.72,2025-09-15 21:20:38,416.05999755859375,373.3800048828125,-0.00048049825190718364,-0.10301254955275686,0.010450337491197276,0.026353255651964478,0.22821736,420.6100673517649,427.2298162206678,511.25777166552143
2025-06-10,416.6099853515625,419.82000732421875,414.4200134277344,416.05999755859375,2627400,0.0,0.0,ADBE,-0.0004804982519072132,415.6700073242188,412.05249938964846,61.914660501461164,-0.772629450290168,-0.1340715839430492,30353.902,4.33,4.1,321.5,327.6,20693.1,60.7,250000,4.38,1.72,2025-09-15 21:20:38,412.8399963378906,371.42999267578125,-0.007739271354126401,-0.10726819483896011,0.014886133850720807,0.026419436352420538,0.27115646,422.2535223721816,427.05206818288127,528.8773412640949
2025-06-11,415.20001220703125,416.0400085449219,410.4200134277344,412.8399963378906,3385400,0.0,0.0,ADBE,-0.007739271354126442,415.456005859375,412.8244995117187,57.98611067087742,-1.0639435948083484,0.288498135038441,30353.902,4.33,4.1,321.5,327.6,20693.1,60.7,250000,4.38,1.72,2025-09-15 21:20:38,413.67999267578125,363.3500061035156,0.0020346777088989373,-0.11987692731658128,0.005853883479892949,0.029331782181535503,0.29864487,415.256713572292,424.94932918629956,536.1325558931385
2025-06-12,411.42999267578125,416.3900146484375,410.7699890136719,413.67999267578125,6313300,0.0,0.0,ADBE,0.002034677708898869,415.152001953125,413.53499908447264,58.721918349743795,-1.2110180799611605,0.8648608731612217,30353.902,4.33,4.1,321.5,327.6,20693.1,60.7,250000,4.38,1.72,2025-09-15 21:20:38,391.67999267578125,366.989990234375,-0.0531812038036907,-0.11286502433778374,0.02290454956309755,0.02661395462844327,0.3096974,423.1551465712855,424.6896532315492,541.7956065383187
2025-06-13,392.5,399.8500061035156,383.75,391.67999267578125,10629700,0.0,0.0,ADBE,-0.053181203803690735,410.1039978027344,412.8844985961914,39.305930782466895,-2.7148111061897087,0.6836994915495858,30353.902,4.33,4.1,321.5,327.6,20693.1,60.7,250000,4.38,1.72,2025-09-15 21:20:38,401.7300109863281,364.17999267578125,0.025658748208938827,-0.07021037712989216,-0.008327041981751947,0.09602738781300028,0.31234783,388.41845693335773,429.2919992310516,514.0204115306551
2025-06-16,392.989990234375,405.0,391.1099853515625,401.7300109863281,6798300,0.0,0.0,ADBE,0.025658748208938764,407.197998046875,412.1144989013672,47.79735628252926,-2.9385928170702824,-0.3604429099598295,30353.902,4.33,4.1,321.5,327.6,20693.1,60.7,250000,4.38,1.72,2025-09-15 21:20:38,382.67999267578125,361.7699890136719,-0.047419953176451125,-0.09946984511947798,0.01432711688612026,0.05567264868154807,0.31628305,407.48564381039165,424.09538475280436,528.7903790674973
2025-06-17,397.2799987792969,399.6700134277344,381.79998779296875,382.67999267578125,6866300,0.0,0.0,ADBE,-0.04741995317645109,400.5219970703125,410.21449890136716,37.179228464046936,-4.198755933085064,0.010002500625156285,30353.902,4.33,4.1,321.5,327.6,20693.1,60.7,250000,4.38,1.72,2025-09-15 21:20:38,378.0400085449219,366.45001220703125,-0.01212497182937525,-0.042411364010087035,0.005140021487141625,0.11344051167390384,0.3128874,384.64697606083394,426.09140685228766,502.41575216963247
2025-06-18,383.989990234375,385.2699890136719,377.5400085449219,378.0400085449219,4808900,0.0,0.0,ADBE,-0.01212497182937522,393.56199951171874,408.23600006103516,35.13206050282892,-5.113258471958349,-0.2996373592764662,30353.902,4.33,4.1,321.5,327.6,20693.1,60.7,250000,4.38,1.72,2025-09-15 21:20:38,376.9200134277344,365.7900085449219,-0.002962636471992389,-0.032403977682548255,0.0121510273779597,0.08948068341618169,0.28366444,382.63358303871536,411.86728686818066,485.27652529872285
2025-06-20,380.4800109863281,382.2900085449219,373.760009765625,376.9200134277344,8126900,0.0,0.0,ADBE,-0.0029626364719923526,386.2100036621094,406.38050079345703,34.63630338822824,-5.526876297526294,0.6899706793653435,30353.902,4.33,4.1,321.5,327.6,20693.1,60.7,250000,4.38,1.72,2025-09-15 21:20:38,380.1199951171875,367.67999267578125,0.008489816341542307,-0.02451454001586117,0.0009181775182768995,0.08485155676535502,0.3225638,377.2660929102524,408.90226334309614,498.5007529799441
2025-06-23,377.5899963378906,380.2099914550781,374.239990234375,380.1199951171875,3841800,0.0,0.0,ADBE,0.008489816341542333,383.89800415039065,404.6700012207031,37.356242490565116,-5.316579062056037,-0.5272736221683545,30353.902,4.33,4.1,321.5,327.6,20693.1,60.7,250000,4.38,1.72,2025-09-15 21:20:38,382.3399963378906,372.8699951171875,0.005840264256603284,-0.019072924584682505,0.03691077113672832,0.08491773746581109,0.34637654,394.15051726145225,412.3989250680542,511.7846431556245
2025-06-24,384.9599914550781,385.0,378.510009765625,382.3399963378906,4797100,0.0,0.0,ADBE,0.005840264256603334,380.02000122070314,403.40250091552736,39.245079296270646,-4.7766705871402575,0.24865948253422876,30353.902,4.33,4.1,321.5,327.6,20693.1,60.7,250000,4.38,1.72,2025-09-15 21:20:38,387.54998779296875,372.4599914550781,0.013626592836167281,-0.025840887632590515,0.018980345442985387,0.08954686411663776,0.3503961,389.59694154505354,416.5773440363155,516.3104614586628
2025-06-25,383.6000061035156,388.04998779296875,382.0,387.54998779296875,3718800,0.0,0.0,ADBE,0.013626592836167184,380.99400024414064,402.125,43.547089678919534,-3.8567698772977206,-0.22478163890683955,30353.902,4.33,4.1,321.5,327.6,20693.1,60.7,250000,4.38,1.72,2025-09-15 21:20:38,384.95001220703125,371.69000244140625,-0.006708748981631811,-0.04092371526543561,0.011056841391632854,0.07595508521847,0.3468068,391.8350665393248,416.98638014220074,521.9549451812491
2025-06-26,387.20001220703125,389.989990234375,382.8699951171875,384.95001220703125,3139700,0.0,0.0,ADBE,-0.0067087489816317625,382.3760009765625,400.76100006103513,41.95067436675136,-3.236543603905692,-0.1557222760030117,30353.902,4.33,4.1,321.5,327.6,20693.1,60.7,250000,4.38,1.72,2025-09-15 21:20:38,385.8299865722656,370.739990234375,0.0022859445053377814,-0.03691394082880016,0.011059725984609902,0.0827956063888711,0.32527262,389.20745385981326,416.82218189711574,510.1636881956947
2025-06-27,385.44000244140625,390.30999755859375,384.4100036621094,385.8299865722656,5083800,0.0,0.0,ADBE,0.0022859445053378113,384.1579956054687,399.38450012207034,42.71610305926052,-2.607201734103845,0.6191992865560403,30353.902,4.33,4.1,321.5,327.6,20693.1,60.7,250000,4.38,1.72,2025-09-15 21:20:38,386.8800048828125,369.4700012207031,0.0027214533527455814,-0.042402057696203165,0.01411980968016304,0.08251494179815973,0.28746924,391.2778325515659,417.6667254582608,496.74425032490035
2025-06-30,387.29998779296875,390.9800109863281,384.6300048828125,386.8800048828125,4645500,0.0,0.0,ADBE,0.00272145335274554,385.50999755859374,397.97400054931643,43.670556082893704,-1.9883433783530045,-0.08621503599669533,30353.902,4.33,4.1,321.5,327.6,20693.1,60.7,250000,4.38,1.72,2025-09-15 21:20:38,392.1000061035156,370.70001220703125,0.013492558816225936,-0.041821734055969714,0.01887650601064883,0.07595508521847,0.25242937,394.1829476203828,416.26550862300866,484.5398792766937
2025-07-01,385.1000061035156,392.5799865722656,381.5199890136719,392.1000061035156,4516400,0.0,0.0,ADBE,0.013492558816226019,387.4619995117188,397.409001159668,48.28380592322419,-1.137847059487771,-0.027790334732536892,30353.902,4.33,4.2,322.132,328.656,20802.0,61.7,228000,4.39,1.72,2025-09-15 21:20:38,378.4700012207031,364.0,-0.034761552335232905,-0.07166540593242719,0.014158355544260755,0.04548372181698076,0.19429752,397.65149739883606,409.9341737055644,468.2840774712604
2025-07-02,384.6400146484375,386.8800048828125,372.7300109863281,378.4700012207031,6912200,0.0,0.0,ADBE,-0.034761552335232926,385.6460021972656,395.7080017089844,39.24576335464592,-1.387118944192732,0.530466743423966,30353.902,4.33,4.2,322.132,328.656,20802.0,61.7,228000,4.39,1.72,2025-09-15 21:20:38,379.30999755859375,357.69000244140625,0.0022194528897437893,-0.05490527310559314,0.0063459471885793164,0.08393733040802018,0.14841226,380.8717518609113,410.2377627626891,434.63957719322934
2025-07-03,378.0,383.20001220703125,377.79998779296875,379.30999755859375,2863700,0.0,0.0,ADBE,0.0022194528897436783,384.51799926757815,393.9780014038086,39.99127316744092,-1.386033790743178,-0.5857035386707561,30353.902,4.33,4.2,322.132,328.656,20802.0,61.7,228000,4.39,1.72,2025-09-15 21:20:38,376.92999267578125,347.79998779296875,-0.006274564071949751,-0.08307191998217106,0.01722359062639564,0.0791777179390563,0.07219635,385.84307767704206,409.3428975567522,406.69480036394816
2025-07-07,378.8999938964844,382.2200012207031,375.5199890136719,376.92999267578125,3545100,0.0,0.0,ADBE,-0.0062745640719497064,382.7380004882813,392.0645004272461,38.54795115722243,-1.4304204855574945,0.2379439187065684,30353.902,4.33,4.2,322.132,328.656,20802.0,61.7,228000,4.39,1.72,2025-09-15 21:20:38,382.239990234375,338.8500061035156,0.014087490148763987,-0.1010266821749586,0.013380709896124329,0.07911153723860023,0.062767476,381.97358355892413,406.7495038276966,400.5889481191116
2025-07-08,378.5,386.6000061035156,377.17999267578125,382.239990234375,3708200,0.0,0.0,ADBE,0.014087490148763981,381.80999755859375,390.33049926757815,43.45160124488952,-1.0069630218462091,0.0460071648190461,30353.902,4.33,4.2,322.132,328.656,20802.0,61.7,228000,4.39,1.72,2025-09-15 21:20:38,373.3800048828125,338.739990234375,-0.023179116727503824,-0.11380284928672026,0.013013165138633232,0.07105947435325848,0.031458214,387.21414234988447,409.4017630172243,394.26459470545524
2025-07-09,383.5,384.75,370.9100036621094,373.3800048828125,4726600,0.0,0.0,ADBE,-0.023179116727503835,378.0659973144531,388.1864990234375,38.00256845630573,-1.2144683764446125,0.2746345936033656,30353.902,4.33,4.2,322.132,328.656,20802.0,61.7,228000,4.39,1.72,2025-09-15 21:20:38,371.42999267578125,345.6199951171875,-0.005222594090551991,-0.07434787455835414,0.009031734579704444,0.08189775390260645,-0.0073855557,376.7522739842828,403.95898863485905,370.6223874673233
2025-07-10,371.989990234375,373.5,365.510009765625,371.42999267578125,4022500,0.0,0.0,ADBE,-0.005222594090552035,376.6579956054687,385.9549987792969,36.90559809584095,-1.362824865985588,-0.14896542969576443,30353.902,4.33,4.2,322.132,328.656,20802.0,61.7,228000,4.39,1.72,2025-09-15 21:20:38,363.3500061035156,338.2699890136719,-0.021753726763036583,-0.08927659132539283,0.01508204336268778,0.07911153723860023,-0.046902914,377.03191593152013,400.8143903728843,354.00885073920654
2025-07-11,368.0,371.1499938964844,362.70001220703125,363.3500061035156,3548700,0.0,0.0,ADBE,-0.02175372676303655,373.46599731445315,383.4804992675781,32.69433440338561,-1.8544253901940815,-0.11778744561839649,30353.902,4.33,4.2,322.132,328.656,20802.0,61.7,228000,4.39,1.72,2025-09-15 21:20:38,366.989990234375,341.04998779296875,0.010017845244847392,-0.06137338086130036,0.013768382732663571,0.09136253123683959,-0.045158733,368.3527480534645,396.5465823860539,346.94157624696163
2025-07-14,363.19000244140625,367.67999267578125,360.17999267578125,366.989990234375,2898700,0.0,0.0,ADBE,0.01001784524484739,371.4779968261719,381.1459991455078,36.22490451421814,-1.7832263529189731,-0.18316566630033537,30353.902,4.33,4.2,322.132,328.656,20802.0,61.7,228000,4.39,1.72,2025-09-15 21:20:38,364.17999267578125,333.6499938964844,-0.007656877935006264,-0.09084715448668865,0.01986059974090465,0.0791777179390563,-0.06399134,374.27863153933845,396.04742016760935,343.5058206584654
2025-07-15,367.0,368.32000732421875,363.8800048828125,364.17999267578125,2551000,0.0,0.0,ADBE,-0.0076568779350062455,367.8659973144531,379.7709991455078,34.71115700192642,-1.770566254449795,-0.11995032255838822,30353.902,4.33,4.2,322.132,328.656,20802.0,61.7,228000,4.39,1.72,2025-09-15 21:20:38,361.7699890136719,338.42999267578125,-0.006617616866874207,-0.07070679476597296,0.00782992435233125,0.07911153723860023,-0.049358662,367.03149446906514,392.9908317279045,346.2045540741201
2025-07-16,364.5899963378906,365.54998779296875,358.7099914550781,361.7699890136719,3592900,0.0,0.0,ADBE,-0.006617616866874232,365.543994140625,377.772998046875,33.42123019555551,-1.7656987373604158,0.4084280674245393,30353.902,4.33,4.2,322.132,328.656,20802.0,61.7,228000,4.39,1.72,2025-09-15 21:20:38,366.45001220703125,351.07000732421875,0.012936460556385481,-0.029576753225510795,0.018760750952595377,0.09474393790642793,-0.06245723,368.55706567968053,396.0455023891923,339.1748470575876
2025-07-17,360.6000061035156,366.9599914550781,359.2799987792969,366.45001220703125,3340500,0.0,0.0,ADBE,0.012936460556385532,364.547998046875,376.9614990234375,38.22234799951148,-1.3094772876944187,-0.07024965904979263,30353.902,4.33,4.2,322.132,328.656,20802.0,61.7,228000,4.39,1.72,2025-09-15 21:20:38,365.7900085449219,348.5799865722656,-0.0018010741987272642,-0.048765247754091204,0.021755252704036714,0.0791777179390563,-0.066527635,374.4222248259926,395.4646879123233,342.070970521876
2025-07-18,367.07000732421875,367.7900085449219,364.0,365.7900085449219,2459200,0.0,0.0,ADBE,-0.001801074198727215,365.03599853515624,376.3489990234375,37.80827540546782,-0.932075294550871,-0.26382278102080525,30353.902,4.33,4.2,322.132,328.656,20802.0,61.7,228000,4.39,1.72,2025-09-15 21:20:38,367.67999267578125,354.8500061035156,0.0051668555365346185,-0.02990787661184226,0.019081609300926995,0.07753213525062111,-0.08570416,372.7698705741588,394.1504889607526,334.44028758308013
2025-07-21,366.489990234375,368.2799987792969,363.1300048828125,367.67999267578125,2770400,0.0,0.0,ADBE,0.005166855536534509,365.1739990234375,375.88699798583986,39.81883168841261,-0.4590011940301677,0.1265452179570592,30353.902,4.33,4.2,322.132,328.656,20802.0,61.7,228000,4.39,1.72,2025-09-15 21:20:38,372.8699951171875,357.239990234375,0.014115542169254702,-0.028394263080319962,0.016693858522074393,0.07385127470604856,-0.10214673,373.8179904549081,394.8336288187983,330.1226783223028
2025-07-22,368.0,374.5,368.0,372.8699951171875,2449000,0.0,0.0,ADBE,0.014115542169254702,366.91199951171876,375.52449798583984,45.07034636352161,0.2608846195528347,-0.11601212821253248,30353.902,4.33,4.2,322.132,328.656,20802.0,61.7,228000,4.39,1.72,2025-09-15 21:20:38,372.4599914550781,361.0299987792969,-0.0010995887775322789,-0.031753684911464894,0.017550201766107488,0.05896315434737497,-0.11916803,379.4139387640217,394.85558619078716,328.4358074547199
2025-07-23,373.489990234375,373.989990234375,369.260009765625,372.4599914550781,1994600,0.0,0.0,ADBE,-0.0010995887775322455,369.05,375.0304977416992,44.73821682965005,0.7397557137323547,-0.18554512045732952,30353.902,4.33,4.2,322.132,328.656,20802.0,61.7,228000,4.39,1.72,2025-09-15 21:20:38,371.69000244140625,353.42999267578125,-0.002067306640543545,-0.051092732685067616,0.01784448013176029,0.05278070642982354,-0.15162477,379.10634637247387,392.1186929209232,315.98582019906826
2025-07-24,371.8999938964844,376.0,370.6099853515625,371.69000244140625,2692100,0.0,0.0,ADBE,-0.0020673066405435536,370.097998046875,374.2374984741211,44.081237278064414,1.0178007599128858,0.3496941742705304,30353.902,4.33,4.2,322.132,328.656,20802.0,61.7,228000,4.39,1.72,2025-09-15 21:20:38,370.739990234375,353.42999267578125,-0.002555926177166983,-0.049126986590131747,0.010447255797568592,0.05356005516043289,-0.17528577,375.5731429743105,391.5977394747494,306.5380391472754
2025-07-25,372.30999755859375,372.4100036621094,369.510009765625,370.739990234375,2053200,0.0,0.0,ADBE,-0.002555926177166934,371.08799438476564,373.5269973754883,43.23758410815808,1.1415879156412974,-0.23732402213885073,30353.902,4.33,4.2,322.132,328.656,20802.0,61.7,228000,4.39,1.72,2025-09-15 21:20:38,369.4700012207031,362.0899963378906,-0.0034255517266130672,-0.0233316990999973,0.012232004453409363,0.053337325839127106,-0.19071156,375.27488344597884,390.5142698951007,300.0355891338695
2025-07-28,371.0299987792969,372.5899963378906,368.7200012207031,369.4700012207031,2984200,0.0,0.0,ADBE,-0.003425551726613074,371.44599609375,372.70899810791013,42.0782118498418,1.139178004799568,0.45343853496980313,30353.902,4.33,4.2,322.132,328.656,20802.0,61.7,228000,4.39,1.72,2025-09-15 21:20:38,370.70001220703125,363.2099914550781,0.0033291227495175642,-0.016943215267660065,0.008704795587794353,0.0586695963792366,-0.20166413,372.6861620571515,391.1466570665578,294.9611475622605
2025-07-29,370.45001220703125,376.1600036621094,369.7099914550781,370.70001220703125,4234200,0.0,0.0,ADBE,0.003329122749517577,371.0119995117187,371.8999984741211,43.654072201017556,1.214744291422841,0.41887272970980494,30353.902,4.33,4.2,322.132,328.656,20802.0,61.7,228000,4.39,1.72,2025-09-15 21:20:38,364.0,354.9100036621094,-0.018073946550855192,-0.04259511201770168,0.014944381075908895,0.04480056697321855,-0.19933379,376.2398944542972,387.3075829308853,296.8069749460483
2025-07-30,370.67999267578125,370.7200012207031,363.4800109863281,364.0,3295200,0.0,0.0,ADBE,-0.018073946550855147,369.32000122070315,370.4949981689453,37.645871755685235,0.8263790361773271,-0.2217656227858864,30353.902,4.33,4.2,322.132,328.656,20802.0,61.7,228000,4.39,1.72,2025-09-15 21:20:38,357.69000244140625,356.3500061035156,-0.017335158128004808,-0.021016466748583446,0.012072809837840745,0.05647876576193336,-0.21102631,368.394502780974,384.5582707373438,287.1864228248596
2025-07-31,362.260009765625,362.5,354.2699890136719,357.69000244140625,4513100,0.0,0.0,ADBE,-0.01733515812800479,366.52000122070314,369.4559982299805,33.03454161150138,0.19059556549421952,0.36959820344743877,30353.902,4.33,4.2,322.132,328.656,20802.0,61.7,228000,4.39,1.72,2025-09-15 21:20:38,347.79998779296875,353.9599914550781,-0.02764968151453324,-0.010428054910310623,0.017137488220755687,0.07018496793012949,-0.2439853,363.819910644928,382.7944637916843,270.4189015714146
2025-08-01,355.95001220703125,356.2900085449219,347.4599914550781,347.79998779296875,4307900,0.0,0.0,ADBE,-0.027649681514533286,361.9320007324219,367.88049774169923,27.374631148138064,-0.7958387621705239,-0.04546763865192438,30353.902,4.33,4.3,323.364,329.793,20802.0,61.7,227000,4.26,1.72,2025-09-15 21:20:38,338.8500061035156,356.70001220703125,-0.025733128244905767,0.025589490300270867,0.0134994969533649,0.07935593803823551,-0.25113884,352.49511266856024,375.39998207396667,260.45391401250527
2025-08-04,351.1600036621094,351.2099914550781,338.0400085449219,338.8500061035156,6449300,0.0,0.0,ADBE,-0.025733128244905812,355.80800170898436,365.97649841308595,23.457772171898213,-1.8885391514192449,0.49708674760324056,30353.902,4.33,4.3,323.364,329.793,20802.0,61.7,227000,4.26,1.72,2025-09-15 21:20:38,338.739990234375,345.6300048828125,-0.0003246742427592465,0.020008849512092516,-0.002335768568326283,0.0764650070639662,-0.26943868,338.0585309098819,364.7601742138459,247.55070639011137
2025-08-05,339.30999755859375,342.739990234375,337.3500061035156,338.739990234375,3909000,0.0,0.0,ADBE,-0.0003246742427592819,349.41599731445314,363.80149841308594,23.41342433250641,-2.422113559728216,-0.3938877087435846,30353.902,4.33,4.3,323.364,329.793,20802.0,61.7,227000,4.26,1.72,2025-09-15 21:20:38,345.6199951171875,348.5,0.020310577673608034,0.028812688336183827,-0.010600127404270944,0.08274628741627438,-0.2495073,335.1493031809691,366.76946682569456,254.22188715692027
2025-08-06,341.6499938964844,345.6600036621094,339.19000244140625,345.6199951171875,3347200,0.0,0.0,ADBE,0.02031057767360811,345.7399963378906,362.4134979248047,32.063271380978605,-2.1256605019085084,-0.14371962138654393,30353.902,4.33,4.3,323.364,329.793,20802.0,61.7,227000,4.26,1.72,2025-09-15 21:20:38,338.2699890136719,344.30999755859375,-0.02126614839232174,-0.0037902829034806747,0.02490995768084387,0.09442474931717879,-0.19289048,354.2293745692101,378.2550765151325,278.9531934560291
2025-08-07,344.0400085449219,347.3800048828125,332.6499938964844,338.2699890136719,4661800,0.0,0.0,ADBE,-0.02126614839232177,341.8559936523437,360.75549774169923,28.376109056708884,-2.227784114766207,0.3927461759082218,30353.902,4.33,4.3,323.364,329.793,20802.0,61.7,227000,4.26,1.72,2025-09-15 21:20:38,341.04998779296875,348.9700012207031,0.008218283825304158,0.031631574051929234,0.015609677087372433,0.0890833928767642,-0.18276589,343.5502743105243,368.4042273433955,276.44576966031855
2025-08-08,338.67999267578125,341.57000732421875,336.3699951171875,341.04998779296875,3507800,0.0,0.0,ADBE,0.008218283825304207,340.50599365234376,359.6404968261719,31.58092585564006,-1.9228235578395338,-0.24754386717576904,30353.902,4.33,4.3,323.364,329.793,20802.0,61.7,227000,4.26,1.72,2025-09-15 21:20:38,333.6499938964844,358.6600036621094,-0.021697681165074468,0.05163470605320949,0.02227529408323148,0.0799280491821809,-0.18280552,348.6469765681397,368.3094479908674,278.7041612290486
2025-08-11,334.5299987792969,343.3999938964844,332.4700012207031,333.6499938964844,4366200,0.0,0.0,ADBE,-0.021697681165074423,339.4659912109375,357.97349700927737,27.99063605512613,-2.0239779125541624,0.24471178516449066,30353.902,4.33,4.3,323.364,329.793,20802.0,61.7,227000,4.26,1.72,2025-09-15 21:20:38,338.42999267578125,354.05999755859375,0.01432638653300824,0.061171898802556614,0.01790989340213127,0.0882805258352797,-0.14168343,339.6256297207922,363.1047908026039,286.3773085718385
2025-08-12,333.5199890136719,338.760009765625,330.0400085449219,338.42999267578125,3569400,0.0,0.0,ADBE,0.014326386533008328,339.40399169921875,356.68599700927734,33.268032097663166,-1.592462814752551,-0.18249278548852554,30353.902,4.33,4.3,323.364,329.793,20802.0,61.7,227000,4.26,1.72,2025-09-15 21:20:38,351.07000732421875,350.1600036621094,0.037348978878910234,0.034660081080832496,0.025458034905763517,0.09079566328993986,-0.14512227,347.0457552424786,369.1579683379883,289.3162572498695
2025-08-13,339.5400085449219,351.760009765625,337.54998779296875,351.07000732421875,4375100,0.0,0.0,ADBE,0.03734897887891031,340.493994140625,356.1509979248047,44.790576697824896,-0.34446416289225645,0.2257242113520479,30353.902,4.33,4.3,323.364,329.793,20802.0,61.7,227000,4.26,1.72,2025-09-15 21:20:38,348.5799865722656,350.54998779296875,-0.007092661577477198,-0.001481241690833913,0.014666449863283386,0.06091778997760656,-0.11487721,356.2189579851419,372.4564162978323,310.7400594642095
2025-08-14,349.5,351.55999755859375,346.1000061035156,348.5799865722656,3745600,0.0,0.0,ADBE,-0.007092661577477233,342.5559936523438,355.2574966430664,43.20781039073844,0.38509000196010845,-0.143882425544559,30353.902,4.33,4.3,323.364,329.793,20802.0,61.7,227000,4.26,1.72,2025-09-15 21:20:38,354.8500061035156,349.3599853515625,0.017987319332087172,0.0022376464781209407,0.009643647833915614,0.0618959076273942,-0.12485826,351.9415692047196,370.15566122190086,305.05689592409544
2025-08-15,348.3299865722656,357.2900085449219,348.0,354.8500061035156,3718700,0.0,0.0,ADBE,0.017987319332087193,345.3159973144531,354.7104965209961,48.17405370775834,1.309616379254555,-0.007181759931653153,30353.902,4.33,4.3,323.364,329.793,20802.0,61.7,227000,4.26,1.72,2025-09-15 21:20:38,357.239990234375,347.1000061035156,0.006735195405808101,-0.021840213799345958,0.015211822557586683,0.02640053235158836,-0.15674165,360.2479214309208,364.2182351696128,299.2302416056191
2025-08-18,355.67999267578125,358.3900146484375,353.0,357.239990234375,2923000,0.0,0.0,ADBE,0.0067351954058081365,350.03399658203125,354.1884963989258,49.96994948353598,2.057282686243779,-0.21397262484201474,30353.902,4.33,4.3,323.364,329.793,20802.0,61.7,227000,4.26,1.72,2025-09-15 21:20:38,361.0299987792969,347.1000061035156,0.010609138530194668,-0.021840213799345958,0.014911817107402211,0.023449180929813827,-0.15808983,362.5670876322002,365.6169754007458,300.76398570665333
2025-08-19,359.2200012207031,364.239990234375,358.1199951171875,361.0299987792969,2808000,0.0,0.0,ADBE,0.01060913853019474,354.5539978027344,353.59649658203125,52.765230917835886,2.7395599482480275,-0.03934314060896338,30353.902,4.33,4.3,323.364,329.793,20802.0,61.7,227000,4.26,1.72,2025-09-15 21:20:38,353.42999267578125,347.1000061035156,-0.02105089917517249,-0.021840213799345958,0.015254263587615035,0.013539290138971769,-0.18956466,366.5372455437126,365.91808868164236,292.59147512151503
2025-08-20,361.67999267578125,363.0,353.20001220703125,353.42999267578125,3727900,0.0,0.0,ADBE,-0.021050899175172444,355.0259948730469,352.6449966430664,47.08418742991708,2.6119583851776937,0.3275997150997152,30353.902,4.33,4.3,323.364,329.793,20802.0,61.7,227000,4.26,1.72,2025-09-15 21:20:38,353.42999267578125,347.1000061035156,0.0,-0.021840213799345958,0.007012202733295737,0.037791579421759335,-0.1575171,355.90831543645106,366.7866703140199,297.7587338218509
2025-08-21,349.9100036621094,353.82000732421875,347.0,353.42999267578125,2363200,0.0,0.0,ADBE,0.0,355.99599609375,351.7319961547852,47.08418742991707,2.462491002320184,-0.366077416239706,30353.902,4.33,4.3,323.364,329.793,20802.0,61.7,227000,4.26,1.72,2025-09-15 21:20:38,362.0899963378906,347.1000061035156,0.024502741254485504,-0.021840213799345958,0.017512447996055912,0.032103993968244114,-0.14174865,359.61941704276234,364.7765070288411,303.3317624198244
2025-08-22,355.79998779296875,362.6499938964844,354.0,362.0899963378906,3058600,0.0,0.0,ADBE,0.024502741254485594,357.443994140625,351.29949645996095,53.67540175301685,2.8542025616871847,0.29426201760324977,30353.902,4.33,4.3,323.364,329.793,20802.0,61.7,227000,4.26,1.72,2025-09-15 21:20:38,363.2099914550781,347.1000061035156,0.0030931401820401493,-0.021840213799345958,0.014763430860322705,0.014924958458793922,-0.14526306,367.4356869640395,367.49417449157846,309.4916897430994
2025-08-25,362.55999755859375,364.6499938964844,361.3999938964844,363.2099914550781,2259500,0.0,0.0,ADBE,0.0030931401820402105,358.63799438476565,350.9864959716797,54.46536084224148,3.076889394961322,-0.2612633230889949,30353.902,4.33,4.3,323.364,329.793,20802.0,61.7,227000,4.26,1.72,2025-09-15 21:20:38,354.9100036621094,347.1000061035156,-0.022851760657017318,-0.021840213799345958,0.017223098221128115,0.0127589741116436,-0.12336986,369.46559281280406,367.84417833314376,318.4008210931006
2025-08-26,363.0299987792969,363.2300109863281,353.70001220703125,354.9100036621094,4067400,0.0,0.0,ADBE,-0.022851760657017328,357.41399536132815,350.1969955444336,47.94089338229664,2.573787036850452,0.8001327727373313,30353.902,4.33,4.3,323.364,329.793,20802.0,61.7,227000,4.26,1.72,2025-09-15 21:20:38,356.3500061035156,347.1000061035156,0.004057373493414399,-0.021840213799345958,0.005943809314921166,0.029748164306615702,-0.1260008,357.0195210478349,365.4679247651114,310.19105161002335
2025-08-27,355.9800109863281,360.3699951171875,355.1600036621094,356.3500061035156,2353800,0.0,0.0,ADBE,0.004057373493414396,357.997998046875,349.8144958496094,49.080562396492695,2.25786477248627,-0.4213010768549934,30353.902,4.33,4.3,323.364,329.793,20802.0,61.7,227000,4.26,1.72,2025-09-15 21:20:38,353.9599914550781,347.1000061035156,-0.006706930286240062,-0.021840213799345958,0.016944995442923765,0.026305544157212556,-0.1070244,362.3883553330255,365.7239869244946,318.2118493819653
2025-08-28,357.6300048828125,358.260009765625,349.1099853515625,353.9599914550781,3803100,0.0,0.0,ADBE,-0.0067069302862400315,358.1039978027344,349.627995300293,47.23238389910815,1.8262556581451221,0.6157277593678308,30353.902,4.33,4.3,323.364,329.793,20802.0,61.7,227000,4.26,1.72,2025-09-15 21:20:38,356.70001220703125,347.1000061035156,0.007741046497061144,-0.021840213799345958,0.007827146520512005,0.03260580754163147,-0.11022872,356.7304881705962,365.50114281389995,314.94343561186724
2025-08-29,354.0,357.25,352.4599914550781,356.70001220703125,2639300,0.0,0.0,ADBE,0.007741046497061088,357.0260009765625,350.07299652099607,49.57663526599878,1.6679863989354264,-0.3060135152901581,30353.902,4.33,4.3,323.364,329.793,20802.0,61.7,227000,4.26,1.72,2025-09-15 21:20:38,345.6300048828125,347.1000061035156,-0.0310345022298279,-0.021840213799345958,0.015294745041530442,0.02305419127307488,-0.10780893,362.15564795004855,364.9234425155603,318.2445592952208
2025-09-02,350.239990234375,352.7099914550781,341.2799987792969,345.6300048828125,4229400,0.0,0.0,ADBE,-0.031034502229827954,353.5100036621094,350.41199645996096,41.54608122563858,0.8042125940648255,0.6024703519872694,30353.902,4.33,4.3,323.364,329.793,20802.0,61.7,263000,4.26,1.72,2025-09-15 21:20:38,348.5,347.1000061035156,0.008303663098232996,-0.021840213799345958,0.003749447469025521,0.06581823590727157,-0.11205277,346.92592642983965,368.3787620808209,306.90119566921203
2025-09-03,345.7200012207031,348.510009765625,343.3599853515625,348.5,3035300,0.0,0.0,ADBE,0.008303663098232938,352.2280029296875,350.8999969482422,44.07532039253607,0.4313080842838106,-0.2823331914692392,30353.902,4.33,4.3,323.364,329.793,20802.0,61.7,263000,4.26,1.72,2025-09-15 21:20:38,344.30999755859375,347.1000061035156,-0.012022962529142754,-0.021840213799345958,0.01722931158096239,0.06745197614714672,-0.12223004,354.5044150859654,372.0070136872807,305.9028265476227
2025-09-04,342.239990234375,344.4100036621094,331.5,344.30999755859375,4918300,0.0,0.0,ADBE,-0.0120229625291427,349.82000122070315,350.8344970703125,41.26790612772077,-0.0659163795719695,0.620367014792607,30353.902,4.33,4.3,323.364,329.793,20802.0,61.7,263000,4.26,1.72,2025-09-15 21:20:38,348.9700012207031,347.1000061035156,0.013534325738875324,-0.021840213799345958,0.004751594165336823,0.07533914931776561,-0.12681195,345.9460189340603,370.2500198762601,300.6473646208178
2025-09-05,345.80999755859375,354.6700134277344,345.1000061035156,348.9700012207031,4662600,0.0,0.0,ADBE,0.013534325738875363,348.82200317382814,351.36949768066404,45.4309775659341,-0.0500599030833393,-0.05198950857003437,30353.902,4.33,4.3,323.364,329.793,20802.0,61.7,263000,4.26,1.72,2025-09-15 21:20:38,358.6600036621094,347.1000061035156,0.02776743676393516,-0.021840213799345958,0.015802429029015474,0.06654506508755721,-0.1328248,354.48457489824875,372.19223266553973,302.6181380855887
2025-09-08,348.8599853515625,358.82000732421875,343.5899963378906,358.6600036621094,5043300,0.0,0.0,ADBE,0.027767436763935116,349.21400146484376,352.24999847412107,52.90620454534237,0.607671411830073,0.08164972333033083,30353.902,4.33,4.3,323.364,329.793,20802.0,61.7,263000,4.26,1.72,2025-09-15 21:20:38,354.05999755859375,347.1000061035156,-0.012825534089519646,-0.021840213799345958,0.014349349568470228,0.03166888450956527,-0.10759109,363.80654143088583,370.01836589628493,320.0713820010187
2025-09-09,362.75,362.75,353.0299987792969,354.05999755859375,4324900,0.0,0.0,ADBE,-0.012825534089519697,350.9,353.27049865722654,49.44356568897274,0.7198981105707656,-0.14244641405428982,30353.902,4.33,4.3,323.364,329.793,20802.0,61.7,263000,4.26,1.72,2025-09-15 21:20:38,350.1600036621094,347.1000061035156,-0.011015065026765587,-0.021840213799345958,0.00536772886658978,0.044523515317739876,-0.09525506,355.96049562799374,369.82399328329274,320.3339852691679
2025-09-10,356.2900085449219,359.19000244140625,348.1199951171875,350.1600036621094,4552500,0.0,0.0,ADBE,-0.011015065026765636,351.23200073242185,353.856999206543,46.655556696796545,0.5273623253631952,0.05262549423108043,30353.902,4.33,4.3,323.364,329.793,20802.0,61.7,263000,4.26,1.72,2025-09-15 21:20:38,350.54998779296875,347.1000061035156,0.0011137312279551333,-0.021840213799345958,0.007676667051411201,0.05321533525428436,-0.081463456,352.8480654249443,368.79388564962994,321.6347595569423
2025-09-11,354.69000244140625,355.25,347.1600036621094,350.54998779296875,11804200,0.0,0.0,ADBE,0.001113731227955217,352.47999877929686,353.8309982299805,46.977524230391744,0.4264747735785557,1.592904997254256,30353.902,4.33,4.3,323.364,329.793,20802.0,61.7,263000,4.26,1.72,2025-09-15 21:20:38,349.3599853515625,347.1000061035156,-0.0033946726083158595,-0.021840213799345958,0.01588821453709016,0.05616702244890885,-0.058940705,356.1196012049978,370.23933682680115,329.8883230996762
2025-09-12,361.1000061035156,366.5,341.6099853515625,349.3599853515625,14121900,0.0,0.0,ADBE,-0.0033946726083158296,352.55799560546876,353.8699981689453,46.063896720695716,0.28651617697410714,0.19634536859761775,30353.902,4.33,4.3,323.364,329.793,20802.0,61.7,263000,4.26,1.72,2025-09-15 21:20:38,347.1000061035156,347.1000061035156,-0.0064689127055368055,-0.021840213799345958,0.009429817832581169,0.05891232227328798,-0.032294113,352.65438637142097,369.9415933979849,338.07772094825486
2025-09-15,350.29998779296875,358.0,345.04998779296875,347.1000061035156,6722141,0.0,0.0,ADBE,-0.0064689127055368445,350.24599609375,353.4824981689453,44.30175335234537,0.06046901885066802,-0.523991743320658,30353.902,4.33,4.3,323.364,329.793,20802.0,61.7,263000,4.26,1.72,2025-09-15 21:20:38,347.1000061035156,347.1000061035156,-0.0064689127055368055,-0.021840213799345958,0.01055328509969516,0.07053349417262322,-0.056603123,350.76305142603195,371.5821823613354,327.4530580582523
2025-05-01,99.2699966430664,100.0999984741211,96.44999694824219,96.6500015258789,29591500,0.0,0.0,AMD,-0.0071905183278279106,96.61999969482422,91.28549995422364,51.510438035340755,1.38535738872831,-0.004682029013780342,30353.902,4.33,4.2,320.58,326.854,20617.5,52.2,229000,4.42,1.72,2025-09-15 21:20:38,98.80000305175781,110.7300033569336,0.022245230128664032,0.1456803063503795,0.015313207177636533,0.05654790764934174,0.30551606,98.13002302296357,102.11535688647305,126.17812383301316
2025-05-02,98.4000015258789,99.87999725341797,98.30000305175781,98.80000305175781,29957900,0.0,0.0,AMD,0.022245230128663973,97.05,91.53549995422364,54.170487213399056,1.4608633536764848,0.01238193400131804,30353.902,4.33,4.2,320.58,326.854,20617.5,52.2,229000,4.42,1.72,2025-09-15 21:20:38,100.58999633789062,114.62999725341797,0.018117340393148558,0.16022260842813318,0.02260137637099164,0.02746437820534944,0.33480722,101.0330191061857,101.51348370226097,131.87895123613634
2025-05-05,99.0,102.05000305175781,98.76000213623047,100.58999633789062,41268900,0.0,0.0,AMD,0.018117340393148496,97.88999938964844,92.27699966430664,56.31896865217965,1.5650755468016184,0.37756318032972946,30353.902,4.33,4.2,320.58,326.854,20617.5,52.2,229000,4.42,1.72,2025-09-15 21:20:38,98.62000274658203,117.30999755859375,-0.019584388736740902,0.16621932428090735,0.021585514793323865,0.03463457050016238,0.32748982,102.76128319190256,104.07388765766636,133.53219944232842
2025-05-06,98.41000366210938,100.06999969482422,97.44000244140625,98.62000274658203,54264300,0.0,0.0,AMD,-0.019584388736740954,98.4020004272461,93.02599983215332,53.35444404646367,1.4382965699931414,0.3148957205062408,30353.902,4.33,4.2,320.58,326.854,20617.5,52.2,229000,4.42,1.72,2025-09-15 21:20:38,100.36000061035156,118.58000183105469,0.017643457871733187,0.20239300880737837,0.013255228038810674,0.04161169936497089,0.32626647,99.92723337217612,102.7237486522454,130.7964085527874
2025-05-07,100.75,103.41999816894531,96.87999725341797,100.36000061035156,86474400,0.0,0.0,AMD,0.01764345787173327,99.00400085449219,94.13349990844726,55.57858028328389,1.4068675849955863,0.5935780983077272,30353.902,4.33,4.2,320.58,326.854,20617.5,52.2,229000,4.42,1.72,2025-09-15 21:20:38,101.69999694824219,115.69000244140625,0.013351896470120308,0.15275011695718826,0.02021633928730004,0.02524803752640919,0.4057151,102.38891243356407,102.89389367191217,141.07756908860938
2025-05-08,101.91999816894531,105.44000244140625,101.55999755859375,101.69999694824219,54231400,0.0,0.0,AMD,0.01335189647012025,100.01399993896484,94.37649993896484,57.26839802859089,1.4081159882449739,-0.37286179493584226,30353.902,4.33,4.2,320.58,326.854,20617.5,52.2,229000,4.42,1.72,2025-09-15 21:20:38,102.83999633789062,116.19000244140625,0.011209433862899852,0.142477934395007,0.022984304305119864,0.027306483164230153,0.40487581,104.03750062593035,104.47706620271163,142.8758600276924
2025-05-09,102.58999633789062,103.54000091552734,101.5999984741211,102.83999633789062,31704300,0.0,0.0,AMD,0.011209433862899854,100.8219985961914,95.08349990844727,58.70754076900491,1.4138077828428448,-0.4153885018642336,30353.902,4.33,4.2,320.58,326.854,20617.5,52.2,229000,4.42,1.72,2025-09-15 21:20:38,108.12000274658203,121.7300033569336,0.051341954460436205,0.1836834664693885,0.02522510618941612,0.02009507148741294,0.42002732,105.43414616603309,104.90657341606581,146.03559780797514
2025-05-12,110.41999816894531,110.66999816894531,106.9800033569336,108.12000274658203,50543400,0.0,0.0,AMD,0.0513419544604361,102.32799987792968,95.81949996948242,64.64639793517347,1.6829694580001215,0.5942127723999584,30353.902,4.33,4.2,320.58,326.854,20617.5,52.2,229000,4.42,1.72,2025-09-15 21:20:38,112.45999908447266,123.23999786376953,0.040140549645221166,0.13984456837858789,0.029993492966788677,-0.04359038805596969,0.45354915,111.36289928853081,103.40700987024601,157.15773772833018
2025-05-13,109.5999984741211,113.12999725341797,109.0,112.45999908447266,55659500,0.0,0.0,AMD,0.04014054964522118,105.09599914550782,96.71749992370606,68.63904569986867,2.039333975743846,0.10122192017157539,30353.902,4.33,4.2,320.58,326.854,20617.5,52.2,229000,4.42,1.72,2025-09-15 21:20:38,117.72000122070312,121.13999938964844,0.046772205042252366,0.07718300174140966,0.014853260218575894,-0.047236331682277775,0.43203625,114.13039671505513,107.14780126672984,161.0467988088085
2025-05-14,119.83000183105469,122.5199966430664,116.58999633789062,117.72000122070312,86743700,0.0,0.0,AMD,0.046772205042252324,108.56799926757813,97.83899993896485,72.66790007111894,2.485738895039561,0.5584707013178343,30353.902,4.33,4.2,320.58,326.854,20617.5,52.2,229000,4.42,1.72,2025-09-15 21:20:38,114.98999786376953,118.5,-0.023190650090253947,0.006625881508738028,0.009928777442127322,-0.047236331682277775,0.46336904,118.88881691331044,112.15934019740385,172.26780186473115
2025-05-15,117.0199966430664,117.5,114.01000213623047,114.98999786376953,43843200,0.0,0.0,AMD,-0.023190650090253895,111.22599945068359,99.17399978637695,67.79955778746253,2.4496091239178677,-0.49456617598742036,30353.902,4.33,4.2,320.58,326.854,20617.5,52.2,229000,4.42,1.72,2025-09-15 21:20:38,117.16999816894531,116.16000366210938,0.01895817328180545,0.010174848422259892,0.01967597711095761,-0.02306474920945083,0.50946736,117.25253842972612,112.3377824014464,173.5736488879138
2025-05-16,118.06999969482422,118.23999786376953,116.01000213623047,117.16999816894531,43419700,0.0,0.0,AMD,0.01895817328180538,114.09199981689453,100.65749969482422,69.55364758080624,2.42069174775038,-0.00965942266987807,30353.902,4.33,4.2,320.58,326.854,20617.5,52.2,229000,4.42,1.72,2025-09-15 21:20:38,114.73999786376953,126.38999938964844,-0.02073909996714353,0.07868909588450254,0.011579380805572711,-0.01772889937597746,0.6493545,118.52675419673177,115.09270306152462,193.25485880683846
2025-05-19,115.0199966430664,115.52999877929688,114.05999755859375,114.73999786376953,37737400,0.0,0.0,AMD,-0.020739099967143515,115.41599884033204,102.116499710083,65.28456129545569,2.098094142355897,-0.13086916768195078,30353.902,4.33,4.2,320.58,326.854,20617.5,52.2,229000,4.42,1.72,2025-09-15 21:20:38,113.51000213623047,127.0999984741211,-0.010719851406999614,0.10772181314685535,0.007127956082885945,0.004467406840482787,0.6630206,115.5578595294929,115.25258811510312,190.8149813316668
2025-05-20,114.3499984741211,114.51000213623047,112.08000183105469,113.51000213623047,29030800,0.0,0.0,AMD,-0.010719851406999603,115.6259994506836,103.478999710083,63.17100054224226,1.6801340661195523,-0.23071541759633674,30353.902,4.33,4.2,320.58,326.854,20617.5,52.2,229000,4.42,1.72,2025-09-15 21:20:38,112.05999755859375,126.79000091552734,-0.012774245003506188,0.11699408448040302,0.014058447718432478,0.001099584125984804,0.7478826,115.10577656678183,113.63481593271997,198.40215818191245
2025-05-21,113.8499984741211,116.0999984741211,111.08999633789062,112.05999755859375,43594600,0.0,0.0,AMD,-0.012774245003506213,114.49399871826172,104.56249961853027,60.67709787127683,1.2064429822548752,0.5016671948413409,30353.902,4.33,4.2,320.58,326.854,20617.5,52.2,229000,4.42,1.72,2025-09-15 21:20:38,110.70999908447266,128.24000549316406,-0.012047104261404332,0.14438700952237785,0.011290482700612661,0.03315843269464732,0.75205714,113.32520902245975,115.77573144540271,196.33551160310162
2025-05-22,111.9000015258789,112.63999938964844,110.61000061035156,110.70999908447266,29252000,0.0,0.0,AMD,-0.012047104261404318,113.63799896240235,105.37449951171875,58.36675784495256,0.7262848801503576,-0.3289994632362724,30353.902,4.33,4.2,320.58,326.854,20617.5,52.2,229000,4.42,1.72,2025-09-15 21:20:38,110.30999755859375,129.5800018310547,-0.003613056898082907,0.17044533377860532,0.021550998709067015,0.031790434365489756,0.769324,113.09591013182293,114.22951804397101,195.88186553378
2025-05-23,108.08999633789062,111.0199966430664,107.66999816894531,110.30999755859375,30867300,0.0,0.0,AMD,-0.003613056898082889,112.26599884033203,106.0574993133545,57.66613387538141,0.3262152931525959,0.05522015588677687,30353.902,4.33,4.2,320.58,326.854,20617.5,52.2,229000,4.42,1.72,2025-09-15 21:20:38,114.55999755859375,138.42999267578125,0.0385277861849513,0.25491791985808815,0.0254661071429658,0.02198898229172318,0.74774116,113.1191637753612,112.7356021415097,192.79332997396705
2025-05-27,113.18000030517578,115.4000015258789,112.2699966430664,114.55999755859375,37885000,0.0,0.0,AMD,0.03852778618495134,112.22999877929688,106.96599922180175,62.778534250895966,0.2933246681759174,0.2273506267150025,30353.902,4.33,4.2,320.58,326.854,20617.5,52.2,229000,4.42,1.72,2025-09-15 21:20:38,112.86000061035156,143.39999389648438,-0.014839359152156876,0.2517457834541232,0.026587299177691502,0.00017638670977193716,0.7234043,117.60583848747969,114.5802044196346,197.43319105919363
2025-05-28,114.91999816894531,114.94999694824219,112.66000366210938,112.86000061035156,27483700,0.0,0.0,AMD,-0.014839359152156839,112.0999984741211,107.80599937438964,59.6742071343237,0.11191543285465588,-0.27454929391579785,30353.902,4.33,4.2,320.58,326.854,20617.5,52.2,229000,4.42,1.72,2025-09-15 21:20:38,113.02999877929688,143.67999267578125,0.0015062747477047258,0.2730816223529496,0.013490306035068527,0.02652309431156944,0.64802146,114.38251655770324,115.8533970505437,185.9957029340112
2025-05-29,115.48999786376953,115.54000091552734,112.12999725341797,113.02999877929688,30501400,0.0,0.0,AMD,0.0015062747477048166,112.29399871826172,108.58999938964844,59.88781312673006,-0.03398897644717813,0.10979962668781851,30353.902,4.33,4.2,320.58,326.854,20617.5,52.2,229000,4.42,1.72,2025-09-15 21:20:38,110.7300033569336,143.80999755859375,-0.020348539743455785,0.27231707610116945,0.026473938088142066,0.01724099287240124,0.71279585,116.02234796908274,114.97874818261826,193.5973132432664
2025-05-30,111.58000183105469,112.11000061035156,108.62000274658203,110.7300033569336,36088500,0.0,0.0,AMD,-0.02034853974345574,112.29799957275391,109.29399948120117,55.59691116162789,-0.3075428513009473,0.18317519851547792,30353.902,4.33,4.2,320.58,326.854,20617.5,52.2,229000,4.42,1.72,2025-09-15 21:20:38,114.62999725341797,141.89999389648438,0.03522075118080603,0.28149543569574004,0.01893400042163098,0.021258619035195516,0.719723,112.82656528718097,113.08397031406457,190.4249320372819
2025-06-02,111.05999755859375,114.86000061035156,111.01000213623047,114.62999725341797,34078400,0.0,0.0,AMD,0.03522075118080603,113.16199951171875,110.08549919128419,60.734328066382574,-0.2503950056444264,-0.055699183950565945,30353.902,4.33,4.1,321.5,327.6,20693.1,60.7,250000,4.38,1.72,2025-09-15 21:20:38,117.30999755859375,136.11000061035156,0.023379572270694357,0.18738553495248483,0.010899552448554362,0.0003238186711989923,0.7488403,115.87941292065925,114.6671165868081,200.46956245740876
2025-06-03,114.5,117.68000030517578,113.27999877929688,117.30999755859375,37161500,0.0,0.0,AMD,0.023379572270694426,113.71199951171874,110.92149925231934,63.83118739932778,-0.06625195283294705,0.09047079675102121,30353.902,4.33,4.1,321.5,327.6,20693.1,60.7,250000,4.38,1.72,2025-09-15 21:20:38,118.58000183105469,138.52000427246094,0.010826053182948865,0.18080306159134696,0.009521513229144222,-0.0039505164286625745,0.7759999,118.42696625225878,116.84656248599215,208.3425443646338
2025-06-04,117.41000366210938,119.30000305175781,115.7300033569336,118.58000183105469,31025000,0.0,0.0,AMD,0.010826053182948936,114.85599975585937,111.91949920654297,65.23064610361982,0.09800450120875093,-0.16513057869031122,30353.902,4.33,4.1,321.5,327.6,20693.1,60.7,250000,4.38,1.72,2025-09-15 21:20:38,115.69000244140625,137.91000366210938,-0.024371726640432394,0.16301232528731832,0.008353797660367795,-0.0014150773099544966,0.86027586,119.57059517291736,118.4122019610492,220.59151543066946
2025-06-05,118.94999694824219,119.23999786376953,114.70999908447266,115.69000244140625,34091000,0.0,0.0,AMD,-0.024371726640432412,115.38800048828125,112.68599929809571,59.5811231859422,-0.024519261604062148,0.09882352941176475,30353.902,4.33,4.1,321.5,327.6,20693.1,60.7,250000,4.38,1.72,2025-09-15 21:20:38,116.19000244140625,134.8000030517578,0.004321894627439705,0.1651828179364958,0.005951592408914672,-0.00357343698360243,0.97598785,116.37854218172384,115.27659150804907,228.60204627373605
2025-06-06,117.69000244140625,118.37999725341797,115.87999725341797,116.19000244140625,27042100,0.0,0.0,AMD,0.004321894627439704,116.48000030517578,113.4104995727539,60.22299617204777,-0.10397068463005876,-0.20676718195418142,30353.902,4.33,4.1,321.5,327.6,20693.1,60.7,250000,4.38,1.72,2025-09-15 21:20:38,121.7300033569336,137.82000732421875,0.04768053015853171,0.1861606371315841,0.009291652677667012,-0.0012532904569190536,1.0893948,117.26959958870907,116.04438262015704,242.7667878211505
2025-06-09,119.18000030517578,122.37000274658203,119.04000091552734,121.7300033569336,55437700,0.0,0.0,AMD,0.047680530158531687,117.9000015258789,114.35499992370606,66.55965251514274,0.16961782964392347,1.0500515862303592,30353.902,4.33,4.1,321.5,327.6,20693.1,60.7,250000,4.38,1.72,2025-09-15 21:20:38,123.23999786376953,138.41000366210938,0.012404456298324172,0.13702456128475665,0.02588911131469745,-0.002027324777205912,1.1170766,124.88148496417975,121.48321710499873,257.71174592934585
2025-06-10,121.11000061035156,124.08999633789062,120.80000305175781,123.23999786376953,41691900,0.0,0.0,AMD,0.012404456298324096,119.08600158691407,115.11099967956542,68.05348464143464,0.3925707875787552,-0.2479504019827662,30353.902,4.33,4.1,321.5,327.6,20693.1,60.7,250000,4.38,1.72,2025-09-15 21:20:38,121.13999938964844,144.16000366210938,-0.017039910017220616,0.16975013113408996,0.008702973409874883,-0.010457951790989803,1.1308624,124.31255228821095,121.95115990738854,262.6074574154554
2025-06-11,124.44000244140625,124.47000122070312,119.87999725341797,121.13999938964844,32261900,0.0,0.0,AMD,-0.017039910017220605,119.5980010986328,115.54499969482421,63.785882934810026,0.34082273063005974,-0.22618302356093145,30353.902,4.33,4.1,321.5,327.6,20693.1,60.7,250000,4.38,1.72,2025-09-15 21:20:38,118.5,146.4199981689453,-0.02179296188665846,0.20868415805404966,0.004998659978199009,0.012722408768240124,1.136867,121.74553705635653,122.6811919800679,258.86007269135007
2025-06-12,120.62000274658203,122.25,118.02999877929688,118.5,44718400,0.0,0.0,AMD,-0.02179296188665847,120.16000061035156,115.58399963378906,58.794300257927034,0.08437171721744274,0.38610559204510575,30353.902,4.33,4.1,321.5,327.6,20693.1,60.7,250000,4.38,1.72,2025-09-15 21:20:38,116.16000366210938,146.24000549316406,-0.019746804539161392,0.2340928733600343,0.008319924445587533,0.022588650355410515,1.1823646,119.48591104680213,121.17675506711615,258.61018896102905
2025-06-13,116.05000305175781,117.87999725341797,115.05999755859375,116.16000366210938,39702700,0.0,0.0,AMD,-0.019746804539161444,120.15400085449218,115.64249992370605,54.70773475433212,-0.267986363972029,-0.11216188414612327,30353.902,4.33,4.1,321.5,327.6,20693.1,60.7,250000,4.38,1.72,2025-09-15 21:20:38,126.38999938964844,155.61000061035156,0.08806814226088062,0.3396177316160891,0.0058207416318327675,0.025056390879002258,1.2099231,116.83614103137926,119.07055411837352,256.70469483004126
2025-06-16,118.63999938964844,128.13999938964844,117.77999877929688,126.38999938964844,100968500,0.0,0.0,AMD,0.08806814226088067,121.08600006103515,116.1034999847412,65.8748842432799,0.1408123785985813,1.5431141962637303,30353.902,4.33,4.1,321.5,327.6,20693.1,60.7,250000,4.38,1.72,2025-09-15 21:20:38,127.0999984741211,160.0800018310547,0.0056175258161351525,0.26655591901336395,0.06689999482265391,0.0250252246738163,1.1911409,134.84548969445115,129.5529375208979,276.93829576508506
2025-06-17,127.93000030517578,130.6999969482422,126.58000183105469,127.0999984741211,86623900,0.0,0.0,AMD,0.0056175258161350605,121.85800018310547,116.72150001525878,66.49237289608769,0.39739468144367596,-0.14207005155073116,30353.902,4.33,4.1,321.5,327.6,20693.1,60.7,250000,4.38,1.72,2025-09-15 21:20:38,126.79000091552734,160.41000366210938,-0.002439005210978573,0.262077148606501,0.00802808916599615,0.010266814175502513,1.1684594,128.1203685948693,128.40491054016155,275.61118839308256
2025-06-18,128.00999450683594,129.2100067138672,125.7699966430664,126.79000091552734,49627100,0.0,0.0,AMD,-0.0024390052109786176,122.98800048828124,117.38549995422363,65.93141224996094,0.4791206547679767,-0.4270969097443085,30353.902,4.33,4.1,321.5,327.6,20693.1,60.7,250000,4.38,1.72,2025-09-15 21:20:38,128.24000549316406,156.99000549316406,0.011436269162919012,0.23818916601914997,0.01281995453974145,0.004205322017201869,1.1212028,128.41544296335817,127.32319369793845,268.9473234284924
2025-06-20,129.0,132.80999755859375,127.55000305175781,128.24000549316406,79931000,0.0,0.0,AMD,0.011436269162919066,124.93600158691406,118.19450035095215,67.3201995671294,0.55819306947122,0.6106320941582322,30353.902,4.33,4.1,321.5,327.6,20693.1,60.7,250000,4.38,1.72,2025-09-15 21:20:38,129.5800018310547,157.0,0.010449128824796055,0.22426694693466004,0.006425703722041043,0.004365557356417567,1.1482455,129.06403777377605,128.79984459253177,275.4909935130054
2025-06-23,130.47000122070312,133.25,126.81999969482422,129.5800018310547,65152900,0.0,0.0,AMD,0.010449128824796095,127.62000122070313,119.13800048828125,68.5943150744856,0.6231644746215723,-0.18488571392826314,30353.902,4.33,4.1,321.5,327.6,20693.1,60.7,250000,4.38,1.72,2025-09-15 21:20:38,138.42999267578125,154.72000122070312,0.06829750516800506,0.19401141406392136,0.008228810245450718,0.004802261018117096,1.1745927,130.6462910777276,130.2022788225755,281.7837303735905
2025-06-24,133.42999267578125,138.7899932861328,132.92999267578125,138.42999267578125,78572000,0.0,0.0,AMD,0.06829750516800503,130.0279998779297,120.54400024414062,75.41248642964523,1.1537417185668666,0.20596320347981445,30353.902,4.33,4.1,321.5,327.6,20693.1,60.7,250000,4.38,1.72,2025-09-15 21:20:38,143.39999389648438,158.64999389648438,0.03590263298173707,0.1460666206062776,0.007266878364743121,0.0034254418807809343,1.1788375,139.43594659458844,138.90417657024906,301.6164643945958
2025-06-25,140.94000244140625,144.17999267578125,139.4600067138672,143.39999389648438,74607200,0.0,0.0,AMD,0.035902632981737126,133.28799896240236,121.98600006103516,78.26610291938856,1.6980964619233099,-0.050460723922007844,30353.902,4.33,4.1,321.5,327.6,20693.1,60.7,250000,4.38,1.72,2025-09-15 21:20:38,143.67999267578125,162.1199951171875,0.0019525717657909853,0.1305439471232925,0.007811438707839391,-0.0020995295046104113,1.1756027,144.5201541595113,143.09892137833774,311.98141024221695
2025-06-26,145.97000122070312,146.0,141.91000366210938,143.67999267578125,58180100,0.0,0.0,AMD,0.0019525717657908892,136.66599731445314,123.52699966430664,78.41807211206628,1.9193753954098351,-0.22018116213984706,30353.902,4.33,4.1,321.5,327.6,20693.1,60.7,250000,4.38,1.72,2025-09-15 21:20:38,143.80999755859375,166.47000122070312,0.0009048224487723938,0.15861643726797994,0.00742343741539241,-0.0011281642673973975,1.1590681,144.74659210925392,143.51789804210452,310.2148898871965
2025-06-27,144.17999267578125,147.75,141.6300048828125,143.80999755859375,61937900,0.0,0.0,AMD,0.0009048224487724355,139.77999572753907,125.06599960327148,78.4932656691799,1.912609958112549,0.06458909489670872,30353.902,4.33,4.1,321.5,327.6,20693.1,60.7,250000,4.38,1.72,2025-09-15 21:20:38,141.89999389648438,173.66000366210938,-0.01328143866584217,0.20756558382774173,0.0070405094812641894,0.0032273961569286615,1.1799752,144.82249320990562,144.27412939204228,313.5022041456832
2025-06-30,144.0,146.0,141.00999450683594,141.89999389648438,42972500,0.0,0.0,AMD,-0.013281438665842193,142.243994140625,126.62449913024902,74.39237638675948,1.6287175780833483,-0.30620024250095657,30353.902,4.33,4.1,321.5,327.6,20693.1,60.7,250000,4.38,1.72,2025-09-15 21:20:38,136.11000061035156,177.44000244140625,-0.040803337104838744,0.250458140053538,0.002734898488244156,0.007403900737609075,1.2194405,142.28807597527373,142.95060736596128,314.93858775671106
2025-07-01,138.77000427246094,140.22999572753906,135.1199951171875,136.11000061035156,55257200,0.0,0.0,AMD,-0.040803337104838744,141.77999572753907,127.6984992980957,63.55287315880855,0.9346854566037859,0.2858735237651986,30353.902,4.33,4.2,322.132,328.656,20802.0,61.7,228000,4.39,1.72,2025-09-15 21:20:38,138.52000427246094,179.50999450683594,0.01770629381604813,0.31885969952147425,0.008640823881009592,-0.016943418073936678,1.2550204,137.28610315406974,133.8038319659666,306.9308253008967
2025-07-02,135.52999877929688,139.77999877929688,135.22000122070312,138.52000427246094,39228000,0.0,0.0,AMD,0.017706293816048158,140.8039978027344,128.75899963378907,65.7874279006293,0.5411423128777395,-0.2900834642363348,30353.902,4.33,4.2,322.132,328.656,20802.0,61.7,228000,4.39,1.72,2025-09-15 21:20:38,137.91000366210938,176.30999755859375,-0.0044037004875608155,0.27281253335656885,0.008244810427073708,-0.01715788226987049,1.3340266,139.66207544804485,136.1432943471321,323.3093711532965
2025-07-03,139.11000061035156,139.5,137.32000732421875,137.91000366210938,28646000,0.0,0.0,AMD,-0.00440370048756078,139.65,129.7254997253418,64.70606873573374,0.16260703068136273,-0.2697562965228918,30353.902,4.33,4.2,322.132,328.656,20802.0,61.7,228000,4.39,1.72,2025-09-15 21:20:38,134.8000030517578,171.6999969482422,-0.022550942845098565,0.24501480957770852,0.009887740038959557,-0.006277239279032637,1.280288,139.27362192709228,137.04430957015003,314.47452381496987
2025-07-07,136.55999755859375,137.44000244140625,133.5,134.8000030517578,37395000,0.0,0.0,AMD,-0.02255094284509862,137.8480010986328,130.68099975585938,59.34981303408881,-0.3465929435253159,0.30541785938699983,30353.902,4.33,4.2,322.132,328.656,20802.0,61.7,228000,4.39,1.72,2025-09-15 21:20:38,137.82000732421875,176.77999877929688,0.022403592018476266,0.31142429359901735,0.005054782793770731,-0.007156976672572057,1.2529784,135.4813877877841,133.83524257445373,303.70148507073463
2025-07-08,137.32000732421875,139.14999389648438,135.91000366210938,137.82000732421875,36124600,0.0,0.0,AMD,0.022403592018476193,137.0320037841797,131.7625,62.58839157153007,-0.5190053649884989,-0.03397245621072331,30353.902,4.33,4.2,322.132,328.656,20802.0,61.7,228000,4.39,1.72,2025-09-15 21:20:38,138.41000366210938,174.30999755859375,0.004280919362474497,0.264765551408897,0.014979052348608706,-0.004506250304610387,1.2511487,139.88442042861385,137.19895587423258,310.25333042032435
2025-07-09,138.69000244140625,140.64999389648438,137.58999633789062,138.41000366210938,37013100,0.0,0.0,AMD,0.0042809193624744335,137.49200439453125,132.59650001525878,63.20513641225262,-0.6251822402519664,0.024595428046262136,30353.902,4.33,4.2,322.132,328.656,20802.0,61.7,228000,4.39,1.72,2025-09-15 21:20:38,144.16000366210938,163.1199951171875,0.04154323999612825,0.17852749657749373,0.015383610170949134,-0.0019708111859023155,1.223483,140.5392492022069,138.1372236786513,307.75230202500825
2025-07-10,143.0,145.82000732421875,141.85000610351562,144.16000366210938,61101500,0.0,0.0,AMD,0.04154323999612819,138.62000427246093,133.6425003051758,68.63242912339027,-0.3535536953096372,0.6508074168334994,30353.902,4.33,4.2,322.132,328.656,20802.0,61.7,228000,4.39,1.72,2025-09-15 21:20:38,146.4199981689453,172.39999389648438,0.015676987024313933,0.19589337900244186,0.01048092108774041,-0.009764657214152825,1.2263286,145.6709332845003,142.75233064235786,320.9475407687205
2025-07-11,142.60000610351562,147.39999389648438,141.60000610351562,146.4199981689453,50049200,0.0,0.0,AMD,0.01567698702431386,140.32200317382814,134.90650024414063,70.47574281912378,-0.08128142635673274,-0.1808842663437068,30353.902,4.33,4.2,322.132,328.656,20802.0,61.7,228000,4.39,1.72,2025-09-15 21:20:38,146.24000549316406,172.75999450683594,-0.0012292902474535423,0.17989343441664624,0.01310579196384809,-0.014809695392338012,1.2333452,148.33894820429455,144.25156259671655,327.00637545774225
2025-07-14,145.08999633789062,147.5800018310547,141.89999389648438,146.24000549316406,44718600,0.0,0.0,AMD,-0.0012292902474535516,142.61000366210936,136.29350051879882,70.12231013398214,0.02159232916043763,-0.1065071969182324,30353.902,4.33,4.2,322.132,328.656,20802.0,61.7,228000,4.39,1.72,2025-09-15 21:20:38,155.61000061035156,172.27999877929688,0.06407272131582009,0.17806340473195648,0.01746223584810475,-0.0028973437138293673,1.2267544,148.79368295951383,145.81629793253808,325.6405796299987
2025-07-15,153.75,158.67999267578125,153.55999755859375,155.61000061035156,93370100,0.0,0.0,AMD,0.06407272131582009,146.16800231933593,138.26600036621093,76.67898574016218,0.6223062631442495,1.0879477443390444,30353.902,4.33,4.2,322.132,328.656,20802.0,61.7,228000,4.39,1.72,2025-09-15 21:20:38,160.0800018310547,174.9499969482422,0.028725668036568144,0.12428504763211266,0.02472980792467259,-0.01539136966287277,1.2590115,159.4582060366037,153.21494956771778,351.5247819883989
2025-07-16,155.30999755859375,160.36000061035156,152.85000610351562,160.0800018310547,59492800,0.0,0.0,AMD,0.028725668036568175,150.502001953125,139.95050048828125,79.04186864823255,1.1894418341240423,-0.3628281430565031,30353.902,4.33,4.2,322.132,328.656,20802.0,61.7,228000,4.39,1.72,2025-09-15 21:20:38,160.41000366210938,184.4199981689453,0.0020614806801599428,0.1520489508963061,0.014124600401193031,-0.013786093622780942,1.2649963,162.3410678891406,157.87312393867683,362.5806102836541
2025-07-17,161.80999755859375,161.9600067138672,158.67999267578125,160.41000366210938,50605100,0.0,0.0,AMD,0.0020614806801599883,153.752001953125,141.61600074768066,79.20934608549892,1.4388848861228345,-0.14939118683269237,30353.902,4.33,4.2,322.132,328.656,20802.0,61.7,228000,4.39,1.72,2025-09-15 21:20:38,156.99000549316406,180.9499969482422,-0.02132035465911004,0.1280468350926457,0.01327843749347056,-0.013786093622780942,1.2224063,162.53999786906405,158.1985763335929,356.49621673015645
2025-07-18,159.58999633789062,160.8300018310547,155.80999755859375,156.99000549316406,48859800,0.0,0.0,AMD,-0.021320354659110086,155.86600341796876,143.1260009765625,72.723416496888,1.2335324559521368,-0.03448861873605624,30353.902,4.33,4.2,322.132,328.656,20802.0,61.7,228000,4.39,1.72,2025-09-15 21:20:38,157.0,177.50999450683594,6.36633319716184e-05,0.13070888779964654,-0.0046030426344920205,0.015036029768907706,1.2591288,156.2673738046899,159.35051188918024,354.66064413078493
2025-07-21,157.6199951171875,160.33999633789062,156.9199981689453,157.0,39021100,0.0,0.0,AMD,6.366333197171947e-05,158.01800231933595,144.5640007019043,72.73044388677862,0.9699705916235573,-0.20136594910335281,30353.902,4.33,4.2,322.132,328.656,20802.0,61.7,228000,4.39,1.72,2025-09-15 21:20:38,154.72000122070312,176.13999938964844,-0.014522285218451433,0.12191082413788813,0.01453024382354498,0.01537093979534434,1.3111901,159.28124828029658,159.41323754786904,362.8568501472473
2025-07-22,156.1999969482422,156.22999572753906,149.33999633789062,154.72000122070312,49028000,0.0,0.0,AMD,-0.014522285218451447,157.84000244140626,145.8210006713867,68.40107180161064,0.5353877492500647,0.25644843430861775,30353.902,4.33,4.2,322.132,328.656,20802.0,61.7,228000,4.39,1.72,2025-09-15 21:20:38,158.64999389648438,166.5500030517578,0.02540067634937025,0.07646071443716942,0.0010105299884947475,0.0148931271688398,1.3087488,154.8763504217566,157.0242658744461,357.20960509795987
2025-07-23,156.32000732421875,159.4499969482422,156.0,158.64999389648438,41510900,0.0,0.0,AMD,0.025400676349370155,157.5540008544922,146.83200073242188,71.54523765639591,0.41148071178866985,-0.15332259117239133,30353.902,4.33,4.2,322.132,328.656,20802.0,61.7,228000,4.39,1.72,2025-09-15 21:20:38,162.1199951171875,165.1999969482422,0.021872053918686088,0.04128587017804454,0.014253151371551274,0.020251327897895844,1.3235117,160.91125627458666,161.86286694388124,368.6251012368448
2025-07-24,159.1199951171875,163.92999267578125,158.36000061035156,162.1199951171875,48440100,0.0,0.0,AMD,0.021872053918686074,157.8959991455078,147.76800079345702,74.00475339836369,0.45850123389072905,0.16692483179116802,30353.902,4.33,4.2,322.132,328.656,20802.0,61.7,228000,4.39,1.72,2025-09-15 21:20:38,166.47000122070312,163.7100067138672,0.026832014770116718,0.009807621789837564,0.012541668318091528,0.014225423866886534,1.2919192,164.15325032367787,164.4262207650271,371.5659346059547
2025-07-25,163.50999450683594,167.17999267578125,162.36000061035156,166.47000122070312,53432300,0.0,0.0,AMD,0.026832014770116652,159.79199829101563,148.90750122070312,76.72119430211964,0.665305784155656,0.10305924223938434,30353.902,4.33,4.2,322.132,328.656,20802.0,61.7,228000,4.39,1.72,2025-09-15 21:20:38,173.66000366210938,167.75999450683594,0.04319097968812931,0.007749103602291449,0.006958047987950261,0.015520477945030557,1.2806798,167.62830747775092,169.05369520315827,379.66475290228846
2025-07-28,169.0800018310547,174.6999969482422,168.6699981689453,173.66000366210938,68267800,0.0,0.0,AMD,0.04319097968812935,163.1239990234375,150.4000015258789,80.37212407066363,1.141144396564135,0.2776504099580217,30353.902,4.33,4.2,322.132,328.656,20802.0,61.7,228000,4.39,1.72,2025-09-15 21:20:38,177.44000244140625,163.36000061035156,0.02176666301730378,-0.059311314260931086,0.01243568330227255,0.011383150574914841,1.2677739,175.81958446992286,175.63680163263544,393.82161798787274
2025-07-29,175.2100067138672,182.30999755859375,174.67999267578125,177.44000244140625,108154800,0.0,0.0,AMD,0.021766663017303678,167.66799926757812,152.177001953125,81.97285061242293,1.540444734484712,0.5842725267256306,30353.902,4.33,4.2,322.132,328.656,20802.0,61.7,228000,4.39,1.72,2025-09-15 21:20:38,179.50999450683594,166.6199951171875,0.011665870361522536,-0.06097839932002764,0.010113104179506976,0.014493697339902164,1.2496183,179.23447167170818,180.0117641327835,399.17227519895823
2025-07-30,175.61000061035156,180.3699951171875,173.8000030517578,179.50999450683594,64820300,0.0,0.0,AMD,0.011665870361522446,171.83999938964843,154.3470016479492,82.80009093872614,1.7582007624814437,-0.4006710751626372,30353.902,4.33,4.2,322.132,328.656,20802.0,61.7,228000,4.39,1.72,2025-09-15 21:20:38,176.30999755859375,167.1300048828125,-0.017826288486239846,-0.06896546155011996,-0.007613488800253501,0.01285899220406654,1.2619364,178.14329717412457,181.81831212675135,406.04019543528193
2025-07-31,182.02000427246094,182.5,173.0,176.30999755859375,71765300,0.0,0.0,AMD,-0.017826288486239794,174.6779998779297,156.23650131225585,76.92345246234325,1.510427520920853,0.10714236126645504,30353.902,4.33,4.2,322.132,328.656,20802.0,61.7,228000,4.39,1.72,2025-09-15 21:20:38,171.6999969482422,168.5800018310547,-0.026147131042977324,-0.043843207047689535,-0.0036258093117426046,0.015863968410076673,1.2704562,175.67073112769248,179.10697379024398,400.3041471935576
2025-08-01,170.16000366210938,174.39999389648438,166.82000732421875,171.6999969482422,75396100,0.0,0.0,AMD,-0.02614713104297728,175.7239990234375,157.9260009765625,69.29342200128548,0.8904325252123808,0.050592695912927255,30353.902,4.33,4.3,323.364,329.793,20802.0,61.7,227000,4.26,1.72,2025-09-15 21:20:38,176.77999877929688,162.6300048828125,0.02958649925070191,-0.05282464896119815,0.0028892338444370565,-0.0026129892641882464,1.3255805,172.1960783905148,171.25134669955526,399.30218139471253
2025-08-04,174.61000061035156,177.86000061035156,173.55999755859375,176.77999877929688,52951000,0.0,0.0,AMD,0.029586499250702003,176.347998046875,160.02500076293944,72.52725193472465,0.6860011496630403,-0.29769576940982356,30353.902,4.33,4.3,323.364,329.793,20802.0,61.7,227000,4.26,1.72,2025-09-15 21:20:38,174.30999755859375,162.32000732421875,-0.013972175799066656,-0.08179653555225372,0.013685665572508634,-0.00485756187666726,1.3301988,179.19935072249882,175.92127899666926,411.93253479704435
2025-08-05,177.57000732421875,177.99000549316406,171.8000030517578,174.30999755859375,88808500,0.0,0.0,AMD,-0.013972175799066622,175.7219970703125,161.8495002746582,68.73678300412037,0.2693665389740989,0.6771826783252441,30353.902,4.33,4.3,323.364,329.793,20802.0,61.7,227000,4.26,1.72,2025-09-15 21:20:38,163.1199951171875,162.1300048828125,-0.06419598759758324,-0.06987546811069735,-0.000650437343093834,0.0009433350127267684,1.2756495,174.19661982690707,174.4744302823591,396.66846708234516
2025-08-06,165.0500030517578,166.17999267578125,157.8000030517578,163.1199951171875,133641800,0.0,0.0,AMD,-0.06419598759758327,172.44399719238282,163.08499984741212,54.77113334280471,-0.815536320914191,0.5048311816999498,30353.902,4.33,4.3,323.364,329.793,20802.0,61.7,227000,4.26,1.72,2025-09-15 21:20:38,172.39999389648438,161.7899932861328,0.056890626882559706,-0.008153518090159316,-0.01748879603235199,0.007293654729411408,1.2552242,160.26722279378475,164.30973604103553,367.87216504407115
2025-08-07,166.83999633789062,175.75,166.6999969482422,172.39999389648438,95448300,0.0,0.0,AMD,0.05689062688255975,171.66199645996093,164.49699935913085,61.7177294693489,-0.9542179437694589,-0.2857900746622688,30353.902,4.33,4.3,323.364,329.793,20802.0,61.7,227000,4.26,1.72,2025-09-15 21:20:38,172.75999450683594,151.13999938964844,0.002088170667614529,-0.12331783793218265,0.007791422433433538,0.011602423351044446,1.2498128,173.74323507645323,174.40025161138888,387.86772012824804
2025-08-08,174.0399932861328,176.47999572753906,170.52000427246094,172.75999450683594,68866700,0.0,0.0,AMD,0.002088170667614575,171.87399597167968,165.8139991760254,61.96180053497042,-1.0596350954611076,-0.27849212610386986,30353.902,4.33,4.3,323.364,329.793,20802.0,61.7,227000,4.26,1.72,2025-09-15 21:20:38,172.27999877929688,151.41000366210938,-0.0027783962884999373,-0.1235817985852145,0.013888340161069466,0.018301612926688086,1.1887074,175.15934407677136,175.92178105551682,378.1210700540978
2025-08-11,170.0399932861328,178.82000732421875,169.3800048828125,172.27999877929688,70651000,0.0,0.0,AMD,-0.0027783962884999625,170.9739959716797,167.11599884033203,61.39971323840663,-1.189868060956897,0.02590947439038027,30353.902,4.33,4.3,323.364,329.793,20802.0,61.7,227000,4.26,1.72,2025-09-15 21:20:38,174.9499969482422,155.82000732421875,0.015498015949987166,-0.0955420917791192,0.007347319617012362,0.018235432226232026,1.1373851,173.54579499394688,175.42159902097205,368.2287075749846
2025-08-12,173.32000732421875,175.16000366210938,168.5,174.9499969482422,52243500,0.0,0.0,AMD,0.01549801594998712,171.10199584960938,168.08299865722657,63.38922685714776,-1.125090869021859,-0.2605412520700344,30353.902,4.33,4.3,323.364,329.793,20802.0,61.7,227000,4.26,1.72,2025-09-15 21:20:38,184.4199981689453,159.5399932861328,0.054129759279188575,-0.08808233170000182,0.014180296470819982,0.017628384925848957,1.1367422,177.43083977253733,178.0340828372219,373.8230265020611
2025-08-13,179.91000366210938,186.64999389648438,179.3800048828125,184.4199981689453,108305100,0.0,0.0,AMD,0.054129759279188505,175.36199645996095,169.29999847412108,69.41124362762939,-0.5049561974350674,1.073082775847713,30353.902,4.33,4.3,323.364,329.793,20802.0,61.7,227000,4.26,1.72,2025-09-15 21:20:38,180.9499969482422,155.6699981689453,-0.018815753471184245,-0.15589415619483096,0.03250711447206704,0.022304693278430317,1.1288888,190.4149601603616,188.53342966251233,392.60967697862
2025-08-14,179.8300018310547,185.44000244140625,179.55999755859375,180.9499969482422,66308800,0.0,0.0,AMD,-0.01881575347118425,177.0719970703125,170.32699813842774,65.18051541548257,-0.39389252916267026,-0.38775920986177015,30353.902,4.33,4.3,323.364,329.793,20802.0,61.7,227000,4.26,1.72,2025-09-15 21:20:38,177.50999450683594,158.57000732421875,-0.01901079027036517,-0.12368051948862353,0.0015091639253597294,0.019186562002568647,1.1282817,181.22308015593043,184.42180528405424,385.11254781675234
2025-08-15,180.05999755859375,180.13999938964844,176.25,177.50999450683594,51543100,0.0,0.0,AMD,-0.01901079027036512,178.0219970703125,171.35299758911134,61.19818191026231,-0.6049146316760599,-0.22268085080713274,30353.902,4.33,4.3,323.364,329.793,20802.0,61.7,227000,4.26,1.72,2025-09-15 21:20:38,176.13999938964844,161.16000366210938,-0.007717847780873776,-0.09210743817637221,0.003277405308112177,0.023306347620390116,1.102143,178.0917667050756,181.6471041449058,373.1514011231957
2025-08-18,176.75999450683594,178.8000030517578,174.36000061035156,176.13999938964844,35937500,0.0,0.0,AMD,-0.00771784778087381,178.79399719238282,172.30999755859375,59.63550326317777,-0.8732699738440548,-0.3027679747628683,30353.902,4.33,4.3,323.364,329.793,20802.0,61.7,227000,4.26,1.72,2025-09-15 21:20:38,166.5500030517578,161.16000366210938,-0.05444530697809358,-0.09210743817637221,0.005967045538266031,0.02362641546127293,1.1166316,177.19103478711662,180.30155619457662,372.82347250495513
2025-08-19,173.10000610351562,173.1699981689453,166.10000610351562,166.5500030517578,64455000,0.0,0.0,AMD,-0.05444530697809358,177.11399841308594,172.9014976501465,50.00909533661678,-1.6860839649944381,0.7935304347826087,30353.902,4.33,4.3,323.364,329.793,20802.0,61.7,227000,4.26,1.72,2025-09-15 21:20:38,165.1999969482422,161.16000366210938,-0.008105710470002761,-0.09210743817637221,-0.010459060191620356,0.05367548925713244,1.1226299,164.80804654492493,175.48965595133782,353.5240131425053
2025-08-20,164.10000610351562,166.64999389648438,158.25,165.1999969482422,60233200,0.0,0.0,AMD,-0.008105710470002747,173.2699981689453,173.22899780273437,48.814528522086405,-2.2678451838284337,-0.06549996121324952,30353.902,4.33,4.3,323.364,329.793,20802.0,61.7,227000,4.26,1.72,2025-09-15 21:20:38,163.7100067138672,161.16000366210938,-0.009019311512710378,-0.09210743817637221,0.005017431426083697,0.07303375876486315,1.1153467,166.02887660451924,177.2651736733162,349.4552634533793
2025-08-21,165.86000061035156,165.8800048828125,162.25999450683594,163.7100067138672,37880500,0.0,0.0,AMD,-0.009019311512710404,169.8220001220703,173.30849838256836,47.46685625896124,-2.678054699095611,-0.37110264770923673,30353.902,4.33,4.3,323.364,329.793,20802.0,61.7,227000,4.26,1.72,2025-09-15 21:20:38,167.75999450683594,161.16000366210938,0.024738791930094598,-0.09210743817637221,0.009773104586239144,0.0857227438371204,1.0535759,165.30996173129572,177.7436776829733,336.1909395334005
2025-08-22,162.1699981689453,168.52999877929688,161.8000030517578,167.75999450683594,43998600,0.0,0.0,AMD,0.02473879193009454,167.87200012207032,173.372998046875,51.39486395271697,-2.599582785766211,0.16151053972360452,30353.902,4.33,4.3,323.364,329.793,20802.0,61.7,227000,4.26,1.72,2025-09-15 21:20:38,163.36000061035156,161.16000366210938,-0.026227909159266708,-0.09210743817637221,0.01337791039142863,0.048206353060990706,1.047647,170.00427268061495,175.84709203154233,343.5132493644269
2025-08-25,165.5500030517578,165.58999633789062,161.72000122070312,163.36000061035156,36134700,0.0,0.0,AMD,-0.02622790915926676,165.31600036621094,172.8579978942871,47.26039855390964,-2.7522615634030405,-0.17873068688549176,30353.902,4.33,4.3,323.364,329.793,20802.0,61.7,227000,4.26,1.72,2025-09-15 21:20:38,166.6199951171875,161.16000366210938,0.019955891862486703,-0.09210743817637221,0.0038776561808177993,0.08880274956510714,1.0637306,163.99345452641668,177.86681783350835,337.1310511405827
2025-08-26,168.64999389648438,169.77000427246094,164.91000366210938,166.6199951171875,52138600,0.0,0.0,AMD,0.019955891862486697,165.3299987792969,172.31699752807617,50.4414294671668,-2.5467019165924754,0.4428956100368897,30353.902,4.33,4.3,323.364,329.793,20802.0,61.7,227000,4.26,1.72,2025-09-15 21:20:38,167.1300048828125,161.16000366210938,0.003060915739832419,-0.09210743817637221,0.009756218326761315,0.05103760316311292,1.028545,168.24557616715467,175.12388030701834,337.9961417997838
2025-08-27,166.0399932861328,167.67999267578125,164.64999389648438,167.1300048828125,37031000,0.0,0.0,AMD,0.0030609157398324705,165.71600036621095,171.697998046875,50.93997532868336,-2.2970742948324245,-0.2897584515119317,30353.902,4.33,4.3,323.364,329.793,20802.0,61.7,227000,4.26,1.72,2025-09-15 21:20:38,168.5800018310547,161.16000366210938,0.008675862537423428,-0.09210743817637221,0.014592154480134172,0.05090245318340401,1.0493232,169.56879173232807,175.63733213190193,342.50337669614237
2025-08-28,168.5,170.99000549316406,166.64999389648438,168.5800018310547,36285200,0.0,0.0,AMD,0.008675862537423473,166.68999938964845,171.31149826049804,52.405903564946506,-1.967688329553912,-0.020139882800896514,30353.902,4.33,4.3,323.364,329.793,20802.0,61.7,227000,4.26,1.72,2025-09-15 21:20:38,162.6300048828125,161.16000366210938,-0.0352947970317682,-0.09210743817637221,0.01600451463471397,0.04491002879789859,1.0308745,171.27804293747988,176.15093456803714,342.36482536724
2025-08-29,166.80999755859375,168.57000732421875,161.89999389648438,162.6300048828125,37516800,0.0,0.0,AMD,-0.03529479703176819,165.66400146484375,170.85799865722657,46.29316079652008,-2.073343899331374,0.03394221335420511,30353.902,4.33,4.3,323.364,329.793,20802.0,61.7,227000,4.26,1.72,2025-09-15 21:20:38,162.32000732421875,161.16000366210938,-0.001906152304534008,-0.09210743817637221,0.008951693843510135,0.09445206137684177,1.0156726,164.08581889629198,177.99074408572,327.80885839485563
2025-09-02,158.4199981689453,162.38999938964844,156.6199951171875,162.32000732421875,38656100,0.0,0.0,AMD,-0.001906152304534059,165.45600280761718,170.13499908447267,45.99216118243896,-2.0814792804502735,0.030367728590924514,30353.902,4.33,4.3,323.364,329.793,20802.0,61.7,263000,4.26,1.72,2025-09-15 21:20:38,162.1300048828125,161.16000366210938,-0.0011705423412576505,-0.09210743817637221,0.014331917807519913,0.08122119303358676,0.9850871,164.64636432770547,175.50383197231233,322.219361749143
2025-09-03,161.80999755859375,164.75,160.5800018310547,162.1300048828125,30752800,0.0,0.0,AMD,-0.0011705423412576854,164.5580047607422,169.5259994506836,45.795617713533645,-2.0156625061080997,-0.20445156133184672,30353.902,4.33,4.3,323.364,329.793,20802.0,61.7,263000,4.26,1.72,2025-09-15 21:20:38,161.7899932861328,161.16000366210938,-0.0020971540519316443,-0.09210743817637221,0.01687337241333783,0.08122119303358676,0.99361575,164.86568483457648,175.29839730593577,323.2249307141901
2025-09-04,159.94000244140625,162.0500030517578,157.7899932861328,161.7899932861328,32103500,0.0,0.0,AMD,-0.002097154051931671,163.49000244140626,169.45949935913086,45.421545082567086,-1.911923308745099,0.04392120392289489,30353.902,4.33,4.3,323.364,329.793,20802.0,61.7,263000,4.26,1.72,2025-09-15 21:20:38,151.13999938964844,161.16000366210938,-0.06582603583924616,-0.09210743817637221,0.009280083071987853,0.0867878783934232,0.97090626,163.2914178640445,175.83140354872248,318.8729101894569
2025-09-05,157.1199951171875,157.13999938964844,150.17999267578125,151.13999938964844,78256000,0.0,0.0,AMD,-0.06582603583924618,160.002001953125,168.39649963378906,35.6098778696002,-2.443454575870792,1.4376158362795333,30353.902,4.33,4.3,323.364,329.793,20802.0,61.7,263000,4.26,1.72,2025-09-15 21:20:38,151.41000366210938,161.16000366210938,0.0017864514592516934,-0.09210743817637221,0.0010345330707719096,0.11003089978018933,0.9492055,151.29635871733348,167.77006951526872,294.60292076588485
2025-09-08,151.8000030517578,152.63999938964844,149.22000122070312,151.41000366210938,41849000,0.0,0.0,AMD,0.0017864514592516034,157.75800170898438,167.32900009155273,35.98740857216963,-2.6428394162936937,-0.46522950316908607,30353.902,4.33,4.3,323.364,329.793,20802.0,61.7,263000,4.26,1.72,2025-09-15 21:20:38,155.82000732421875,161.16000366210938,0.029126237074472684,-0.09210743817637221,0.023435742197972783,0.10593950677844317,0.8844378,154.95840947412867,167.45030477139554,285.3227341163074
2025-09-09,151.99000549316406,156.66000366210938,151.92999267578125,155.82000732421875,42802500,0.0,0.0,AMD,0.029126237074472705,156.45800170898437,166.50600051879883,41.97186410109897,-2.3533605735270133,0.02278429592104958,30353.902,4.33,4.3,323.364,329.793,20802.0,61.7,263000,4.26,1.72,2025-09-15 21:20:38,159.5399932861328,161.16000366210938,0.023873609209719718,-0.09210743817637221,0.01492887021629042,0.10665879664458919,0.9198208,158.14622399066343,172.43958179857097,299.14648886129726
2025-09-10,163.5399932861328,164.52999877929688,158.0,159.5399932861328,52465300,0.0,0.0,AMD,0.023873609209719815,155.93999938964845,165.73550033569336,46.514253202729044,-1.8113179371157346,0.22575316862332806,30353.902,4.33,4.3,323.364,329.793,20802.0,61.7,263000,4.26,1.72,2025-09-15 21:20:38,155.6699981689453,161.16000366210938,-0.024257209978984492,-0.09210743817637221,0.01665528791321742,0.0855280825419674,0.90938455,162.19717780798612,173.18514300065408,304.6231885651905
2025-09-11,158.6199951171875,160.2100067138672,154.99000549316406,155.6699981689453,48817700,0.0,0.0,AMD,-0.024257209978984506,154.71600036621095,164.29800033569336,42.763863101281615,-1.6196344794233395,-0.06952404732270667,30353.902,4.33,4.3,323.364,329.793,20802.0,61.7,263000,4.26,1.72,2025-09-15 21:20:38,158.57000732421875,161.16000366210938,0.018629210441218864,-0.09210743817637221,0.005606165141780152,0.09452251802749845,0.87300473,156.54270988630105,170.3843183772101,291.57063431389906
2025-09-12,157.0,160.41000366210938,154.9199981689453,158.57000732421875,42169500,0.0,0.0,AMD,0.018629210441218902,156.202001953125,163.1790008544922,46.26055375964665,-1.2218603996598514,-0.1361842118739719,30353.902,4.33,4.3,323.364,329.793,20802.0,61.7,263000,4.26,1.72,2025-09-15 21:20:38,161.16000366210938,161.16000366210938,0.01633345663278562,-0.09210743817637221,0.015318517020379853,0.07381911131401511,0.82132745,160.99906468033655,170.27550434594946,288.80790675191383
2025-09-15,160.00999450683594,161.39999389648438,157.6011962890625,161.16000366210938,36602379,0.0,0.0,AMD,0.016333456632785515,158.152001953125,162.36150131225585,49.24296552592235,-0.7327641119238522,-0.13201771422473585,30353.902,4.33,4.3,323.364,329.793,20802.0,61.7,263000,4.26,1.72,2025-09-15 21:20:38,161.16000366210938,161.16000366210938,0.01633345663278562,-0.09210743817637221,0.01363099706088672,0.05895573037865832,0.82986856,163.35677519836008,170.6613093858363,294.90162303609395
2025-05-01,190.6300048828125,191.80999755859375,187.5,190.1999969482422,74266000,0.0,0.0,AMZN,0.031341496782804956,187.73999938964843,180.3754997253418,53.159619345702666,2.298511312014801,0.34597156398104256,30353.902,4.33,4.2,320.58,326.854,20617.5,52.2,229000,4.42,1.72,2025-09-15 21:20:38,189.97999572753906,205.00999450683594,-0.001156683618470259,0.07786539325036841,0.02071194738175816,0.09961859372539637,0.17601497,194.13940927704473,209.14745317080076,223.67805310416406
2025-05-02,191.44000244140625,192.8800048828125,186.39999389648438,189.97999572753906,77903500,0.0,0.0,AMZN,-0.0011566836184702112,187.93799743652343,180.9539993286133,52.96269452687386,2.3186821583146,0.04897934451835284,30353.902,4.33,4.2,320.58,326.854,20617.5,52.2,229000,4.42,1.72,2025-09-15 21:20:38,186.35000610351562,206.64999389648438,-0.01910722026349242,0.08774607086975983,0.013079545253028345,0.10036080437359259,0.17501953,192.46484767882754,209.04654091364657,223.23020009127868
2025-05-05,186.50999450683594,188.17999267578125,185.52999877929688,186.35000610351562,35217500,0.0,0.0,AMZN,-0.01910722026349243,187.66799926757812,181.72149963378905,49.69178758391706,2.0113736153763044,-0.5479343033368205,30353.902,4.33,4.2,320.58,326.854,20617.5,52.2,229000,4.42,1.72,2025-09-15 21:20:38,185.00999450683594,205.7100067138672,-0.007190832051464082,0.10389052844783525,0.00676803167165796,0.11212299086033642,0.19235916,187.6112288468379,207.24412613468377,222.19614588603872
2025-05-06,184.57000732421875,187.92999267578125,183.85000610351562,185.00999450683594,29314100,0.0,0.0,AMZN,-0.007190832051464091,187.19199829101564,182.20899963378906,48.50099366167154,1.6564736777880893,-0.16762689004046283,30353.902,4.33,4.2,320.58,326.854,20617.5,52.2,229000,4.42,1.72,2025-09-15 21:20:38,188.7100067138672,207.22999572753906,0.019998985551532126,0.12010162629285477,0.025423246207512837,0.12652480209293682,0.21500573,189.71354914803382,208.41834744702868,224.7882081368607
2025-05-07,185.55999755859375,190.99000549316406,185.00999450683594,188.7100067138672,43948600,0.0,0.0,AMZN,0.019998985551532122,188.05,183.11149978637695,51.926590118413806,1.6082159233609477,0.49923074561388536,30353.902,4.33,4.2,320.58,326.854,20617.5,52.2,229000,4.42,1.72,2025-09-15 21:20:38,192.0800018310547,207.91000366210938,0.017858062621434155,0.10174339603174469,0.026118435236574814,0.10566618108643835,0.23121022,193.63881680271695,208.65027245611768,232.3416911055756
2025-05-08,191.42999267578125,194.3300018310547,188.82000732421875,192.0800018310547,41043600,0.0,0.0,AMZN,0.01785806262143419,188.4260009765625,183.1604995727539,54.87103559677648,1.7299589308304149,-0.06609994402552077,30353.902,4.33,4.2,320.58,326.854,20617.5,52.2,229000,4.42,1.72,2025-09-15 21:20:38,193.05999755859375,213.57000732421875,0.005102018524557411,0.11188049400408559,0.0278484055891561,0.08991814480333372,0.23019733,197.42912362761174,209.35147924952406,236.2963016433514
2025-05-09,193.3800048828125,194.69000244140625,191.16000366210938,193.05999755859375,29663100,0.0,0.0,AMZN,0.0051020185245573835,189.04200134277343,183.75249938964845,55.72037662060331,1.7954060488612027,-0.27727830892027017,30353.902,4.33,4.2,320.58,326.854,20617.5,52.2,229000,4.42,1.72,2025-09-15 21:20:38,208.63999938964844,216.97999572753906,0.08070031092964328,0.12389929799768898,0.026864929018045082,0.08226884419309523,0.24545313,198.24654068922933,208.94282041766104,240.4471761671448
2025-05-12,210.7100067138672,211.66000366210938,205.75,208.63999938964844,75205000,0.0,0.0,AMZN,0.08070031092964336,193.5,184.94099960327148,66.51119512751431,2.749783335642388,1.535304806308174,30353.902,4.33,4.2,320.58,326.854,20617.5,52.2,229000,4.42,1.72,2025-09-15 21:20:38,211.3699951171875,217.61000061035156,0.013084718824412103,0.04299272070045916,0.07742104518008668,0.04907896182710245,0.28147724,224.7931262087677,218.87983395529966,267.367404918532
2025-05-13,211.0800018310547,214.83999633789062,210.10000610351562,211.3699951171875,56193700,0.0,0.0,AMZN,0.01308471882441209,198.77200012207032,186.40349960327148,67.98351854057154,3.3849701143353603,-0.2527930323781663,30353.902,4.33,4.2,320.58,326.854,20617.5,52.2,229000,4.42,1.72,2025-09-15 21:20:38,210.25,213.1999969482422,-0.00529874222008925,0.008657812713862723,0.02004654514583898,0.06387143828464664,0.27816334,215.60723326677996,224.870500715541,270.1653734107531
2025-05-14,211.4499969482422,211.92999267578125,208.85000610351562,210.25,38492100,0.0,0.0,AMZN,-0.005298742220089303,203.0799987792969,187.93649978637694,66.68815661561042,3.533384472741466,-0.31501040152187876,30353.902,4.33,4.2,320.58,326.854,20617.5,52.2,229000,4.42,1.72,2025-09-15 21:20:38,205.1699981689453,213.24000549316406,-0.024161720956264864,0.01422119140625,0.005577916356683697,0.0647093999069129,0.38487047,211.4227569139927,223.8551513304284,291.1690287590027
2025-05-15,206.4499969482422,206.8800048828125,202.6699981689453,205.1699981689453,64347300,0.0,0.0,AMZN,-0.024161720956264898,205.697998046875,189.47849960327147,61.0098376814875,3.1081475074250693,0.6717014660151044,30353.902,4.33,4.2,320.58,326.854,20617.5,52.2,229000,4.42,1.72,2025-09-15 21:20:38,205.58999633789062,212.10000610351562,0.0020470740005537696,0.033776906937747604,0.011315988439200071,0.09749152516002207,0.49911654,207.49169949629578,225.17233420751475,307.57373775763153
2025-05-16,206.85000610351562,206.85000610351562,204.3699951171875,205.58999633789062,43318500,0.0,0.0,AMZN,0.002047074000553817,208.20399780273436,191.12749938964845,61.30320670695898,2.6895616843791315,-0.3268015907427352,30353.902,4.33,4.2,320.58,326.854,20617.5,52.2,229000,4.42,1.72,2025-09-15 21:20:38,206.16000366210938,216.10000610351562,0.002772544065237169,0.05112121189180636,0.01749579779859279,0.08263047248678158,0.5877146,209.1869573432318,222.57799487384625,326.4182536203152
2025-05-19,201.64999389648438,206.6199951171875,201.25999450683594,206.16000366210938,34314800,0.0,0.0,AMZN,0.0027725440652370814,207.70799865722657,193.06949920654296,61.72412908825599,2.30053080769833,-0.2078488405646548,30353.902,4.33,4.2,320.58,326.854,20617.5,52.2,229000,4.42,1.72,2025-09-15 21:20:38,204.07000732421875,214.82000732421875,-0.010137739138363968,0.042006225787145815,0.017112869864464565,0.052252387709119566,0.5729562,209.68799297603658,216.93235610357544,324.2806568624037
2025-05-20,204.6300048828125,205.58999633789062,202.64999389648438,204.07000732421875,29470400,0.0,0.0,AMZN,-0.010137739138364021,206.2480010986328,194.61399993896484,59.18217481434264,1.7754194457008512,-0.14117523634117057,30353.902,4.33,4.2,320.58,326.854,20617.5,52.2,229000,4.42,1.72,2025-09-15 21:20:38,201.1199951171875,212.52000427246094,-0.01445588328099769,0.04140734377892755,0.012916402556264599,0.07951702147532301,0.5711215,206.70585768847823,220.29704647908795,320.6187666737678
2025-05-21,201.61000061035156,203.4600067138672,200.05999755859375,201.1199951171875,42460900,0.0,0.0,AMZN,-0.014455883280997672,204.4220001220703,195.63999938964844,55.69561788579561,1.1336119334634214,0.44079822465931917,30353.902,4.33,4.2,320.58,326.854,20617.5,52.2,229000,4.42,1.72,2025-09-15 21:20:38,203.10000610351562,209.69000244140625,0.009844923599836122,0.04261141374444259,-0.004856385602639144,0.0809002981284294,0.5834973,200.14327886849753,217.39066268175625,318.4729663968028
2025-05-22,201.3800048828125,205.75999450683594,200.16000366210938,203.10000610351562,38938900,0.0,0.0,AMZN,0.00984492359983613,204.00800170898438,196.46800003051757,57.50516724916497,0.7643449772284217,-0.08294689938272626,30353.902,4.33,4.2,320.58,326.854,20617.5,52.2,229000,4.42,1.72,2025-09-15 21:20:38,200.99000549316406,208.47000122070312,-0.010388973643241258,0.026440152416590923,0.03321972470568187,0.08019124285218114,0.5822103,209.8469323939967,219.3868480162421,321.34692206492036
2025-05-23,198.89999389648438,202.3699951171875,197.85000610351562,200.99000549316406,33393500,0.0,0.0,AMZN,-0.010388973643241206,203.08800354003907,197.06800003051757,54.93041019187597,0.32250166363691246,-0.14241285706581341,30353.902,4.33,4.2,320.58,326.854,20617.5,52.2,229000,4.42,1.72,2025-09-15 21:20:38,206.02000427246094,212.77000427246094,0.025026113945093412,0.05860987341332019,0.021761545577658047,0.08020032774731636,0.5321849,205.3638586583573,217.10946980765075,307.9538392571303
2025-05-27,203.08999633789062,206.69000244140625,202.19000244140625,206.02000427246094,34892000,0.0,0.0,AMZN,0.025026113945093353,203.06000366210938,197.9840003967285,59.57693834081098,0.3132540860820532,0.044874002425621784,30353.902,4.33,4.2,320.58,326.854,20617.5,52.2,229000,4.42,1.72,2025-09-15 21:20:38,204.72000122070312,211.99000549316406,-0.006310081665849117,0.02897777447285077,0.036462040339070884,0.0710779885055199,0.53508496,213.53191397889898,220.66349176804607,316.25821060388625
2025-05-28,205.9199981689453,207.66000366210938,204.41000366210938,204.72000122070312,28549800,0.0,0.0,AMZN,-0.006310081665849121,203.19000244140625,198.85050048828126,57.91506585714057,0.17095401015274003,-0.18176659406167606,30353.902,4.33,4.2,320.58,326.854,20617.5,52.2,229000,4.42,1.72,2025-09-15 21:20:38,205.6999969482422,217.1199951171875,0.004787005283780531,0.0605705051902392,0.024537077709845374,0.06972753482021947,0.52652335,209.74323179941518,218.9946222342151,312.5098624171733
2025-05-29,208.02999877929688,208.80999755859375,204.22999572753906,205.6999969482422,34650000,0.0,0.0,AMZN,0.004787005283780621,204.1060028076172,199.91450042724608,58.84700060227802,0.09783336784982932,0.21366874724166185,30353.902,4.33,4.2,320.58,326.854,20617.5,52.2,229000,4.42,1.72,2025-09-15 21:20:38,205.00999450683594,223.3000030517578,-0.003354411529621301,0.08556152826751914,0.03238778275208355,0.07113332045731552,0.5690945,212.3621637615061,220.3321207492303,322.7627172984103
2025-05-30,204.83999633789062,205.99000549316406,201.6999969482422,205.00999450683594,51679400,0.0,0.0,AMZN,-0.0033544115296213484,204.48800048828124,200.65500030517578,57.875232303048,-0.03489220454566855,0.4914689754689754,30353.902,4.33,4.2,320.58,326.854,20617.5,52.2,229000,4.42,1.72,2025-09-15 21:20:38,206.64999389648438,219.38999938964844,0.007999607012299846,0.0701429455544569,0.019296602409237185,0.06409386044472501,0.5855782,208.96599086075423,218.14987648453092,325.05937872845607
2025-06-02,204.97999572753906,207.0,202.67999267578125,206.64999389648438,29113300,0.0,0.0,AMZN,0.007999607012299847,205.6199981689453,201.48850021362304,59.58357137017138,-0.04924449861924707,-0.4366556113267569,30353.902,4.33,4.1,321.5,327.6,20693.1,60.7,250000,4.38,1.72,2025-09-15 21:20:38,205.7100067138672,220.4600067138672,-0.004548692041520448,0.06682803399597756,0.019507802364723253,0.04740465313392965,0.6095931,210.68128113608827,216.4461651772759,332.6224152432478
2025-06-03,207.11000061035156,208.9499969482422,205.02999877929688,205.7100067138672,33139100,0.0,0.0,AMZN,-0.004548692041520419,205.55799865722656,202.4565002441406,58.128485935307545,-0.15318682169025966,0.1382804422720887,30353.902,4.33,4.1,321.5,327.6,20693.1,60.7,250000,4.38,1.72,2025-09-15 21:20:38,207.22999572753906,219.9199981689453,0.007388989179248374,0.06907778421709716,0.00912983552600749,0.04856935100016502,0.6789454,207.58810524121867,215.7012082341993,345.3758740673311
2025-06-04,206.5500030517578,208.17999267578125,205.17999267578125,207.22999572753906,29915600,0.0,0.0,AMZN,0.007388989179248462,206.05999755859375,203.56750030517577,59.83651989057256,-0.15049453331022633,-0.09727180279488579,30353.902,4.33,4.1,321.5,327.6,20693.1,60.7,250000,4.38,1.72,2025-09-15 21:20:38,207.91000366210938,223.41000366210938,0.003281416535202608,0.07807753833013341,0.014886133850720807,0.04443477825374537,0.7317638,210.31484918182352,216.43821463521684,358.8734131066303
2025-06-05,209.5500030517578,212.80999755859375,207.55999755859375,207.91000366210938,51864200,0.0,0.0,AMZN,0.0032814165352026414,206.5019989013672,204.5275001525879,60.6106515808969,-0.1343694931700643,0.7336840979288397,30353.902,4.33,4.1,321.5,327.6,20693.1,60.7,250000,4.38,1.72,2025-09-15 21:20:38,213.57000732421875,223.47000122070312,0.027223334916139413,0.07484006197162839,0.014008854523708291,0.04443477825374537,0.7670501,210.82258465743553,217.14843857157058,367.38737776086055
2025-06-06,212.39999389648438,213.8699951171875,210.5,213.57000732421875,39832500,0.0,0.0,AMZN,0.027223334916139486,208.21400146484376,205.60200042724608,66.41343674288501,0.20744758269674257,-0.23198468307618747,30353.902,4.33,4.1,321.5,327.6,20693.1,60.7,250000,4.38,1.72,2025-09-15 21:20:38,216.97999572753906,219.36000061035156,0.015966607137600737,0.027110516868331023,0.015982952216775054,0.04006943141154015,0.81661725,216.98348654621805,222.12763608425865,387.9749594823079
2025-06-09,214.75,217.85000610351562,212.8800048828125,216.97999572753906,38102500,0.0,0.0,AMZN,0.015966607137600786,210.28000183105468,206.79800033569336,69.3436486770522,0.5914199685376147,-0.043431870959643515,30353.902,4.33,4.1,321.5,327.6,20693.1,60.7,250000,4.38,1.72,2025-09-15 21:20:38,217.61000061035156,222.5399932861328,0.0029035159702168797,0.0256244707718375,0.01358962195733785,0.0337658309578797,0.8515054,219.92867184178112,224.3065055845166,401.7396335103567
2025-06-10,216.77999877929688,217.69000244140625,214.14999389648438,217.61000061035156,31303300,0.0,0.0,AMZN,0.0029035159702168745,212.66000061035157,207.24650039672852,69.86671367694666,0.8029259995653941,-0.17844498392493935,30353.902,4.33,4.1,321.5,327.6,20693.1,60.7,250000,4.38,1.72,2025-09-15 21:20:38,213.1999969482422,222.25999450683594,-0.02026562956546214,0.021368475177804755,0.013297665647587336,0.0318639764371151,0.90522224,220.5037056400393,224.5439205422804,414.5953992098257
2025-06-11,217.41000366210938,218.39999389648438,212.88999938964844,213.1999969482422,39326000,0.0,0.0,AMZN,-0.020265629565462184,213.8540008544922,207.33800048828124,61.904446291256406,0.5717743632550123,0.25628927301594406,30353.902,4.33,4.1,321.5,327.6,20693.1,60.7,250000,4.38,1.72,2025-09-15 21:20:38,213.24000549316406,225.02000427246094,0.00018765734284502704,0.0554409357101832,0.0037777069565380255,0.03620630288067417,0.9663118,214.00540405984748,220.91918061190907,419.21767240314693
2025-06-12,211.77999877929688,213.5800018310547,211.3300018310547,213.24000549316406,27640000,0.0,0.0,AMZN,0.00018765734284498237,214.9200012207031,207.48750076293945,61.946816044287196,0.35797702107743845,-0.2971570970858973,30353.902,4.33,4.1,321.5,327.6,20693.1,60.7,250000,4.38,1.72,2025-09-15 21:20:38,212.10000610351562,225.69000244140625,-0.005346085913906915,0.05838490258640189,0.015488856174376196,0.041080044958114015,1.0092235,216.54284926887087,221.99991450569175,428.4468218928596
2025-06-13,209.9600067138672,214.0500030517578,209.6199951171875,212.10000610351562,29337800,0.0,0.0,AMZN,-0.0053460859139069505,214.6260009765625,207.83400115966796,59.90243127285896,0.09014337250112536,0.06142547033285095,30353.902,4.33,4.1,321.5,327.6,20693.1,60.7,250000,4.38,1.72,2025-09-15 21:20:38,216.10000610351562,226.35000610351562,0.01885902821732026,0.06718528802420341,0.008981587814940222,0.04174774826006728,1.0001857,214.0050009338837,220.95470376428392,424.2394051324736
2025-06-16,212.30999755859375,217.05999755859375,211.60000610351562,216.10000610351562,33284200,0.0,0.0,AMZN,0.018859028217320217,214.45000305175782,208.35950164794923,64.34836655412292,0.13029839445534375,0.13451588053637287,30353.902,4.33,4.1,321.5,327.6,20693.1,60.7,250000,4.38,1.72,2025-09-15 21:20:38,214.82000732421875,223.19000244140625,-0.005923177895162731,0.03280886690255064,0.015224010282165374,0.041080044958114015,0.99582577,219.38991481841157,224.97740406969677,431.2979605419969
2025-06-17,215.1999969482422,217.41000366210938,214.55999755859375,214.82000732421875,32086300,0.0,0.0,AMZN,-0.005923177895162723,213.89200439453126,208.7925018310547,61.98009456665952,0.02413559230968154,-0.035990049332716434,30353.902,4.33,4.1,321.5,327.6,20693.1,60.7,250000,4.38,1.72,2025-09-15 21:20:38,212.52000427246094,223.8800048828125,-0.010706651956707716,0.04217483125265832,0.01337644143479908,0.04174774826006728,0.98248714,217.69353457121426,223.78825891121602,425.8779151873605
2025-06-18,215.08999633789062,217.9600067138672,212.33999633789062,212.52000427246094,44360500,0.0,0.0,AMZN,-0.010706651956707725,213.756005859375,209.2150016784668,57.85939032900904,-0.23332045746980867,0.3825370952711904,30353.902,4.33,4.1,321.5,327.6,20693.1,60.7,250000,4.38,1.72,2025-09-15 21:20:38,209.69000244140625,226.1300048828125,-0.01331640209938302,0.0640410330168396,0.00580417100044472,0.042714007996515806,0.9768275,213.7535067182735,221.5975854343744,420.11538922423097
2025-06-20,214.67999267578125,214.88999938964844,208.27000427246094,209.69000244140625,75350700,0.0,0.0,AMZN,-0.013316402099383007,213.04600524902344,209.64350204467775,53.17483524177657,-0.605399411676018,0.6985989788212486,30353.902,4.33,4.1,321.5,327.6,20693.1,60.7,250000,4.38,1.72,2025-09-15 21:20:38,208.47000122070312,229.3000030517578,-0.005818118205440101,0.09351900606625818,0.005721151073901254,0.04673900305407932,0.97360694,210.88967062406024,219.49070410592503,413.8456449233854
2025-06-23,209.7899932861328,210.38999938964844,207.30999755859375,208.47000122070312,37311700,0.0,0.0,AMZN,-0.005818118205440093,212.32000427246095,209.9120018005371,51.24849137436949,-0.9256904827347858,-0.5048260998238902,30353.902,4.33,4.1,321.5,327.6,20693.1,60.7,250000,4.38,1.72,2025-09-15 21:20:38,212.77000427246094,227.47000122070312,0.020626483554367532,0.09114021148723969,0.013152461159940327,0.05555092155506384,0.9441111,211.2118948147711,220.05070190509846,405.28884522052977
2025-06-24,212.13999938964844,214.33999633789062,211.0500030517578,212.77000427246094,38378800,0.0,0.0,AMZN,0.02062648355436747,211.65400390625,210.50100173950196,57.14174733949223,-0.8423481119439478,0.028599608165803314,30353.902,4.33,4.1,321.5,327.6,20693.1,60.7,250000,4.38,1.72,2025-09-15 21:20:38,211.99000549316406,228.2899932861328,-0.0036659245365152776,0.07294256099087104,0.014705129764425588,0.04384135400007226,0.8909291,215.89881479526485,222.09812935036678,402.33299330245245
2025-06-25,214.6199951171875,216.02999877929688,211.11000061035156,211.99000549316406,31755700,0.0,0.0,AMZN,-0.0036659245365152637,211.08800354003907,210.79950180053712,55.82350816595891,-0.8326590315852846,-0.1725718365347536,30353.902,4.33,4.1,321.5,327.6,20693.1,60.7,250000,4.38,1.72,2025-09-15 21:20:38,217.1199951171875,232.22999572753906,0.024199205109171347,0.09547615316717216,0.009363209948124528,0.044677275926466906,0.872614,213.97491242150062,221.4611414622354,396.9754576730793
2025-06-26,213.1199951171875,218.0399932861328,212.00999450683594,217.1199951171875,50480800,0.0,0.0,AMZN,0.024199205109171285,212.00800170898438,211.41950149536132,62.028063838821744,-0.49058287291905334,0.5896610687215209,30353.902,4.33,4.1,321.5,327.6,20693.1,60.7,250000,4.38,1.72,2025-09-15 21:20:38,223.3000030517578,231.44000244140625,0.02846355966079835,0.06595434619685638,0.013574647576031502,0.04522623771202863,0.86508226,220.067322532613,226.93951562839194,404.9466520412243
2025-06-27,219.9199981689453,223.3000030517578,216.74000549316406,223.3000030517578,119217100,0.0,0.0,AMZN,0.028463559660798277,214.7300018310547,212.29950180053712,67.88060010063606,0.11002272267821445,1.3616325414811175,30353.902,4.33,4.1,321.5,327.6,20693.1,60.7,250000,4.38,1.72,2025-09-15 21:20:38,219.38999938964844,232.7899932861328,-0.017510092291414304,0.042498836115892724,0.022159178653629787,0.03617133930628329,0.8744478,228.24814771273776,231.37706322923702,418.5642045004206
2025-06-30,223.52000427246094,223.82000732421875,219.1199951171875,219.38999938964844,58887800,0.0,0.0,AMZN,-0.017510092291414314,216.91400146484375,213.01850204467775,61.429535143747714,0.19701309098792663,-0.5060456931094617,30353.902,4.33,4.1,321.5,327.6,20693.1,60.7,250000,4.38,1.72,2025-09-15 21:20:38,220.4600067138672,231.00999450683594,0.00487719279454648,0.05296501731854132,0.00552356750651983,0.04221318597084833,0.9025056,220.6018148615325,228.65115023402797,417.3907103680576
2025-07-01,219.5,221.8800048828125,217.92999267578125,220.4600067138672,39256800,0.0,0.0,AMZN,0.00487719279454657,218.452001953125,213.70900268554686,62.48037962323979,0.27488284061046464,-0.3333627678398582,30353.902,4.33,4.2,322.132,328.656,20802.0,61.7,228000,4.39,1.72,2025-09-15 21:20:38,219.9199981689453,230.19000244140625,-0.002449462616694676,0.044134969750624774,0.015030693191575023,0.034775413506768035,0.9112905,223.77367343579593,228.12659460904675,421.36312228010684
2025-07-02,219.72999572753906,221.60000610351562,219.05999755859375,219.9199981689453,30894200,0.0,0.0,AMZN,-0.002449462616694653,220.03800048828126,214.41950225830078,61.568700259492886,0.23957993711202752,-0.21302296672168897,30353.902,4.33,4.2,322.132,328.656,20802.0,61.7,228000,4.39,1.72,2025-09-15 21:20:38,223.41000366210938,234.11000061035156,0.015869432167251094,0.06452347471604339,0.008489672647517914,0.0354431168087213,0.9581476,221.78704696204238,227.714648352621,430.6358002856796
2025-07-03,221.82000732421875,224.00999450683594,221.36000061035156,223.41000366210938,29632400,0.0,0.0,AMZN,0.015869432167251007,221.29600219726564,215.2285026550293,65.1118282315492,0.3918332736169656,-0.04084261770817821,30353.902,4.33,4.2,322.132,328.656,20802.0,61.7,228000,4.39,1.72,2025-09-15 21:20:38,223.47000122070312,214.75,0.0002685535903060623,-0.038762828522249035,0.013456363665999284,0.02946436422036183,0.96496993,226.41628991800894,229.99263738048214,438.9939266185611
2025-07-07,223.0,224.2899932861328,222.3699951171875,223.47000122070312,36604100,0.0,0.0,AMZN,0.0002685535903059755,221.3300018310547,216.006502532959,65.17127544309224,0.43387369575089973,0.23527287698600174,30353.902,4.33,4.2,322.132,328.656,20802.0,61.7,228000,4.39,1.72,2025-09-15 21:20:38,219.36000061035156,211.64999389648438,-0.018391733064396638,-0.05289303825861213,0.01293103293413173,0.02438764131010338,0.97056305,226.3596991662785,228.919907454042,440.3617281017978
2025-07-08,223.9199981689453,224.0,218.42999267578125,219.36000061035156,45692000,0.0,0.0,AMZN,-0.018391733064396676,221.32400207519532,216.29600219726564,57.893836092246005,0.13752254275703635,0.2482754664095006,30353.902,4.33,4.2,322.132,328.656,20802.0,61.7,228000,4.39,1.72,2025-09-15 21:20:38,222.5399932861328,213.75,0.014496684294917834,-0.025574400960713835,0.004419969183321291,0.03452367080754598,0.98456794,220.32956505310267,226.93311305976644,435.3348115063891
2025-07-09,221.07000732421875,224.2899932861328,220.47000122070312,222.5399932861328,38155100,0.0,0.0,AMZN,0.014496684294917905,221.73999938964843,216.57400207519532,61.47809253574454,0.10952622241884136,-0.16495010067407856,30353.902,4.33,4.2,322.132,328.656,20802.0,61.7,228000,4.39,1.72,2025-09-15 21:20:38,222.25999450683594,222.30999755859375,-0.001258195325533528,-0.0010335028960090935,0.014534827119475685,0.03235017642090404,0.9889411,225.774573615716,229.739201329646,442.61893312488064
2025-07-10,221.5500030517578,222.7899932861328,219.6999969482422,222.25999450683594,30370600,0.0,0.0,AMZN,-0.0012581953255335065,222.20799865722657,216.80650177001954,60.985829714543975,0.030138921758082304,-0.20402252909833807,30353.902,4.33,4.2,322.132,328.656,20802.0,61.7,228000,4.39,1.72,2025-09-15 21:20:38,225.02000427246094,223.1300048828125,0.012417933203629732,0.003914381343826606,0.014242870809725168,0.033485227030973654,0.9678726,225.42561489476702,229.70242088280028,437.37935762887355
2025-07-11,223.5800018310547,226.67999267578125,222.3699951171875,225.02000427246094,50518300,0.0,0.0,AMZN,0.012417933203629827,222.52999877929688,217.39750213623046,64.04221919884017,0.11663991434530896,0.6633948621364083,30353.902,4.33,4.2,322.132,328.656,20802.0,61.7,228000,4.39,1.72,2025-09-15 21:20:38,225.69000244140625,222.69000244140625,0.0029775049161142966,-0.01035464308423642,0.009956603482620782,0.03235017642090404,0.95995903,227.26043923065947,232.29944110890762,441.02998933850904
2025-07-14,225.07000732421875,226.66000366210938,224.24000549316406,225.69000244140625,35702600,0.0,0.0,AMZN,0.0029775049161142597,222.9739990234375,218.02000198364257,64.76386203360532,0.16893644697199406,-0.2932739225191663,30353.902,4.33,4.2,322.132,328.656,20802.0,61.7,228000,4.39,1.72,2025-09-15 21:20:38,226.35000610351562,221.3000030517578,0.0029243814744551013,-0.019451457052414942,0.014651546713516178,0.03235017642090404,0.9748292,228.9967100549501,232.99111383682,445.6992062764766
2025-07-15,226.1999969482422,227.27000427246094,225.4600067138672,226.35000610351562,34907300,0.0,0.0,AMZN,0.0029243814744550622,224.37200012207032,218.73250198364258,65.49841958103426,0.19602994967742404,-0.022275688605311705,30353.902,4.33,4.2,322.132,328.656,20802.0,61.7,228000,4.39,1.72,2025-09-15 21:20:38,223.19000244140625,221.47000122070312,-0.013960696164789255,-0.02155955268930167,0.013629663858500608,0.02986670785493731,0.98131824,229.4350806010761,233.1103356087726,448.47139467519446
2025-07-16,225.8800048828125,226.10000610351562,222.17999267578125,223.19000244140625,39535900,0.0,0.0,AMZN,-0.013960696164789232,224.502001953125,219.0870018005371,59.141380182365154,-0.038324339795702045,0.13259690666422208,30353.902,4.33,4.2,322.132,328.656,20802.0,61.7,228000,4.39,1.72,2025-09-15 21:20:38,223.8800048828125,224.55999755859375,0.0030915472640285283,0.006138245899016749,0.002506636389242988,0.03307321167465293,1.0005326,223.7494586232411,230.57161263581716,446.4988819278369
2025-07-17,223.32000732421875,224.5,222.50999450683594,223.8800048828125,31855800,0.0,0.0,AMZN,0.0030915472640284936,224.8260040283203,219.5400016784668,60.05308664742519,-0.1784780570819935,-0.19425635941005515,30353.902,4.33,4.2,322.132,328.656,20802.0,61.7,228000,4.39,1.72,2025-09-15 21:20:38,226.1300048828125,230.97999572753906,0.010050026580880849,0.03171337631711672,0.013989324235576866,0.034701319869308925,1.0107287,227.0119348609807,231.64893654459343,450.1619816350285
2025-07-18,225.13999938964844,226.39999389648438,222.97999572753906,226.1300048828125,37833800,0.0,0.0,AMZN,0.010050026580880944,225.04800415039062,220.2205017089844,62.95582470455091,-0.15227940389149008,0.18765813446844848,30353.902,4.33,4.2,322.132,328.656,20802.0,61.7,228000,4.39,1.72,2025-09-15 21:20:38,229.3000030517578,231.02999877929688,0.014018476542235528,0.0216689240290058,0.014047906123210342,0.0342320546971425,0.98762983,229.30665796304734,233.87089957862602,449.4627568308497
2025-07-21,225.83999633789062,229.69000244140625,225.64999389648438,229.3000030517578,40297600,0.0,0.0,AMZN,0.014018476542235536,225.77000427246094,221.20100173950195,66.63443879474494,0.03587152506448277,0.06512166369754024,30353.902,4.33,4.2,322.132,328.656,20802.0,61.7,228000,4.39,1.72,2025-09-15 21:20:38,227.47000122070312,231.49000549316406,-0.00798081904360733,0.009550817323416784,0.01305146921827765,0.025717027936241563,0.987043,232.2927049833388,235.19691763602015,455.62897126296775
2025-07-22,229.67999267578125,230.0,226.35000610351562,227.47000122070312,37483700,0.0,0.0,AMZN,-0.007980819043607368,225.99400329589844,222.15100173950196,62.75986870124971,-0.0035022572172778155,-0.06982797983006428,30353.902,4.33,4.2,322.132,328.656,20802.0,61.7,228000,4.39,1.72,2025-09-15 21:20:38,228.2899932861328,228.00999450683594,0.0036048360708192412,0.002373909892447238,0.00528805425563594,0.02886819980416156,0.99284077,228.67287492868778,234.03665066539526,453.3114916809427
2025-07-23,228.47000122070312,228.7899932861328,227.08999633789062,228.2899932861328,28294900,0.0,0.0,AMZN,0.003604836070819184,227.01400146484374,222.92700119018554,63.77625985485206,-0.014295679930057759,-0.24514122138422834,30353.902,4.33,4.2,322.132,328.656,20802.0,61.7,228000,4.39,1.72,2025-09-15 21:20:38,232.22999572753906,223.80999755859375,0.017258761037624422,-0.01962414411184441,0.014372252169705087,0.028200496502208294,1.0051734,231.57103463746142,234.72788444328754,457.76103223903556
2025-07-24,229.1699981689453,236.0,228.63999938964844,232.22999572753906,42902300,0.0,0.0,AMZN,0.01725876103762447,228.68399963378906,223.9390007019043,68.25898406179556,0.19253467812325198,0.516255579627424,30353.902,4.33,4.2,322.132,328.656,20802.0,61.7,228000,4.39,1.72,2025-09-15 21:20:38,231.44000244140625,221.9499969482422,-0.0034017710918776496,-0.044266455532978415,0.0120272784145455,0.024015369964655447,1.0092914,235.02309054236287,237.8070849918263,466.6177356632943
2025-07-25,232.22000122070312,232.47999572753906,231.17999267578125,231.44000244140625,28712100,0.0,0.0,AMZN,-0.00340177109187767,229.74599914550782,224.65500106811524,66.48247470013429,0.2226289140711284,-0.3307561599261578,30353.902,4.33,4.2,322.132,328.656,20802.0,61.7,228000,4.39,1.72,2025-09-15 21:20:38,232.7899932861328,228.83999633789062,0.0058330056623134546,-0.011234039388561922,0.007389242680448103,0.02638473123819483,1.0233599,233.15016878540928,237.54648470358993,468.2863913915644
2025-07-28,233.35000610351562,234.2899932861328,232.25,232.7899932861328,26300100,0.0,0.0,AMZN,0.005833005662313484,230.44399719238282,225.12950057983397,68.01445621496705,0.2764321545641941,-0.08400639451659753,30353.902,4.33,4.2,322.132,328.656,20802.0,61.7,228000,4.39,1.72,2025-09-15 21:20:38,231.00999450683594,227.94000244140625,-0.00764637153929979,-0.02083418954682136,0.013164407356248771,0.024015369964655447,1.0345958,235.85453558620986,238.38053109896896,473.6335813440746
2025-07-29,234.14999389648438,234.72000122070312,230.30999755859375,231.00999450683594,33716200,0.0,0.0,AMZN,-0.007646371539299812,231.15199584960936,225.71050033569335,63.869242654415004,0.14189661463872483,0.28197991642617337,30353.902,4.33,4.2,322.132,328.656,20802.0,61.7,228000,4.39,1.72,2025-09-15 21:20:38,230.19000244140625,228.7100067138672,-0.0035495956232552642,-0.009956226343707781,0.006178377357640671,0.03129780926519307,1.0523913,232.4372614262857,238.24010125326416,474.122900782324
2025-07-30,231.63999938964844,231.8000030517578,229.2899932861328,230.19000244140625,32993300,0.0,0.0,AMZN,-0.003549595623255297,231.53199768066406,226.1970001220703,61.99478569813046,-0.04269147417149988,-0.021440731755061337,30353.902,4.33,4.2,322.132,328.656,20802.0,61.7,228000,4.39,1.72,2025-09-15 21:20:38,234.11000061035156,229.1199951171875,0.017029402351838148,-0.004648365753812941,0.007831231625647984,0.03129780926519307,1.0643979,231.99267366843335,237.39444523257168,475.2037373589119
2025-07-31,235.77000427246094,236.52999877929688,231.39999389648438,234.11000061035156,104357300,0.0,0.0,AMZN,0.017029402351838252,231.90799865722656,226.90650024414063,66.9833703018339,0.053617287470733466,2.1629846059654536,30353.902,4.33,4.2,322.132,328.656,20802.0,61.7,228000,4.39,1.72,2025-09-15 21:20:38,214.75,231.60000610351562,-0.08269617085933034,-0.0107214322339588,0.010609925451171629,0.019168335889294688,1.042945,236.59389026420112,238.59749973709376,478.27383369205927
2025-08-01,217.2100067138672,220.44000244140625,212.8000030517578,214.75,122258800,0.0,0.0,AMZN,-0.08269617085933034,228.56999816894532,226.47350006103517,39.445296219115086,-1.1648592517443337,0.17154046722174687,30353.902,4.33,4.3,323.364,329.793,20802.0,61.7,227000,4.26,1.72,2025-09-15 21:20:38,211.64999389648438,229.0,-0.014435418409851571,0.06635622817229336,0.025485982242172175,0.09414951375074708,1.0478445,220.22311468650648,234.96860807797293,439.77458703517914
2025-08-04,217.39999389648438,217.44000244140625,211.4199981689453,211.64999389648438,77890100,0.0,0.0,AMZN,-0.01443541840985152,224.3419982910156,225.88249969482422,36.8339933865518,-2.1032133793141856,-0.36290802788838106,30353.902,4.33,4.3,323.364,329.793,20802.0,61.7,227000,4.26,1.72,2025-09-15 21:20:38,213.75,225.33999633789062,0.009922070229506901,0.06468227184595089,0.009152160655817212,0.093707173722509,0.9719295,213.58704864342772,231.4831166429102,417.35887725796783
2025-08-05,213.0500030517578,216.3000030517578,212.8699951171875,213.75,51505100,0.0,0.0,AMZN,0.009922070229506863,220.88999938964844,225.60199966430665,39.744070514653735,-2.4801558526099843,-0.3387465159243601,30353.902,4.33,4.3,323.364,329.793,20802.0,61.7,227000,4.26,1.72,2025-09-15 21:20:38,222.30999755859375,225.99000549316406,0.04004677220394737,0.05726318359375,0.01266232609240702,0.09377335442296507,0.826411,216.456572202252,233.79405450790878,390.3953531384468
2025-08-06,214.6999969482422,222.64999389648438,213.74000549316406,222.30999755859375,54823000,0.0,0.0,AMZN,0.04004677220394748,219.31399841308593,225.5904998779297,49.8801228284986,-2.067542090222675,0.06441886337469493,30353.902,4.33,4.3,323.364,329.793,20802.0,61.7,227000,4.26,1.72,2025-09-15 21:20:38,223.1300048828125,235.67999267578125,0.0036885760119835477,0.06014122290502747,0.012949812010216609,0.04913892727552552,0.79614437,225.18887023496922,233.23407236124777,399.30084967910807
2025-08-07,221.0,226.22000122070312,220.82000732421875,223.1300048828125,40603500,0.0,0.0,AMZN,0.0036885760119835798,217.1179992675781,225.6340003967285,50.73506306783153,-1.6709154188765765,-0.25937106688798495,30353.902,4.33,4.3,323.364,329.793,20802.0,61.7,227000,4.26,1.72,2025-09-15 21:20:38,222.69000244140625,232.3300018310547,-0.0019719555047620716,0.041231554461149275,0.014241278028204511,0.04373240635565104,0.76834434,226.30766131878323,232.88801692648605,394.5706951226457
2025-08-08,223.13999938964844,223.8000030517578,221.8800048828125,222.69000244140625,32970500,0.0,0.0,AMZN,-0.001971955504762035,218.70599975585938,225.5175003051758,50.23984544258125,-1.381703497378727,-0.18798872018422053,30353.902,4.33,4.3,323.364,329.793,20802.0,61.7,227000,4.26,1.72,2025-09-15 21:20:38,221.3000030517578,235.83999633789062,-0.006241858073597944,0.059050670224606853,0.007700257484147404,0.04531591843672383,0.74063545,224.4047727993505,232.78140442871484,387.6221003732935
2025-08-11,221.77999877929688,223.0500030517578,220.39999389648438,221.3000030517578,31646200,0.0,0.0,AMZN,-0.006241858073597895,220.63600158691406,225.29800033569336,48.62514125599391,-1.2324554310515088,-0.040166209187000534,30353.902,4.33,4.3,323.364,329.793,20802.0,61.7,227000,4.26,1.72,2025-09-15 21:20:38,221.47000122070312,238.24000549316406,0.0007681796954406422,0.07654768281880371,0.008119921595868752,0.051964990327599984,0.73313147,223.0969417257036,232.79985556984028,383.5419860325055
2025-08-12,222.22999572753906,223.5,219.0500030517578,221.47000122070312,37185800,0.0,0.0,AMZN,0.0007681796954406295,222.18000183105468,225.05400009155272,48.84169968939555,-1.0763934128742247,0.17504787304636893,30353.902,4.33,4.3,323.364,329.793,20802.0,61.7,227000,4.26,1.72,2025-09-15 21:20:38,224.55999755859375,230.3300018310547,0.013952211680404192,0.04000542087649262,0.012491491289808008,0.052031171028056045,0.72580194,224.2364918119053,232.99334473180133,382.21335880663537
2025-08-13,222.0,224.9199981689453,222.0,224.55999755859375,36508300,0.0,0.0,AMZN,0.01395221168040428,222.6300018310547,225.12249984741212,52.74117175955433,-0.7354407907447351,-0.018219320278170748,30353.902,4.33,4.3,323.364,329.793,20802.0,61.7,227000,4.26,1.72,2025-09-15 21:20:38,230.97999572753906,229.9499969482422,0.028589233339611886,0.024002491308551255,0.014933571250391615,0.03711431985209099,0.7119101,227.91348028212275,232.89438913396816,384.4265342974759
2025-08-14,227.39999389648438,233.11000061035156,227.02000427246094,230.97999572753906,61545800,0.0,0.0,AMZN,0.02858923333961183,224.2,225.47749938964844,59.62681262285085,-0.08228646414078411,0.6858029543966715,30353.902,4.33,4.3,323.364,329.793,20802.0,61.7,227000,4.26,1.72,2025-09-15 21:20:38,231.02999877929688,228.14999389648438,0.00021648217457236182,-0.012252151196647004,0.012677837960887561,0.025466075969148693,0.6933809,233.90832268557932,236.86214984609023,391.1370974957026
2025-08-15,232.5800018310547,234.0800018310547,229.80999755859375,231.02999877929688,39649200,0.0,0.0,AMZN,0.00021648217457226338,225.8679992675781,225.72249908447264,59.67609257947665,0.32597975397651036,-0.35577732355416614,30353.902,4.33,4.3,323.364,329.793,20802.0,61.7,227000,4.26,1.72,2025-09-15 21:20:38,231.49000549316406,231.42999267578125,0.001991112480187615,0.0017313504678952514,0.015442308162862425,0.025466075969148693,0.68572533,234.59763521531252,236.9134262793628,389.4531212339607
2025-08-18,230.22999572753906,231.91000366210938,228.3300018310547,231.49000549316406,25248900,0.0,0.0,AMZN,0.0019911124801876845,227.90599975585937,225.83199920654297,60.157898201402396,0.5847753622579934,-0.3631926999788142,30353.902,4.33,4.3,323.364,329.793,20802.0,61.7,227000,4.26,1.72,2025-09-15 21:20:38,228.00999450683594,231.42999267578125,-0.015033093886340118,0.0017313504678952514,0.015030693191575023,0.019037828303563903,0.68539494,234.96946074264784,235.897072471734,390.1520983556511
2025-08-19,230.08999633789062,230.52999877929688,227.1199951171875,228.00999450683594,29891000,0.0,0.0,AMZN,-0.01503309388634011,229.21399841308593,225.8589988708496,54.821353674218834,0.4835436482305513,0.1838535540162145,30353.902,4.33,4.3,323.364,329.793,20802.0,61.7,227000,4.26,1.72,2025-09-15 21:20:38,223.80999755859375,231.42999267578125,-0.018420231785568803,0.0017313504678952514,0.0031650774111129185,0.02580362563394039,0.72086877,228.7316637899575,233.89347904588715,392.37529154328877
2025-08-20,227.1199951171875,227.27000427246094,220.9199981689453,223.80999755859375,36604300,0.0,0.0,AMZN,-0.01842023178556884,229.06399841308593,225.63499908447267,49.15401081739005,0.11491060133894293,0.22459268676190147,30353.902,4.33,4.3,323.364,329.793,20802.0,61.7,227000,4.26,1.72,2025-09-15 21:20:38,221.9499969482422,231.42999267578125,-0.008310623433453243,0.0017313504678952514,0.0013232635074538301,0.04744308967406413,0.7461736,224.10615716096638,234.42823534271818,390.81111367921403
2025-08-21,222.64999389648438,222.77999877929688,220.5,221.9499969482422,32140500,0.0,0.0,AMZN,-0.008310623433453235,227.25799865722655,225.12099914550782,46.8444131630202,-0.2529288719903253,-0.12194742147780457,30353.902,4.33,4.3,323.364,329.793,20802.0,61.7,227000,4.26,1.72,2025-09-15 21:20:38,228.83999633789062,231.42999267578125,0.031043025385826685,0.0017313504678952514,0.008107557744763341,0.056879815836915114,0.7333238,223.7494693649501,234.57447189966206,384.7112148913038
2025-08-22,222.7899932861328,229.13999938964844,220.82000732421875,228.83999633789062,37315300,0.0,0.0,AMZN,0.031043025385826706,226.81999816894532,224.99099884033203,55.235234321787395,-0.04200716130092519,0.1610055848540004,30353.902,4.33,4.3,323.364,329.793,20802.0,61.7,227000,4.26,1.72,2025-09-15 21:20:38,227.94000244140625,231.42999267578125,-0.0039328522587262285,0.0017313504678952514,0.015053054358507316,0.029132974802738767,0.67297363,232.28473724216548,235.5067861850612,382.8432800062001
2025-08-25,227.35000610351562,229.60000610351562,227.30999755859375,227.94000244140625,22633700,0.0,0.0,AMZN,-0.003932852258726194,226.10999755859376,224.7484992980957,54.03535215731005,0.023570552599577743,-0.3934471919025172,30353.902,4.33,4.3,323.364,329.793,20802.0,61.7,227000,4.26,1.72,2025-09-15 21:20:38,228.7100067138672,231.42999267578125,0.0033781006590050955,0.0017313504678952514,0.013497728461115964,0.029800678104692033,0.656587,231.01667469978645,234.7327690813453,377.60244588695787
2025-08-26,227.11000061035156,229.0,226.02000427246094,228.7100067138672,26105400,0.0,0.0,AMZN,0.0033781006590050122,226.25,224.63349990844728,54.93729274486366,0.10113343263385399,0.1533863221656202,30353.902,4.33,4.3,323.364,329.793,20802.0,61.7,227000,4.26,1.72,2025-09-15 21:20:38,229.1199951171875,231.42999267578125,0.0017926124405795577,0.0017313504678952514,0.014644665094940739,0.029132974802738767,0.64840925,232.05938816605342,235.37300957659647,377.00769003968344
2025-08-27,228.57000732421875,229.8699951171875,227.80999755859375,229.1199951171875,21254500,0.0,0.0,AMZN,0.0017926124405795996,227.31199951171874,224.57999954223632,55.43868213657867,0.15893653301560184,-0.1858197920736706,30353.902,4.33,4.3,323.364,329.793,20802.0,61.7,227000,4.26,1.72,2025-09-15 21:20:38,231.60000610351562,231.42999267578125,0.010824070527147485,0.0017313504678952514,0.01574819046703125,0.029132974802738767,0.6650918,232.72822044009826,235.79494216174012,381.50581431839964
2025-08-28,229.00999450683594,232.7100067138672,228.02000427246094,231.60000610351562,33679600,0.0,0.0,AMZN,0.0108240705271474,229.24200134277345,224.45449981689453,58.450252184272216,0.3330662090736012,0.5845867933849302,30353.902,4.33,4.3,323.364,329.793,20802.0,61.7,227000,4.26,1.72,2025-09-15 21:20:38,229.0,231.42999267578125,-0.011226278216735148,0.0017313504678952514,0.012778238219550932,0.02651080171822382,0.6727579,234.5594461531558,237.73990794326537,387.41073151173623
2025-08-29,231.32000732421875,231.80999755859375,228.16000366210938,229.0,26199200,0.0,0.0,AMZN,-0.011226278216735164,229.2740020751953,225.16699981689453,54.306513934343954,0.2460250157001449,-0.22210477559115904,30353.902,4.33,4.3,323.364,329.793,20802.0,61.7,227000,4.26,1.72,2025-09-15 21:20:38,225.33999633789062,231.42999267578125,-0.0159825487428357,0.0017313504678952514,0.006964591918966702,0.032230287565723534,0.70177823,230.59489154944336,236.38073585255066,389.70720171928406
2025-09-02,223.52000427246094,226.1699981689453,221.8300018310547,225.33999633789062,38843900,0.0,0.0,AMZN,-0.015982548742835667,228.75400085449218,225.85149993896485,49.036440152475784,-0.0683574843454009,0.4826368744083789,30353.902,4.33,4.3,323.364,329.793,20802.0,61.7,263000,4.26,1.72,2025-09-15 21:20:38,225.99000549316406,231.42999267578125,0.002884570719078064,0.0017313504678952514,-0.0019012105424355626,0.057654913404989835,0.7031821,224.91157756122064,238.33195431343242,383.7950484583671
2025-09-03,225.2100067138672,227.1699981689453,224.36000061035156,225.99000549316406,29223100,0.0,0.0,AMZN,0.0028845707190781056,228.21000061035156,226.46350021362304,49.96510792515966,-0.23354191137152824,-0.24767852867503004,30353.902,4.33,4.3,323.364,329.793,20802.0,61.7,263000,4.26,1.72,2025-09-15 21:20:38,235.67999267578125,231.42999267578125,0.042877945692648335,0.0017313504678952514,0.013884720989084944,0.05280076030390017,0.68840975,229.1278136657584,237.9224496042857,381.56374117397354
2025-09-04,231.19000244140625,235.77000427246094,230.77999877929688,235.67999267578125,59391800,0.0,0.0,AMZN,0.042877945692648245,229.52200012207032,227.13199996948242,61.28955879439897,0.28088993186775313,1.032357963391974,30353.902,4.33,4.3,323.364,329.793,20802.0,61.7,263000,4.26,1.72,2025-09-15 21:20:38,232.3300018310547,231.42999267578125,-0.014214150326010306,0.0017313504678952514,0.030024857226345472,0.0393660795181144,0.64425653,242.75625080697773,244.95779000828466,387.51838151179254
2025-09-05,235.19000244140625,236.0,231.92999267578125,232.3300018310547,36721800,0.0,0.0,AMZN,-0.014214150326010255,229.66799926757812,227.59199981689454,56.526343833468886,0.36150358076169353,-0.3817025245909368,30353.902,4.33,4.3,323.364,329.793,20802.0,61.7,263000,4.26,1.72,2025-09-15 21:20:38,235.83999633789062,231.42999267578125,0.015107797009308893,0.0017313504678952514,0.0026920480521361112,0.037061880860936154,0.6627886,232.9554453599368,240.94058867933833,386.31568534379403
2025-09-08,234.94000244140625,237.60000610351562,233.75,235.83999633789062,33947100,0.0,0.0,AMZN,0.015107797009308976,231.03599853515624,228.24949951171874,60.03128974797049,0.6029467883871926,-0.07556002156757025,30353.902,4.33,4.3,323.364,329.793,20802.0,61.7,263000,4.26,1.72,2025-09-15 21:20:38,238.24000549316406,231.42999267578125,0.010176429751274746,0.0017313504678952514,0.0137591546216793,0.0324343414911413,0.6618532,239.08495531347995,243.48931131638327,391.9314512429082
2025-09-09,236.36000061035156,238.85000610351562,235.0800018310547,238.24000549316406,27033800,0.0,0.0,AMZN,0.010176429751274751,233.61600036621093,229.09649963378905,62.2711448605075,0.8603270860267054,-0.20364920714876966,30353.902,4.33,4.3,323.364,329.793,20802.0,61.7,263000,4.26,1.72,2025-09-15 21:20:38,230.3300018310547,231.42999267578125,-0.03320182790348509,0.0017313504678952514,0.0137591546216793,0.03236358519507654,0.6941059,241.51798656581423,245.9503062078176,403.6037902431963
2025-09-10,237.52000427246094,237.67999267578125,229.10000610351562,230.3300018310547,60907700,0.0,0.0,AMZN,-0.03320182790348514,234.48399963378907,229.53949966430665,51.93996516107049,0.45428235104036885,1.2530202931145453,30353.902,4.33,4.3,323.364,329.793,20802.0,61.7,263000,4.26,1.72,2025-09-15 21:20:38,229.9499969482422,231.42999267578125,-0.0016498279850283278,0.0017313504678952514,0.016907128170032957,0.04152299682677862,0.71254337,234.22422069341627,239.89399376619747,394.4501171654065
2025-09-11,231.49000549316406,231.52999877929688,229.33999633789062,229.9499969482422,37485600,0.0,0.0,AMZN,-0.0016498279850283293,233.33800048828124,229.80899963378906,51.49793686455191,0.13321272352258662,-0.38455072182991645,30353.902,4.33,4.3,323.364,329.793,20802.0,61.7,263000,4.26,1.72,2025-09-15 21:20:38,228.14999389648438,231.42999267578125,-0.007827802024989644,0.0017313504678952514,0.013155398811229804,0.05073879460650244,0.7371305,232.9750808647374,241.61738261316495,399.4531583999942
2025-09-12,230.35000610351562,230.7899932861328,226.2899932861328,228.14999389648438,38447500,0.0,0.0,AMZN,-0.007827802024989672,232.5019989013672,229.66749954223633,49.355288705380254,-0.20868973696891802,0.025660520306464374,30353.902,4.33,4.3,323.364,329.793,20802.0,61.7,263000,4.26,1.72,2025-09-15 21:20:38,231.42999267578125,231.42999267578125,0.014376501718361068,0.0017313504678952514,0.004800523075015796,0.06012190787189709,0.68888617,229.2452332067492,241.86680681050268,385.31936837780813
2025-09-15,230.74000549316406,233.72999572753906,230.32000732421875,231.42999267578125,32877127,0.0,0.0,AMZN,0.014376501718361023,231.6199981689453,229.68749923706054,53.17820032769611,-0.22105722645178272,-0.1448825801417517,30353.902,4.33,4.3,323.364,329.793,20802.0,61.7,263000,4.26,1.72,2025-09-15 21:20:38,231.42999267578125,231.42999267578125,0.014376501718361068,0.0017313504678952514,0.013844239535169544,0.04552265727626513,0.66031337,234.63396493000727,241.96530091580937,384.2463105595525
2025-05-01,673.4418056155085,673.4418056155085,660.7839105575582,665.0330810546875,1066300,0.0,0.0,ASML,-0.002035696961970035,668.0751708984375,647.9596069335937,50.03852743230145,4.9014330149458765,0.02322233950676522,30353.902,4.33,4.2,320.58,326.854,20617.5,52.2,229000,4.42,1.72,2025-09-15 21:20:38,688.5833740234375,734.9058837890625,0.03541221277504148,0.1050666571707418,-0.0015790048139547458,0.03528414531278201,-1.4713503,663.982990618263,688.4982049244283,-313.4635504003818
2025-05-02,684.5835102105887,693.2415411453934,683.8653002653805,688.5833740234375,1215500,0.0,0.0,ASML,0.035412212775041585,671.097705078125,651.4025817871094,55.70487565932379,5.973708994444164,0.13992309856513185,30353.902,4.33,4.2,320.58,326.854,20617.5,52.2,229000,4.42,1.72,2025-09-15 21:20:38,681.6309814453125,744.6411743164062,-0.010096660535821127,0.08141033084406231,0.008576839282976173,0.030437022899496607,-1.4849555,694.489242955366,709.5418019468015,-333.9323283471458
2025-05-05,683.2668466091529,688.6731161444785,681.0025705699437,681.6309814453125,903700,0.0,0.0,ASML,-0.010096660535821145,673.2123413085938,655.3764831542969,53.7662220926346,5.957320601358559,-0.2565199506375977,30353.902,4.33,4.2,320.58,326.854,20617.5,52.2,229000,4.42,1.72,2025-09-15 21:20:38,678.26953125,745.3593139648438,-0.004931480943229677,0.09349389076242304,0.0037133243270778453,0.028139808625226498,-1.4504379,684.1620983508034,700.8119468162089,-307.03243017759814
2025-05-06,674.5988494119553,684.6333939294292,673.7909012476129,678.26953125,765100,0.0,0.0,ASML,-0.004931480943229705,675.9813232421875,658.6706939697266,52.80926124767073,5.47502519219979,-0.15336948102246317,30353.902,4.33,4.2,320.58,326.854,20617.5,52.2,229000,4.42,1.72,2025-09-15 21:20:38,698.617919921875,740.9006958007812,0.030000446333442756,0.09233964031283655,-0.0011168996722050375,0.03429465946969062,-1.4939831,677.5119722328802,701.5305538528854,-335.0537192760967
2025-05-07,684.0449000858898,700.1839548854922,681.7307627379113,698.617919921875,1041400,0.0,0.0,ASML,0.030000446333442676,682.4269775390625,664.0000854492188,57.715552585317575,6.22661884988889,0.36112926414847735,30353.902,4.33,4.2,320.58,326.854,20617.5,52.2,229000,4.42,1.72,2025-09-15 21:20:38,706.2385864257812,745.8680419921875,0.010908203592542335,0.0676337103915061,0.010115324179744362,0.02935987686017,-1.5062563,705.6846666596634,719.1292560230893,-353.67975254933117
2025-05-08,709.3207340787679,714.9963397942045,703.914464696773,706.2385864257812,1040500,0.0,0.0,ASML,0.010908203592542298,690.6680786132813,665.1417816162109,59.41726243307169,6.885745270434516,-0.0008642212406375638,30353.902,4.33,4.2,320.58,326.854,20617.5,52.2,229000,4.42,1.72,2025-09-15 21:20:38,704.4232177734375,751.11474609375,-0.0025704750310106815,0.06354249191492568,0.017190527600212946,0.03074476057212638,-1.4805093,718.3792003380689,727.9517226722388,-339.3541954898101
2025-05-09,707.4156273790352,708.7123260319817,702.1190648123566,704.4232177734375,884000,0.0,0.0,ASML,-0.0025704750310107105,693.8360473632813,668.0676361083985,58.81008832564326,6.83448279631946,-0.15040845747236908,30353.902,4.33,4.2,320.58,326.854,20617.5,52.2,229000,4.42,1.72,2025-09-15 21:20:38,748.3018798828125,768.2512817382812,0.062290198565669114,0.0906103920972302,0.011978662597411356,0.029965460737183196,-1.4924853,712.8612658249284,725.5315840479876,-346.9180690286157
2025-05-12,728.5718973899517,748.621077534629,727.5345506820935,748.3018798828125,2571500,0.0,0.0,ASML,0.0622901985656692,707.1702270507812,672.2298217773438,67.4644019165254,9.241158714010018,1.9089366515837103,30353.902,4.33,4.2,320.58,326.854,20617.5,52.2,229000,4.42,1.72,2025-09-15 21:20:38,761.9672241210938,782.98388671875,0.018261806639348954,0.04634761420266492,-0.0378731796049609,0.005335091649491706,-1.5120845,719.9613083872808,752.2941389934742,-383.193782111106
2025-05-13,743.3743719607071,762.934740629168,742.6561620283039,761.9672241210938,1815600,0.0,0.0,ASML,0.018261806639348954,723.909765625,676.8734130859375,69.60620057807922,11.113055036338862,-0.2939529457515069,30353.902,4.33,4.2,320.58,326.854,20617.5,52.2,229000,4.42,1.72,2025-09-15 21:20:38,766.9645385742188,782.1061401367188,0.006558437548136341,0.026430160482105558,0.010586916773724163,0.01668829445771203,-1.474663,770.0341077071695,774.683157524352,-361.67766311774903
2025-05-14,763.0644581312911,771.7424582626556,762.3363246007902,766.9645385742188,1156100,0.0,0.0,ASML,0.006558437548136231,737.5790893554688,681.2552612304687,70.37425141431159,11.973131659160638,-0.3632408019387531,30353.902,4.33,4.2,320.58,326.854,20617.5,52.2,229000,4.42,1.72,2025-09-15 21:20:38,756.4412231445312,784.2207641601562,-0.013720732707212597,0.02249937867794604,0.03622368936086238,0.01668829445771203,-1.5444942,794.7468237703283,779.7638686325686,-417.6077060980315
2025-05-15,761.737785628976,765.0593772862228,753.2992296358736,756.4412231445312,1511000,0.0,0.0,ASML,-0.013720732707212635,747.6196166992188,687.5089111328125,66.55992055285242,11.136153129692099,0.3069803650203269,30353.902,4.33,4.2,320.58,326.854,20617.5,52.2,229000,4.42,1.72,2025-09-15 21:20:38,746.2071533203125,759.0745239257812,-0.013529233350974255,0.003481170381359375,-0.006796203760683426,0.016740674545307664,-1.621175,751.3002944590604,769.1045594738482,-469.88241516520793
2025-05-16,750.9750883167213,751.5436534238701,740.3321023078955,746.2071533203125,1095100,0.0,0.0,ASML,-0.013529233350974224,755.9764038085938,692.9908264160156,62.984565453860796,9.272446538961816,-0.27524818001323625,30353.902,4.33,4.2,320.58,326.854,20617.5,52.2,229000,4.42,1.72,2025-09-15 21:20:38,747.2345581054688,773.2685546875,0.0013768358834202066,0.03626526661768851,-0.008017158352109584,0.02160879762559413,-1.7003852,740.2246924086667,762.3317926831818,-522.6324559444474
2025-05-19,737.8583176085722,748.1023519632881,735.4045808577968,747.2345581054688,977900,0.0,0.0,ASML,0.001376835883420302,755.762939453125,699.2932708740234,63.19828895974342,7.5604524890029765,-0.10702218975436029,30353.902,4.33,4.2,320.58,326.854,20617.5,52.2,229000,4.42,1.72,2025-09-15 21:20:38,746.8655395507812,757.9374389648438,-0.0004938456749418898,0.014323321563862063,0.008408564717286715,0.017978296097339745,-1.7150928,753.5177282462917,760.6685622452537,-534.3420361270764
2025-05-20,743.74345402924,747.0849536964782,739.4243925036618,746.8655395507812,777200,0.0,0.0,ASML,-0.0004938456749419284,752.7426025390625,704.8811920166015,63.05745830394392,5.926946201680057,-0.20523570917271705,30353.902,4.33,4.2,320.58,326.854,20617.5,52.2,229000,4.42,1.72,2025-09-15 21:20:38,735.3048095703125,759.7129516601562,-0.015478997715468578,0.017201773852228288,0.01120664209568522,0.017978296097339745,-1.6553288,755.2353943461276,760.2929093657247,-489.4424609077396
2025-05-21,747.114879017116,753.877692733289,733.62906757975,735.3048095703125,1058700,0.0,0.0,ASML,-0.015478997715468568,746.4106567382812,708.9319885253906,58.64817389186863,3.7005280356329564,0.36219763252702,30353.902,4.33,4.2,320.58,326.854,20617.5,52.2,229000,4.42,1.72,2025-09-15 21:20:38,738.825927734375,754.6159057617188,0.00478865107127495,0.026262708933851537,0.0011997578248710487,0.03898805351070711,-1.5774442,736.1869972692598,763.9729128325203,-424.5974943915062
2025-05-22,734.4570049347348,745.3194661782536,732.2925124136846,738.825927734375,863500,0.0,0.0,ASML,0.0047886510712749075,742.88759765625,712.3126159667969,59.57534105384574,2.1732507725627457,-0.18437706621328043,30353.902,4.33,4.2,320.58,326.854,20617.5,52.2,229000,4.42,1.72,2025-09-15 21:20:38,730.6366577148438,777.7471313476562,-0.011084167071185246,0.052679802037584045,0.003398082306895834,0.03788060466895191,-1.5068207,741.336519047285,766.8131006220525,-374.452258143574
2025-05-23,722.7666062343983,734.1278020800844,720.6919128457496,730.6366577148438,1525200,0.0,0.0,ASML,-0.011084167071185203,739.7734985351562,715.1709136962891,56.407596047113095,0.4119609863155631,0.7662999420961205,30353.902,4.33,4.2,320.58,326.854,20617.5,52.2,229000,4.42,1.72,2025-09-15 21:20:38,754.8751831054688,811.3020629882812,0.033174526811225125,0.11040426786924229,-0.004804704507546482,0.03907067315645009,-1.4186181,727.1261644721426,759.1831237645415,-305.85771702224883
2025-05-27,749.4689135848319,759.2840436604793,748.0525234496124,754.8751831054688,1385100,0.0,0.0,ASML,0.033174526811225125,741.3016235351563,719.361782836914,62.725104100949345,0.6648536085198629,-0.09185680566483079,30353.902,4.33,4.2,320.58,326.854,20617.5,52.2,229000,4.42,1.72,2025-09-15 21:20:38,744.6212158203125,813.1773071289062,-0.013583659278574533,0.07723412469805847,0.014872514271327034,0.023992509421790487,-1.3461078,766.1020750392755,772.9865330484025,-261.2682195003799
2025-05-28,750.2369758584537,754.4762226546619,742.9255049256838,744.6212158203125,1244000,0.0,0.0,ASML,-0.013583659278574522,740.8527587890625,723.3716125488281,58.84020639082107,-0.03580594367345924,-0.10186990109017402,30353.902,4.33,4.2,320.58,326.854,20617.5,52.2,229000,4.42,1.72,2025-09-15 21:20:38,745.1798095703125,796.0707397460938,0.0007501716821009791,0.06909489393087175,0.005534126502714468,0.033502759584289096,-1.1703278,748.7420438252672,769.5680813953015,-126.82968059061386
2025-05-29,755.9125949177551,757.6282138402865,742.9554712823916,745.1798095703125,1166000,0.0,0.0,ASML,0.0007501716821010085,742.8277587890625,727.3111206054688,58.98921969957441,-0.6072897997546249,-0.06270096463022512,30353.902,4.33,4.2,320.58,326.854,20617.5,52.2,229000,4.42,1.72,2025-09-15 21:20:38,734.9058837890625,793.9361572265625,-0.013787176798542324,0.06542897033719151,0.016954363978063165,0.03615849290412072,-1.111164,757.8138592908714,772.1243884269547,-82.83714883353969
2025-05-30,743.1250256448336,744.072634182248,721.1707044181045,734.9058837890625,1785400,0.0,0.0,ASML,-0.013787176798542355,742.04375,730.8047607421875,55.04217120909149,-1.7577726574416168,0.5312178387650086,30353.902,4.33,4.2,320.58,326.854,20617.5,52.2,229000,4.42,1.72,2025-09-15 21:20:38,744.6411743164062,799.3623657226562,0.013246989501771408,0.08770712462018398,0.01823023425292695,0.04619329037530954,-1.0252291,748.3033902043915,768.8536046774541,-18.541011396344402
2025-06-02,731.4346227532508,745.0600945944105,730.8062118958811,744.6411743164062,812600,0.0,0.0,ASML,0.0132469895017715,744.8446533203125,733.6076507568359,57.915709546190755,-1.9299029006939463,-0.5448638960457041,30353.902,4.33,4.1,321.5,327.6,20693.1,60.7,250000,4.38,1.72,2025-09-15 21:20:38,745.3593139648438,788.469970703125,0.0009644103404525876,0.058858948307491,0.00873444675958641,0.04746296511316184,-0.9577148,751.1452030084688,779.9840523948096,31.48730391341087
2025-06-03,730.8062026798376,746.6560125389888,730.3474055318609,745.3593139648438,1085100,0.0,0.0,ASML,0.0009644103404526927,742.9414794921875,736.7940673828125,58.12831615690474,-2.05085219156863,0.33534334235786356,30353.902,4.33,4.1,321.5,327.6,20693.1,60.7,250000,4.38,1.72,2025-09-15 21:20:38,740.9006958007812,797.5669555664062,-0.005981837323995389,0.07004358921048509,0.009272025575911252,0.05193261656392842,-1.0095172,752.2703045871696,784.0677734193328,-7.093728326522978
2025-06-04,749.2794061412087,750.8654100146217,738.5366362096522,740.9006958007812,1160000,0.0,0.0,ASML,-0.005981837323995376,742.1973754882813,739.9256256103515,56.22901729521463,-2.4590761741001934,0.06902589623076216,30353.902,4.33,4.1,321.5,327.6,20693.1,60.7,250000,4.38,1.72,2025-09-15 21:20:38,745.8680419921875,792.4898071289062,0.006704469599717998,0.06963026438025732,0.0013256895373001093,0.05357886102653901,-0.9809247,741.8829001013828,780.5973112155574,14.132884125538112
2025-06-05,752.2219198721314,754.5460415982382,742.1175457298409,745.8680419921875,1506500,0.0,0.0,ASML,0.006704469599718044,742.3350219726562,742.2881317138672,57.880220362219994,-2.4188108357888876,0.2987068965517241,30353.902,4.33,4.1,321.5,327.6,20693.1,60.7,250000,4.38,1.72,2025-09-15 21:20:38,751.11474609375,783.1036376953125,0.007034359707313289,0.04992249782370354,0.007250407725111953,0.05193261656392842,-0.9520963,751.2758894057617,784.6029210242558,35.72985127787251
2025-06-06,754.1470324406126,760.1717282584532,750.8952710745672,751.11474609375,1345100,0.0,0.0,ASML,0.0070343597073132536,745.5767944335937,744.5319396972657,59.6132267841461,-2.0762109270597424,-0.10713574510454693,30353.902,4.33,4.1,321.5,327.6,20693.1,60.7,250000,4.38,1.72,2025-09-15 21:20:38,768.2512817382812,792.0907592773438,0.022814803907993522,0.054553599695244634,-0.0253909642439552,0.0533175002758848,-0.9111502,732.0432184325762,791.1623067758246,66.73638215626124
2025-06-09,755.1445134498794,780.2209197994935,755.1445134498794,768.2512817382812,1769400,0.0,0.0,ASML,0.02281480390799362,750.2988159179688,747.7233428955078,64.71914981522627,-0.7985598431870322,0.3154412311352315,30353.902,4.33,4.1,321.5,327.6,20693.1,60.7,250000,4.38,1.72,2025-09-15 21:20:38,782.98388671875,797.8063354492188,0.019176804947378764,0.03847055568077264,0.011116595238350858,0.04726844683713911,-0.8903055,776.7916202787101,804.5653266066912,84.2729255479644
2025-06-10,777.1387279509929,786.2954939593723,774.5253617884605,782.98388671875,1715500,0.0,0.0,ASML,0.019176804947378834,757.82373046875,749.4574432373047,68.41608829901315,0.846593461733848,-0.03046230360574209,30353.902,4.33,4.1,321.5,327.6,20693.1,60.7,250000,4.38,1.72,2025-09-15 21:20:38,782.1061401367188,800.0606079101562,-0.0011210276442719937,0.021809799002339182,0.01195439777207196,0.027747012742165178,-0.8857986,792.3439875497089,804.7093506004453,89.41787679452682
2025-06-11,788.0510213168653,795.2328162170784,778.7147183869517,782.1061401367188,1365900,0.0,0.0,ASML,-0.0011210276442720213,766.0648193359375,750.464389038086,67.95918360377576,1.6377026585370906,-0.20378898280384727,30353.902,4.33,4.1,321.5,327.6,20693.1,60.7,250000,4.38,1.72,2025-09-15 21:20:38,784.2207641601562,799.9010009765625,0.0027037558138436886,0.022752488347339988,0.011342772023237482,0.023639742795992808,-0.9457478,790.9773917822638,800.5949281287176,42.43098442903647
2025-06-12,783.4526929217612,787.5722481228739,780.3605608515263,784.2207641601562,999600,0.0,0.0,ASML,0.0027037558138436335,773.7353637695312,751.3272003173828,68.50489020347094,2.039275748299186,-0.2681748297825609,30353.902,4.33,4.1,321.5,327.6,20693.1,60.7,250000,4.38,1.72,2025-09-15 21:20:38,759.0745239257812,804.6888427734375,-0.03206525685570798,0.026099893739999453,0.011725699957365703,0.022614856582313526,-1.0519897,793.4163015410343,801.9558042705104,-40.771382318293035
2025-06-13,764.9496357065677,770.9743314301264,757.9473781722271,759.0745239257812,1742900,0.0,0.0,ASML,-0.032065256855707935,775.3273193359375,751.4588653564454,56.238565677966236,0.4312714352854954,0.7435974389755902,30353.902,4.33,4.1,321.5,327.6,20693.1,60.7,250000,4.38,1.72,2025-09-15 21:20:38,773.2685546875,820.9376220703125,0.018699126784429636,0.08149805611257734,-0.002423880849469177,0.04250244508115701,-1.0940443,757.2346177239176,791.3370471914423,-71.3866533040491
2025-06-16,764.4309861723963,777.2185573247498,764.0419583082754,773.2685546875,1454500,0.0,0.0,ASML,0.018699126784429643,776.3307739257813,752.8119354248047,60.53423432535459,0.1576184154714042,-0.16547134086866722,30353.902,4.33,4.1,321.5,327.6,20693.1,60.7,250000,4.38,1.72,2025-09-15 21:20:38,757.9374389648438,752.5411376953125,-0.019826379373272193,-0.02680493971536712,0.014432894038160542,0.03884196974346888,-1.1350919,784.4290578003463,803.3038284922478,-104.46231890132185
2025-06-17,764.839974282594,771.2536982254195,756.2916502117811,757.9374389648438,1422800,0.0,0.0,ASML,-0.01982637937327214,771.321484375,753.3470794677735,54.330725126634896,-1.1499288377156986,-0.02179443107597112,30353.902,4.33,4.1,321.5,327.6,20693.1,60.7,250000,4.38,1.72,2025-09-15 21:20:38,759.7129516601562,743.0252075195312,0.0023425583749199855,-0.019674752398666232,0.0017516313891920538,0.04919770767520687,-1.1245695,759.2650659739785,795.226223523131,-94.41591452454304
2025-06-18,762.7950994054559,766.0568452989131,752.3316504130578,759.7129516601562,1372500,0.0,0.0,ASML,0.002342558374919923,766.8428466796875,753.9894500732422,54.907066201906225,-1.9426311970301704,-0.035352825414675326,30353.902,4.33,4.1,321.5,327.6,20693.1,60.7,250000,4.38,1.72,2025-09-15 21:20:38,754.6159057617188,732.721435546875,-0.006709173362517019,-0.03552857175107818,0.01428167498220605,0.047585577427371566,-1.1207435,770.5629251155391,795.8643311439575,-91.7304107365635
2025-06-20,766.4259148633889,767.0643101880006,734.3871876882818,754.6159057617188,2303900,0.0,0.0,ASML,-0.006709173362516974,760.921875,754.9550048828125,52.845291529406026,-2.8052469679658003,0.6786156648451731,30353.902,4.33,4.1,321.5,327.6,20693.1,60.7,250000,4.38,1.72,2025-09-15 21:20:38,777.7471313476562,717.8590698242188,0.030652979097476815,-0.04870933100780216,0.004702272504835339,0.05254953333315359,-1.0610536,758.1643153870936,794.2706194552721,-46.07204308693326
2025-06-23,759.3338776112108,778.7745544751236,757.8875342099758,777.7471313476562,1302800,0.0,0.0,ASML,0.030652979097476774,764.656396484375,756.9010650634766,60.15715517991416,-1.8586073017135405,-0.43452406788489084,30353.902,4.33,4.1,321.5,327.6,20693.1,60.7,250000,4.38,1.72,2025-09-15 21:20:38,811.3020629882812,703.6950073242188,0.043143754940609104,-0.09521362540434224,0.015022089772623952,0.044779910647131216,-1.0172343,789.4305185751614,812.5745783954669,-13.403947147511644
2025-06-24,784.1210095622575,811.4018465017677,784.1210095622575,811.3020629882812,2039600,0.0,0.0,ASML,0.04314375494060907,772.2630981445312,760.9343353271485,67.926606216308,0.841866916643145,0.5655511206631869,30353.902,4.33,4.1,321.5,327.6,20693.1,60.7,250000,4.38,1.72,2025-09-15 21:20:38,813.1773071289062,715.1160278320312,0.002311400680676054,-0.11855761194784407,-0.01485832550841644,0.02547484559913208,-0.94200784,799.2474728507516,831.969857777165,47.04915930499192
2025-06-25,814.6834963365728,817.4664152885393,804.1801096403933,813.1773071289062,1400100,0.0,0.0,ASML,0.0023114006806761456,783.3110717773437,763.8494415283203,68.29865833252815,2.4764049022702714,-0.31354187095508923,30353.902,4.33,4.1,321.5,327.6,20693.1,60.7,250000,4.38,1.72,2025-09-15 21:20:38,796.0707397460938,723.2454223632812,-0.021036700400815216,-0.11059320516843794,0.011725699957365703,0.022614856582313526,-0.9470194,822.7123802444384,831.5671953056183,43.08262309168276
2025-06-26,797.7364973497685,798.8536587118323,784.51003739167,796.0707397460938,1705800,0.0,0.0,ASML,-0.021036700400815178,790.5826293945313,766.4219177246093,61.311645030547865,2.140130431535747,0.21834154703235487,30353.902,4.33,4.1,321.5,327.6,20693.1,60.7,250000,4.38,1.72,2025-09-15 21:20:38,793.9361572265625,709.450439453125,-0.0026813980378327606,-0.10880980290846544,0.003468056443598772,0.02996152865132472,-1.0933326,798.8315580046306,819.9222360234775,-74.29939035655843
2025-06-27,800.9084618947197,803.4519978935579,786.4551331824917,793.9361572265625,1201000,0.0,0.0,ASML,-0.0026813980378327384,798.4466796875,768.8597351074219,60.4802116446394,1.5368162640898468,-0.29593152772892484,30353.902,4.33,4.1,321.5,327.6,20693.1,60.7,250000,4.38,1.72,2025-09-15 21:20:38,799.3623657226562,728.1430053710938,0.006834565281733722,-0.08286957491053479,0.007050965248634855,0.02738791937929623,-1.1915426,799.5341734808017,815.6804166929919,-152.07261597679462
2025-06-30,794.46475473935,800.409696873314,792.0309259065972,799.3623657226562,1080400,0.0,0.0,ASML,0.006834565281733651,802.7697265625,772.0825592041016,61.89482157396851,1.276762817849562,-0.10041631973355536,30353.902,4.33,4.1,321.5,327.6,20693.1,60.7,250000,4.38,1.72,2025-09-15 21:20:38,788.469970703125,718.489990234375,-0.013626354562844698,-0.10117110706753041,0.012826129924435516,0.026549957757029966,-1.2183075,809.6150912821191,820.5854027651524,-174.50679575186223
2025-07-01,786.0561106894729,793.4872733197128,780.5600420221056,788.469970703125,1065800,0.0,0.0,ASML,-0.013626354562844667,798.2033081054688,774.2739990234375,57.449340850231046,0.20116581910734865,-0.013513513513513487,30353.902,4.33,4.2,322.132,328.656,20802.0,61.7,228000,4.39,1.72,2025-09-15 21:20:38,797.5669555664062,721.4500122070312,0.011537515950251008,-0.08500001393373056,0.0035641609534328993,0.029074047386710107,-1.2182813,791.2802045856595,811.3939839943456,-172.1082258314127
2025-07-02,774.275997707053,798.4746263553794,770.9045446953315,797.5669555664062,1383000,0.0,0.0,ASML,0.011537515950251098,795.0812377929688,776.8843811035156,60.03126562617456,-0.05399647893364801,0.2976168136610997,30353.902,4.33,4.2,322.132,328.656,20802.0,61.7,228000,4.39,1.72,2025-09-15 21:20:38,792.4898071289062,694.7100219726562,-0.0063657958771553835,-0.1289633840468031,0.012105856492044398,0.029791227796713223,-1.1986432,807.2221866732899,821.3274544228161,-158.4312582896382
2025-07-03,784.9788298285217,796.5096399044938,784.6197552887747,792.4898071289062,910700,0.0,0.0,ASML,-0.006365795877155356,794.3650512695312,779.4638366699219,57.91892074958427,-0.6859871767357681,-0.3415039768618945,30353.902,4.33,4.2,322.132,328.656,20802.0,61.7,228000,4.39,1.72,2025-09-15 21:20:38,783.1036376953125,689.8200073242188,-0.011843899251649298,-0.1295534641343182,0.006907278635942867,0.03269870229998399,-1.1752541,797.9637550428902,818.4031954079861,-138.88709307585668
2025-07-07,783.472696672357,791.4823479750444,781.8168626146773,783.1036376953125,1363700,0.0,0.0,ASML,-0.011843899251649304,792.1985473632812,781.3256164550781,54.12703881452025,-1.7944647682100978,0.49741956736576265,30353.902,4.33,4.2,322.132,328.656,20802.0,61.7,228000,4.39,1.72,2025-09-15 21:20:38,792.0907592773438,699.3599853515625,0.011476286342482718,-0.10693814753588556,0.0008633615720085149,0.038468654780159824,-1.1758449,783.7797392829988,813.2285811909009,-137.7047869375383
2025-07-08,780.6797021075434,796.3699437664728,776.7596530227704,792.0907592773438,1327800,0.0,0.0,ASML,0.011476286342482656,790.7442260742188,783.3744171142578,57.02796812410433,-1.966856429086688,-0.026325438146219793,30353.902,4.33,4.2,322.132,328.656,20802.0,61.7,228000,4.39,1.72,2025-09-15 21:20:38,797.8063354492188,689.6300048828125,0.007215809684599212,-0.12935481596579956,0.01200532913535006,0.03434428498841916,-1.1802535,801.6000695475376,819.2945500506582,-142.77713619769202
2025-07-09,790.9038001814818,798.8736355054792,790.4649110076992,797.8063354492188,1334300,0.0,0.0,ASML,0.007215809684599117,792.6114990234375,784.8521697998046,58.81189191511946,-1.7477900294294493,0.004895315559572122,30353.902,4.33,4.2,322.132,328.656,20802.0,61.7,228000,4.39,1.72,2025-09-15 21:20:38,800.0606079101562,690.9600219726562,0.0028255885680178168,-0.13392512534561513,0.011949668635641026,0.03578450065217117,-1.1351995,807.339856793252,826.3554367804076,-107.86305499804439
2025-07-10,806.8832674983049,809.0477599968098,795.980929491533,800.0606079101562,1498900,0.0,0.0,ASML,0.002825588568017734,793.1102294921875,785.706005859375,59.52556977475078,-1.5117578734693886,0.12336056359139613,30353.902,4.33,4.2,322.132,328.656,20802.0,61.7,228000,4.39,1.72,2025-09-15 21:20:38,799.9010009765625,713.1199951171875,-0.00019949355338298727,-0.10866753335108813,0.01149274047747878,0.03572916870037555,-1.1056516,809.2554968431216,828.6461083407032,-84.52769696385076
2025-07-11,795.0533120474144,801.1578227465037,794.5047157981923,799.9010009765625,932400,0.0,0.0,ASML,-0.00019949355338300112,794.5924682617188,786.5957489013672,59.44702983340424,-1.4280676474858502,-0.3779438254720128,30353.902,4.33,4.2,322.132,328.656,20802.0,61.7,228000,4.39,1.72,2025-09-15 21:20:38,804.6888427734375,722.3200073242188,0.005985542949727207,-0.09698824424226081,0.012109042833724042,0.03572916870037555,-1.0942892,809.5870364601265,828.4807987840534,-75.42201235621178
2025-07-14,795.6019069365267,810.7135997072078,787.871515501377,804.6888427734375,1456900,0.0,0.0,ASML,0.005985542949727307,798.9095092773438,787.6191528320312,61.10491504290497,-1.1252600969224016,0.5625268125268126,30353.902,4.33,4.2,322.132,328.656,20802.0,61.7,228000,4.39,1.72,2025-09-15 21:20:38,820.9376220703125,721.3099975585938,0.020192624071774152,-0.1036162561015144,0.008929462844616827,0.03572916870037555,-1.0847502,811.8742818964606,833.4397061881997,-68.19752062868793
2025-07-15,820.8976843142693,824.4686432787686,812.1499154841271,820.9376220703125,2099600,0.0,0.0,ASML,0.020192624071774246,804.6788818359375,790.7123077392578,66.16100585485668,0.03298722730130521,0.4411421511428375,30353.902,4.33,4.2,322.132,328.656,20802.0,61.7,228000,4.39,1.72,2025-09-15 21:20:38,752.5411376953125,741.7899780273438,-0.08331508087363781,-0.09641127646625243,0.009288233818139478,0.024488503199593368,-1.0890793,828.562682654209,841.041155655048,-73.12851655836857
2025-07-16,752.4513386216278,758.9748303799062,728.7514453333121,752.5411376953125,10789600,0.0,0.0,ASML,-0.08331508087363781,795.6258422851563,789.6759368896485,41.62968301117312,-3.735247774948677,4.138883596875595,30353.902,4.33,4.2,322.132,328.656,20802.0,61.7,228000,4.39,1.72,2025-09-15 21:20:38,743.0252075195312,755.5700073242188,-0.01264506310568505,0.004024855887855228,-0.11178465534209386,0.08784576153379531,-1.0964174,668.4185859872948,818.648687021666,-72.55808025563601
2025-07-17,744.9304089450683,754.934999456346,740.1225971672168,743.0252075195312,4078500,0.0,0.0,ASML,-0.012645063105685028,784.2187622070312,788.9303253173828,39.438678011851984,-6.627636553553113,-0.6219971083265367,30353.902,4.33,4.2,322.132,328.656,20802.0,61.7,228000,4.39,1.72,2025-09-15 21:20:38,732.721435546875,755.2100219726562,-0.01386732491492949,0.01639892473339097,0.014091976221838798,0.06854736743550768,-1.1900903,753.4959010761233,793.9576294332169,-141.24188360383414
2025-07-18,750.1771583051243,750.18714274476,732.4720680789001,732.721435546875,2567200,0.0,0.0,ASML,-0.01386732491492948,770.7828491210937,787.5807495117188,37.15820633769126,-8.85461058651292,-0.37055289935025126,30353.902,4.33,4.2,322.132,328.656,20802.0,61.7,228000,4.39,1.72,2025-09-15 21:20:38,717.8590698242188,742.1599731445312,-0.020283787264342216,0.012881481474077102,0.016857253678148366,0.06854736743550768,-1.0573895,745.0731066613057,782.9475610171793,-42.050515181792434
2025-07-21,729.1504354462555,731.0456524488167,717.4999953018576,717.8590698242188,2650300,0.0,0.0,ASML,-0.020283787264342212,753.41689453125,785.7429077148438,34.09569135143519,-10.818511244209493,0.03236989716422567,30353.902,4.33,4.2,322.132,328.656,20802.0,61.7,228000,4.39,1.72,2025-09-15 21:20:38,703.6950073242188,747.5499877929688,-0.0197309793738043,0.041360371717557846,0.02282986950081727,0.09765063454419219,-0.8926993,734.2476987082838,787.9584635058573,77.02677980131193
2025-07-22,716.4925624922741,717.2406648766146,699.4158836028531,703.6950073242188,3425100,0.0,0.0,ASML,-0.019730979373804303,729.9683715820313,782.0403015136719,31.436541479950947,-12.44535003340915,0.29234426291363236,30353.902,4.33,4.2,322.132,328.656,20802.0,61.7,228000,4.39,1.72,2025-09-15 21:20:38,715.1160278320312,743.6099853515625,0.01623007181938184,0.05672198553620463,0.02302212878119534,0.09039213911352752,-0.736689,719.8955644055211,767.3035043197643,185.29065611515398
2025-07-23,713.4004089713729,718.1483141554098,706.3383056279554,715.1160278320312,3379400,0.0,0.0,ASML,0.01623007181938174,722.483349609375,777.2309997558593,35.78543354650853,-12.114497699553642,-0.013342676126244513,30353.902,4.33,4.2,322.132,328.656,20802.0,61.7,228000,4.39,1.72,2025-09-15 21:20:38,723.2454223632812,749.489990234375,0.011367937809889863,0.048067671628830584,0.02739776448958008,0.08193370266029314,-0.5350195,734.7086083452972,773.7081318240308,332.5149960617928
2025-07-24,721.1806525637928,724.7914883829778,716.5423936239778,723.2454223632812,2037100,0.0,0.0,ASML,0.011367937809889872,718.527392578125,772.7344055175781,38.76284524098521,-10.756398811812655,-0.3972006865123987,30353.902,4.33,4.2,322.132,328.656,20802.0,61.7,228000,4.39,1.72,2025-09-15 21:20:38,709.450439453125,735.4000244140625,-0.019073723087081114,0.016805639793840376,0.02468412397420644,0.08190520494280353,-0.34385973,741.0981020326738,782.4829869058902,474.5504451499837
2025-07-25,707.3457926553666,711.3456565434988,704.812180241843,709.450439453125,2312100,0.0,0.0,ASML,-0.019073723087081107,713.873193359375,768.4033905029297,35.7349158213479,-10.200282013295757,0.13499582740169846,30353.902,4.33,4.2,322.132,328.656,20802.0,61.7,228000,4.39,1.72,2025-09-15 21:20:38,728.1430053710938,754.8900146484375,0.026347951708054176,0.06404897744561168,0.01706798142953613,0.08625693609054519,-0.25961602,721.5593263788871,770.6454606684424,525.265741861047
2025-07-28,733.2899838854278,733.5492749063706,726.6468005975105,728.1430053710938,2253900,0.0,0.0,ASML,0.026347951708054262,715.92998046875,765.1137329101563,42.3108394018283,-8.079456637460822,-0.02517192162968729,30353.902,4.33,4.2,322.132,328.656,20802.0,61.7,228000,4.39,1.72,2025-09-15 21:20:38,718.489990234375,754.4600219726562,-0.013257032019141829,0.036142648363627676,0.008972584113136464,0.07388357882783293,-0.29302007,734.6763297331779,781.9408165063642,514.7824912591204
2025-07-29,722.72998046875,726.9199829101562,715.7000122070312,718.489990234375,2292900,1.847,0.0,ASML,-0.013257032019141857,718.8889770507812,761.0701141357422,40.03272475074926,-6.879613455986078,0.0173033408758152,30353.902,4.33,4.2,322.132,328.656,20802.0,61.7,228000,4.39,1.72,2025-09-15 21:20:38,721.4500122070312,763.2000122070312,0.00411978178247226,0.06222775902288022,0.017551690476499397,0.07395107650520005,-0.30747327,731.1007041534318,771.6230984704177,497.5735005638853
2025-07-30,716.8900146484375,724.02001953125,715.5,721.4500122070312,1407000,0.0,0.0,ASML,0.004119781782472298,720.1557739257812,757.7191162109375,41.08033760010028,-5.49930724113141,-0.3863666099699071,30353.902,4.33,4.2,322.132,328.656,20802.0,61.7,228000,4.39,1.72,2025-09-15 21:20:38,694.7100219726562,770.0,-0.03706423145322721,0.06729501278189261,0.01433855856151708,0.0753884945780289,-0.44459456,731.794565456269,775.83904254062,400.6972599862238
2025-07-31,706.4000244140625,707.5399780273438,691.2100219726562,694.7100219726562,2892200,0.0,0.0,ASML,-0.03706423145322724,714.4486938476563,752.57626953125,35.11270848523971,-5.9610995865452345,1.0555792466240228,30353.902,4.33,4.2,322.132,328.656,20802.0,61.7,228000,4.39,1.72,2025-09-15 21:20:38,689.8200073242188,763.4600219726562,-0.007038929184513723,0.09896215374118497,0.007232474604053139,0.09032330053699186,-0.5553242,699.7344945637547,757.4585240733527,308.920737001019
2025-08-01,690.0,693.4299926757812,683.47998046875,689.8200073242188,1627100,0.0,0.0,ASML,-0.007038929184513765,710.522607421875,747.4427795410156,34.13611130675346,-6.145274756202028,-0.43741788258073444,30353.902,4.33,4.3,323.364,329.793,20802.0,61.7,227000,4.26,1.72,2025-09-15 21:20:38,699.3599853515625,742.6199951171875,0.013829662703389688,0.07654168802348538,0.02449113230159287,0.0653328106673737,-0.72310084,706.714480387882,734.8878872572982,191.01057985814623
2025-08-04,695.5800170898438,699.4500122070312,692.9000244140625,699.3599853515625,1025600,0.0,0.0,ASML,0.01382966270338959,704.7660034179687,743.2555969238281,37.77238202630628,-5.210895345999289,-0.3696761108721037,30353.902,4.33,4.3,323.364,329.793,20802.0,61.7,227000,4.26,1.72,2025-09-15 21:20:38,689.6300048828125,725.8499755859375,-0.01391269256541582,0.03787747481872115,0.01762573873717384,0.07121748166442729,-0.76741946,711.6867217366029,749.1666422851715,162.6575248408917
2025-08-05,694.719970703125,695.6300048828125,684.239990234375,689.6300048828125,1261200,0.0,0.0,ASML,-0.01391269256541583,698.9940063476563,738.1325592041015,35.612825624786865,-4.84229635635015,0.2297191887675507,30353.902,4.33,4.3,323.364,329.793,20802.0,61.7,227000,4.26,1.72,2025-09-15 21:20:38,690.9600219726562,736.8200073242188,0.0019285951603421857,0.06842800067758821,0.005745246633295945,0.07115130096397122,-0.7620824,693.5920993465853,738.6980769140145,164.0751170718795
2025-08-06,687.6500244140625,692.4299926757812,685.4400024414062,690.9600219726562,1218700,0.0,0.0,ASML,0.0019285951603422724,692.8960083007812,732.7902435302734,36.15020331537214,-4.1307803625237085,-0.033698065334601957,30353.902,4.33,4.3,323.364,329.793,20802.0,61.7,227000,4.26,1.72,2025-09-15 21:20:38,713.1199951171875,753.4299926757812,0.032071281173787214,0.09041039816569468,0.018622347034757663,0.07121748166442729,-0.8300911,703.8273192889749,740.1684546683462,117.40024427862227
2025-08-07,714.02001953125,716.9000244140625,706.6199951171875,713.1199951171875,1723800,0.0,0.0,ASML,0.0320712811737871,696.5780029296875,728.443212890625,44.46653379418351,-1.902895461154241,0.41445802904734563,30353.902,4.33,4.3,323.364,329.793,20802.0,61.7,227000,4.26,1.72,2025-09-15 21:20:38,722.3200073242188,781.7000122070312,0.012901071727093287,0.09616897234605509,0.007639857714294478,0.058771941128332304,-0.8669973,718.5681304131011,755.0314414876515,94.84688364889735
2025-08-08,712.4099731445312,723.5,710.4500122070312,722.3200073242188,1042900,0.0,0.0,ASML,0.012901071727093205,703.0780029296875,724.5641632080078,47.5225044401505,0.33589334005345606,-0.3949994198862977,30353.902,4.33,4.3,323.364,329.793,20802.0,61.7,227000,4.26,1.72,2025-09-15 21:20:38,721.3099975585938,796.25,-0.001398285739538777,0.10235074748884426,0.017759699770398547,0.03796867630243929,-0.9112474,735.148193792449,749.7455418690877,64.10779845392244
2025-08-11,724.0,731.8599853515625,719.52001953125,721.3099975585938,1179700,0.0,0.0,ASML,-0.0013982857395388182,707.4680053710938,720.3952209472657,47.21532001865066,1.8118101673655786,0.13117269153322475,30353.902,4.33,4.3,323.364,329.793,20802.0,61.7,227000,4.26,1.72,2025-09-15 21:20:38,741.7899780273438,805.1300048828125,0.02839275836750947,0.11620524823990097,0.01415180599064568,0.027720379558708926,-1.0264848,731.517836703156,741.3049844704093,-19.103784974526206
2025-08-12,725.530029296875,743.3499755859375,723.47998046875,741.7899780273438,1461800,0.0,0.0,ASML,0.02839275836750943,717.9,716.4378387451172,53.74441114277075,4.0995151121606686,0.2391285920149191,30353.902,4.33,4.3,323.364,329.793,20802.0,61.7,227000,4.26,1.72,2025-09-15 21:20:38,755.5700073242188,793.1400146484375,0.018576726169205596,0.06922449499472867,0.010104036879021616,0.019233515288780652,-1.1839303,749.2850513218208,756.0572069107969,-136.43763674592628
2025-08-13,750.6300048828125,756.2000122070312,747.5399780273438,755.5700073242188,2011900,0.0,0.0,ASML,0.018576726169205582,730.8219970703125,716.5892822265625,57.54924374877325,6.339188992916727,0.3763168696128061,30353.902,4.33,4.3,323.364,329.793,20802.0,61.7,227000,4.26,1.72,2025-09-15 21:20:38,755.2100219726562,804.1599731445312,-0.0004764420875272098,0.0643090188193009,0.012509207455384334,0.022084885889677604,-1.2981112,765.0215892929036,772.256684717637,-225.24388181876566
2025-08-14,747.280029296875,757.0,744.5599975585938,755.2100219726562,1577400,0.0,0.0,ASML,-0.00047644208752717354,739.2400024414062,717.1985229492187,57.41637389003222,7.514519532322774,-0.2159650082012028,30353.902,4.33,4.3,323.364,329.793,20802.0,61.7,227000,4.26,1.72,2025-09-15 21:20:38,742.1599731445312,813.8699951171875,-0.017280026017183207,0.0776737217963656,0.0010251000871711131,0.022084885889677604,-1.3644611,755.9841878320128,771.8887491306633,-275.2446484073953
2025-08-15,738.5,747.1500244140625,736.6599731445312,742.1599731445312,1635100,0.0,0.0,ASML,-0.01728002601718326,743.2079956054688,717.6704498291016,52.66899519468668,7.134150201293149,0.03657918093064527,30353.902,4.33,4.3,323.364,329.793,20802.0,61.7,227000,4.26,1.72,2025-09-15 21:20:38,747.5499877929688,867.2999877929688,0.007262604887730622,0.16861595771356322,-0.010332716135932436,0.016181064385125375,-1.4522996,734.4914448145776,754.1689114540459,-335.6786551887926
2025-08-18,739.6699829101562,748.0,739.4400024414062,747.5499877929688,1086400,0.0,0.0,ASML,0.007262604887730673,748.4559936523438,719.154995727539,54.34795703187893,6.959179519577125,-0.33557580576111556,30353.902,4.33,4.3,323.364,329.793,20802.0,61.7,227000,4.26,1.72,2025-09-15 21:20:38,743.6099853515625,867.2999877929688,-0.005270553816793613,0.16861595771356322,0.023173398658985912,0.02094519727634225,-1.5264713,764.8732616776152,763.2075697612196,-393.56358190051833
2025-08-19,751.5399780273438,755.6900024414062,741.7100219726562,743.6099853515625,1121300,0.0,0.0,ASML,-0.005270553816793644,748.8199951171875,721.1507446289063,52.871542503417345,6.31083971240361,0.03212444771723133,30353.902,4.33,4.3,323.364,329.793,20802.0,61.7,227000,4.26,1.72,2025-09-15 21:20:38,749.489990234375,867.2999877929688,0.007907377521339446,0.16861595771356322,0.00982582274964638,0.013292991432089866,-1.550526,750.9165652624941,753.4947865156573,-409.37664783255605
2025-08-20,750.7999877929688,753.4400024414062,738.1799926757812,749.489990234375,1368400,0.0,0.0,ASML,0.00790737752133941,747.6039916992188,722.8694427490234,54.84312452923926,6.0120945979476845,0.2203692143048248,30353.902,4.33,4.3,323.364,329.793,20802.0,61.7,227000,4.26,1.72,2025-09-15 21:20:38,735.4000244140625,867.2999877929688,-0.01879940493388896,0.16861595771356322,0.017368980191800904,0.02094519727634225,-1.5666634,762.5078670287089,765.1882059364777,-424.7085344682855
2025-08-21,739.3599853515625,741.5,732.1099853515625,735.4000244140625,952700,0.0,0.0,ASML,-0.018799404933888986,743.6419921875,723.4771728515625,49.49935076347579,4.659989720174239,-0.30378544285296694,30353.902,4.33,4.3,323.364,329.793,20802.0,61.7,227000,4.26,1.72,2025-09-15 21:20:38,754.8900146484375,867.2999877929688,0.02650256946877837,0.16861595771356322,-0.001291804060802508,0.027599912247322507,-1.5556529,734.4500316762101,755.6970005545694,-408.6271244761592
2025-08-22,741.6799926757812,761.5700073242188,740.3699951171875,754.8900146484375,1456000,0.0,0.0,ASML,0.02650256946877838,746.1880004882812,725.7491516113281,55.90034493684831,4.850912208981994,0.5282880235121235,30353.902,4.33,4.3,323.364,329.793,20802.0,61.7,227000,4.26,1.72,2025-09-15 21:20:38,754.4600219726562,867.2999877929688,-0.0005696097013304692,0.16861595771356322,0.008336556494003779,0.022581113139873373,-1.5613685,761.1831979023136,771.9362714773746,-423.7714490867802
2025-08-25,754.75,758.260009765625,752.0900268554688,754.4600219726562,731100,0.0,0.0,ASML,-0.0005696097013304646,747.5700073242188,727.0650024414062,55.73250582969383,4.716662902630571,-0.49787087912087913,30353.902,4.33,4.3,323.364,329.793,20802.0,61.7,227000,4.26,1.72,2025-09-15 21:20:38,763.2000122070312,867.2999877929688,0.011584431222111544,0.16861595771356322,0.020852090717408976,0.022581113139873373,-1.5102423,770.1920907934884,771.4965690883322,-384.95744927261694
2025-08-26,758.77001953125,763.5,755.9099731445312,763.2000122070312,860100,0.0,0.0,ASML,0.011584431222111613,751.4880126953125,729.300503540039,58.4624521059379,4.9600964429094425,0.1764464505539598,30353.902,4.33,4.3,323.364,329.793,20802.0,61.7,227000,4.26,1.72,2025-09-15 21:20:38,770.0,867.2999877929688,0.008909837112429363,0.16861595771356322,0.013643823199840149,0.022084885889677604,-1.4992975,773.6129782396998,780.055197387624,-381.06385783291626
2025-08-27,760.0,770.5800170898438,757.7899780273438,770.0,1140700,0.0,0.0,ASML,0.00890983711242943,755.5900146484375,731.7280029296875,60.50330538179573,5.292381599358439,0.3262411347517731,30353.902,4.33,4.3,323.364,329.793,20802.0,61.7,227000,4.26,1.72,2025-09-15 21:20:38,763.4600219726562,867.2999877929688,-0.008493477957589285,0.16861595771356322,0.013128313154044427,0.02346976960163399,-1.472966,780.1088011286142,788.0717225932582,-364.18378591537476
2025-08-28,770.0,773.1699829101562,760.8699951171875,763.4600219726562,985400,0.0,0.0,ASML,-0.008493477957589257,761.2020141601563,735.1655029296875,57.5734510401873,4.7995504282412895,-0.13614447269220653,30353.902,4.33,4.3,323.364,329.793,20802.0,61.7,227000,4.26,1.72,2025-09-15 21:20:38,742.6199951171875,867.2999877929688,-0.027296814837300214,0.16861595771356322,0.0055284880436297,0.022922847511943872,-1.4539117,767.6808015759214,780.9606996378008,-346.5434075218436
2025-08-29,753.0,753.5999755859375,739.7899780273438,742.6199951171875,1317800,0.0,0.0,ASML,-0.027296814837300176,758.7480102539063,737.8055023193359,49.36934990693493,2.891852497555521,0.3373249441851025,30353.902,4.33,4.3,323.364,329.793,20802.0,61.7,227000,4.26,1.72,2025-09-15 21:20:38,725.8499755859375,867.2999877929688,-0.022582235384873584,0.16861595771356322,0.004169885638267283,0.028678118386639296,-1.4553399,745.7166355695167,763.9169392534437,-338.1445207010838
2025-09-02,717.2100219726562,727.2000122070312,716.2000122070312,725.8499755859375,1867400,0.0,0.0,ASML,-0.022582235384873584,753.0260009765625,739.1300018310546,43.94288179692745,0.4504954126930798,0.4170587342540597,30353.902,4.33,4.3,323.364,329.793,20802.0,61.7,263000,4.26,1.72,2025-09-15 21:20:38,736.8200073242188,867.2999877929688,0.015113359657311783,0.16861595771356322,0.003684240998315446,0.0574949124736394,-1.4556544,728.5241818246176,767.5826564012443,-330.7367225625494
2025-09-03,732.219970703125,738.2999877929688,729.5599975585938,736.8200073242188,1330300,0.0,0.0,ASML,0.015113359657311864,747.75,741.489501953125,47.97153478402435,-0.4280904227393596,-0.2876191496197922,30353.902,4.33,4.3,323.364,329.793,20802.0,61.7,263000,4.26,1.72,2025-09-15 21:20:38,753.4299926757812,867.2999877929688,0.022542799037015972,0.16861595771356322,0.01584817513852733,0.06564287006763321,-1.4309431,748.4972598458639,785.186987328235,-317.5275212689812
2025-09-04,737.0499877929688,756.9000244140625,735.4299926757812,753.4299926757812,1532700,0.0,0.0,ASML,0.022542799037015948,744.4359985351563,744.6130004882813,53.42899694827967,0.07979977465513421,0.1521461324513267,30353.902,4.33,4.3,323.364,329.793,20802.0,61.7,263000,4.26,1.72,2025-09-15 21:20:38,781.7000122070312,867.2999877929688,0.03752176022466265,0.16861595771356322,0.0036493469212423944,0.04617498425462979,-1.3647856,756.1795200999243,788.2196107245512,-274.840375790307
2025-09-05,774.8800048828125,783.0999755859375,766.239990234375,781.7000122070312,1887300,0.0,0.0,ASML,0.03752176022466269,748.0839965820312,748.0420013427735,60.938920302693674,2.1740161070785504,0.23135642982971216,30353.902,4.33,4.3,323.364,329.793,20802.0,61.7,263000,4.26,1.72,2025-09-15 21:20:38,796.25,867.2999877929688,0.01861326284476918,0.16861595771356322,0.01215525447312233,0.03347206279312286,-1.3044322,791.2017747770504,807.8651241010099,-237.97461826489598
2025-09-08,789.6500244140625,798.7000122070312,786.75,796.25,1284500,0.0,0.0,ASML,0.018613262844769274,758.8099975585938,751.7385009765625,64.14375695980412,4.2721932525121185,-0.31939808191596464,30353.902,4.33,4.3,323.364,329.793,20802.0,61.7,263000,4.26,1.72,2025-09-15 21:20:38,805.1300048828125,867.2999877929688,0.011152282427394035,0.16861595771356322,0.013020396089551524,0.037430884612333466,-1.2642155,806.6174903863055,826.0543418725705,-210.38156747817993
2025-09-09,795.2000122070312,805.8400268554688,793.1199951171875,805.1300048828125,1324100,0.0,0.0,ASML,0.011152282427393967,774.6660034179688,755.9295013427734,65.9784002859829,5.891280789959359,0.030829116387699473,30353.902,4.33,4.3,323.364,329.793,20802.0,61.7,263000,4.26,1.72,2025-09-15 21:20:38,793.1400146484375,867.2999877929688,-0.01489199279825642,0.16861595771356322,0.011080954269491879,0.030884545170203816,-1.293975,814.0516136479147,829.9960788865021,-236.6880896533985
2025-09-10,806.8200073242188,809.5999755859375,791.02001953125,793.1400146484375,1634300,0.0,0.0,ASML,-0.01489199279825637,785.9300048828125,758.4970031738281,61.40948969811158,5.779907245631744,0.2342723359262895,30353.902,4.33,4.3,323.364,329.793,20802.0,61.7,263000,4.26,1.72,2025-09-15 21:20:38,804.1599731445312,867.2999877929688,0.013894089684755586,0.16861595771356322,0.00038740104734945335,0.03702523138958993,-1.3442408,793.4472779208071,822.5062072151387,-273.0311409759888
2025-09-11,799.6900024414062,809.1500244140625,798.510009765625,804.1599731445312,1297800,0.0,0.0,ASML,0.013894089684755695,796.0760009765625,760.9265014648438,63.88489102937725,6.045020199854283,-0.20589854983785105,30353.902,4.33,4.3,323.364,329.793,20802.0,61.7,263000,4.26,1.72,2025-09-15 21:20:38,813.8699951171875,867.2999877929688,0.012074739227179955,0.16861595771356322,0.01256431217068991,0.036187269767323664,-1.403928,814.2636900822928,833.260327028796,-324.82276297129283
2025-09-12,808.52001953125,815.780029296875,806.2999877929688,813.8699951171875,1019000,0.0,0.0,ASML,0.012074739227180054,802.5099975585938,763.8595001220704,65.95702370062685,6.434835025981252,-0.2148250886114964,30353.902,4.33,4.3,323.364,329.793,20802.0,61.7,263000,4.26,1.72,2025-09-15 21:20:38,867.2999877929688,867.2999877929688,0.06564929656620155,0.16861595771356322,0.011306158775428845,0.030884545170203816,-1.4207962,823.0717385045399,839.0059997440578,-342.4733653717267
2025-09-15,833.9199829101562,868.719970703125,833.9199829101562,867.2999877929688,2690947,0.0,0.0,ASML,0.06564929656620144,816.7199951171875,770.1165008544922,74.59478337199319,9.657815934009825,1.6407723258096172,30353.902,4.33,4.3,323.364,329.793,20802.0,61.7,263000,4.26,1.72,2025-09-15 21:20:38,867.2999877929688,867.2999877929688,0.06564929656620155,0.16861595771356322,-0.06833517853280605,0.022305925913962923,-1.4334114,808.0328882856357,886.6459170658596,-375.8976670525881
2025-05-01,197.67473373326993,200.9270732310785,195.77920133830008,196.86663818359375,24939700,0.0,0.0,AVGO,0.025250683501674143,192.69645080566406,175.55529174804687,60.562682685258004,3.6111552846063275,0.09534057420428743,30353.902,4.33,4.2,320.58,326.854,20617.5,52.2,229000,4.42,1.72,2025-09-15 21:20:38,203.1618194580078,241.5015869140625,0.03197688207863491,0.2267268296055481,0.020346107071814543,0.08820079228831977,0.19913,200.8721078829453,214.2304316465247,236.06870332016842
2025-05-02,203.42120345533738,205.197022507188,200.60783319120958,203.1618194580078,17766800,0.0,0.0,AVGO,0.031976882078634805,194.9571319580078,178.03096542358398,63.83593913378164,3.8717807332134964,-0.2876097146316916,30353.902,4.33,4.2,320.58,326.854,20617.5,52.2,229000,4.42,1.72,2025-09-15 21:20:38,200.24867248535156,248.12599182128906,-0.01433904746683162,0.22132196139627033,0.022030780432516897,0.06080234446296003,0.24047932,207.63763289475781,215.51453438641528,252.0180417643769
2025-05-05,199.77977491689845,202.75277304774025,199.5303619644429,200.24867248535156,14025400,0.0,0.0,AVGO,-0.014339047466831567,196.60325622558594,180.74607543945314,61.300374789277164,3.6435727277912844,-0.21058378548753853,30353.902,4.33,4.2,320.58,326.854,20617.5,52.2,229000,4.42,1.72,2025-09-15 21:20:38,199.62014770507812,256.24688720703125,-0.0031387213331934317,0.27964337554235735,-0.005051934534505132,0.09902551454622766,0.2693392,199.23702930133402,220.0784003154125,254.18349050147845
2025-05-06,195.97872467507096,201.43588131262618,195.47989876833253,199.62014770507812,16348800,0.0,0.0,AVGO,-0.003138721333193484,198.38306579589843,183.03818054199218,60.739807838023275,3.2584312361595527,0.1656565944643289,30353.902,4.33,4.2,320.58,326.854,20617.5,52.2,229000,4.42,1.72,2025-09-15 21:20:38,204.32907104492188,260.4669189453125,0.023589419174264842,0.30481277536238643,0.007880258316548362,0.09902551454622766,0.3770734,201.19320603418166,219.38763554536743,274.89159694064074
2025-05-07,198.82202862218435,205.74573483186947,197.9640474303193,204.32907104492188,20253700,0.0,0.0,AVGO,0.023589419174264936,200.84526977539062,185.47145385742186,63.437452288326774,3.1283134749597936,0.23884933450773138,30353.902,4.33,4.2,320.58,326.854,20617.5,52.2,229000,4.42,1.72,2025-09-15 21:20:38,207.28211975097656,259.31964111328125,0.01445241585523314,0.26912749021537746,0.021781393486726433,0.06937040618482644,0.42747557,208.7796429421286,218.50346169867635,291.6747574909641
2025-05-08,207.51157540365801,210.66415876041592,203.21169856053442,207.28211975097656,18460900,0.0,0.0,AVGO,0.014452415855233047,202.9283660888672,186.59979858398438,65.05889852370893,3.0456747591283237,-0.08851715982758701,30353.902,4.33,4.2,320.58,326.854,20617.5,52.2,229000,4.42,1.72,2025-09-15 21:20:38,207.7111053466797,246.35015869140625,0.002069573565816952,0.18847761199743146,0.017407531439793178,0.06688693761885971,0.4361972,210.89038976744868,221.14658596426514,297.69799205222625
2025-05-09,208.83845677173508,209.46698228806983,206.03505760039852,207.7111053466797,13289200,0.0,0.0,AVGO,0.00206957356581694,203.83822326660157,188.39058303833008,65.29964327376962,2.8291055272659085,-0.28014343829390764,30353.902,4.33,4.2,320.58,326.854,20617.5,52.2,229000,4.42,1.72,2025-09-15 21:20:38,221.0596923828125,243.70639038085938,0.06426515815730405,0.17329494720131525,0.016012439897394752,0.06688693761885971,0.4776521,211.0370669370648,221.60426509274745,306.9247453812204
2025-05-12,218.97460372987726,221.27917700132767,215.37308004618967,221.0596923828125,25437700,0.0,0.0,AVGO,0.06426515815730416,208.00042724609375,190.36792907714843,71.8086336581456,3.3579948372362187,0.9141633807904164,30353.902,4.33,4.2,320.58,326.854,20617.5,52.2,229000,4.42,1.72,2025-09-15 21:20:38,231.87423706054688,244.05557250976562,0.048921377575277994,0.10402565876700309,0.03544670753348023,0.057227817106207404,0.5333037,228.8955306461472,233.71045602805057,338.95165257219924
2025-05-13,221.47870679365386,234.72752191014024,221.47870679365386,231.87423706054688,28790500,0.0,0.0,AVGO,0.048921377575277925,214.4512451171875,193.06458206176757,75.77349560764242,4.1570276549040255,0.13180436910569737,30353.902,4.33,4.2,320.58,326.854,20617.5,52.2,229000,4.42,1.72,2025-09-15 21:20:38,231.57493591308594,252.31613159179688,-0.0012907908668731668,0.0881594039527221,0.024001780300972227,0.040953913654529085,0.49678212,237.43963155592968,241.37039454383435,347.06519923744054
2025-05-14,229.68937457954962,232.95170029797106,227.8137995069209,231.57493591308594,19751400,0.0,0.0,AVGO,-0.001290790866873115,219.90041809082032,195.7168395996094,75.45719688422167,4.364760185506473,-0.3139612024799847,30353.902,4.33,4.2,320.58,326.854,20617.5,52.2,229000,4.42,1.72,2025-09-15 21:20:38,232.09371948242188,255.4687042236328,0.0022402405825587527,0.1031794231803852,0.012301427863077561,0.035195675273326794,0.5084202,234.42363828211757,239.7253721589244,349.31231785098134
2025-05-15,229.61954722393165,233.90945310721304,227.53445856747396,232.09371948242188,18803700,0.0,0.0,AVGO,0.0022402405825587834,224.86273803710938,198.6115264892578,75.64695306752093,4.233247553118602,-0.047981408912785906,30353.902,4.33,4.2,320.58,326.854,20617.5,52.2,229000,4.42,1.72,2025-09-15 21:20:38,228.07318115234375,248.11599731445312,-0.01732290877600688,0.06903365531717773,0.01701573021673719,0.03265605567947442,0.599091,236.0429635981338,239.67298490869615,371.13899028392916
2025-05-16,231.77447606975397,232.09371673337853,225.85839291378878,228.07318115234375,23094600,0.0,0.0,AVGO,-0.01732290877600684,228.93515319824218,201.48576126098632,71.06143485382007,3.59665938793497,0.22819445109207237,30353.902,4.33,4.2,320.58,326.854,20617.5,52.2,229000,4.42,1.72,2025-09-15 21:20:38,230.08843994140625,251.50802612304688,0.008836018241515156,0.1027514276439613,-0.008200525144395608,0.04894132859422834,0.6594113,226.20286129554165,239.2353856546516,378.46721657407033
2025-05-19,221.3290583386423,230.70697918723184,221.0796453881696,230.08843994140625,15355500,0.0,0.0,AVGO,0.008836018241515253,230.74090270996095,204.6991973876953,71.97833536381658,3.053863624411445,-0.33510431009846453,30353.902,4.33,4.2,320.58,326.854,20617.5,52.2,229000,4.42,1.72,2025-09-15 21:20:38,231.13597106933594,248.784423828125,0.004552732541436889,0.08125564192394813,0.01726483360300423,0.03814766314932066,0.72319543,234.06087857096944,238.86577624284374,396.48734903500736
2025-05-20,225.95817080511387,231.22577130441786,225.80851389528334,231.13597106933594,11787200,0.0,0.0,AVGO,0.004552732541436955,230.59324951171874,207.7969062805176,72.46667798632764,2.5295908805607574,-0.23237927778320466,30353.902,4.33,4.2,320.58,326.854,20617.5,52.2,229000,4.42,1.72,2025-09-15 21:20:38,229.1905517578125,250.66998291015625,-0.00841677434508821,0.08451307579018291,0.015778770436228093,0.0361440845585844,0.73349786,234.78301249639364,239.4901691521965,400.6737107664194
2025-05-21,227.85370195262277,235.94465894217993,227.29501936077983,229.1905517578125,17642900,0.0,0.0,AVGO,-0.008416774345088252,230.11637268066406,210.43170471191405,70.02594295472676,1.8476426958744199,0.4967846477534954,30353.902,4.33,4.2,320.58,326.854,20617.5,52.2,229000,4.42,1.72,2025-09-15 21:20:38,229.98867797851562,249.99000549316406,0.0034823696464874846,0.0907517939802794,0.008669864732861675,0.03625461208735805,0.7543066,231.17760283960266,237.49976630587958,402.0704872456554
2025-05-22,227.8038180082913,233.1412614535695,226.89595117832394,229.98867797851562,14340200,0.0,0.0,AVGO,0.0034823696464874043,229.69536437988282,212.54572982788085,70.46543986718572,1.2734909652608675,-0.18719711612036571,30353.902,4.33,4.2,320.58,326.854,20617.5,52.2,229000,4.42,1.72,2025-09-15 21:20:38,228.18292236328125,253.77000427246094,-0.00785149786983453,0.10340216093666509,0.02412980501421956,0.035416650465091785,0.7967044,235.53825993361534,238.13410659740924,413.221672320582
2025-05-23,226.4071033658377,230.108383042492,225.648878250328,228.18292236328125,15385600,0.0,0.0,AVGO,-0.007851497869834523,229.71731262207032,214.36195526123046,68.03483851171696,0.6279257470179829,0.0728999595542601,30353.902,4.33,4.2,320.58,326.854,20617.5,52.2,229000,4.42,1.72,2025-09-15 21:20:38,235.09664916992188,263.7699890136719,0.030299054526234645,0.15595850154699056,0.015354165747647835,0.040127532734139944,0.8074396,231.68648077402975,237.33934004978553,412.4268420869921
2025-05-27,232.32317828243157,235.92470202092926,230.58727382970477,235.09664916992188,17941700,0.0,0.0,AVGO,0.030299054526234714,230.71895446777344,216.51588516235353,72.01500088609785,0.5264673617938911,0.1661358673044926,30353.902,4.33,4.2,320.58,326.854,20617.5,52.2,229000,4.42,1.72,2025-09-15 21:20:38,238.86776733398438,264.6499938964844,0.01604071422275709,0.12570721373915497,0.023086665475713107,0.03537233707823807,0.8352912,240.52424686376895,243.41256709032464,431.470798965478
2025-05-28,236.5931224081403,240.42411695641965,233.87950824696512,238.86776733398438,20443000,0.0,0.0,AVGO,0.01604071422275699,232.26531372070312,218.92321853637696,73.92236946763535,0.5696093471369519,0.13941265320454588,30353.902,4.33,4.2,320.58,326.854,20617.5,52.2,229000,4.42,1.72,2025-09-15 21:20:38,241.4018096923828,270.1700134277344,0.010608557138876528,0.13104424445004031,0.0216085568443704,0.03223773570223143,0.8120256,244.02935506270865,246.5683232850795,432.8344967706216
2025-05-29,245.33256025960023,245.4921882027161,236.84253361349565,241.4018096923828,20743700,0.0,0.0,AVGO,0.01060855713887654,234.7075653076172,221.39240646362305,75.14810627496476,0.620876926411281,0.014709191410262612,30353.902,4.33,4.2,320.58,326.854,20617.5,52.2,229000,4.42,1.72,2025-09-15 21:20:38,241.5015869140625,269.3500061035156,0.00041332424892271167,0.11577459359872681,0.02431685483463917,0.020137374997455066,0.84251726,247.27194245549165,246.26300845922262,444.78700016569746
2025-05-30,240.6535767654499,242.5989947983718,234.34840986361613,241.5015869140625,27088600,0.0,0.0,AVGO,0.0004133242489228195,237.01014709472656,223.6241539001465,75.19754031125376,0.5177857210776633,0.30587118016554427,30353.902,4.33,4.2,320.58,326.854,20617.5,52.2,229000,4.42,1.72,2025-09-15 21:20:38,248.12599182128906,275.6499938964844,0.02743006781807953,0.14140034199681456,0.016484436561891642,0.024172685749080252,0.8758546,245.48260450314353,247.33932888244033,453.0218654723867
2025-06-02,242.67880616467087,249.4129559760235,242.61894949091,248.12599182128906,19197000,0.0,0.0,AVGO,0.02743006781807944,240.99876098632814,225.87236251831055,78.28577978036061,0.738555989088141,-0.291325502240795,30353.902,4.33,4.1,321.5,327.6,20693.1,60.7,250000,4.38,1.72,2025-09-15 21:20:38,256.24688720703125,264.739990234375,0.03272891858742152,0.06695791235386597,0.01458041417087789,0.015699087956725068,0.9223342,251.74377154860332,252.02134359124113,476.9810785437221
2025-06-03,249.49277982929087,257.27446740851076,248.8143686462306,256.24688720703125,30380200,0.0,0.0,AVGO,0.03272891858742155,245.22880859375,228.67227325439453,81.35131408415943,1.2445624198672114,0.582549356670313,30353.902,4.33,4.1,321.5,327.6,20693.1,60.7,250000,4.38,1.72,2025-09-15 21:20:38,260.4669189453125,269.8999938964844,0.01646861659190315,0.053281063579992995,0.012590979990578548,0.014611894410862495,0.9177551,259.473286636503,259.99113966601254,491.4187817070633
2025-06-04,257.45402146524435,264.8067103711191,256.9851239006921,260.4669189453125,31536000,0.0,0.0,AVGO,0.01646861659190324,249.54863891601562,231.71461181640626,82.71678647246202,1.6510430439333081,0.038044515835972126,30353.902,4.33,4.1,321.5,327.6,20693.1,60.7,250000,4.38,1.72,2025-09-15 21:20:38,259.31964111328125,275.17999267578125,-0.004404696906143892,0.05648730284077994,0.0032346084224923505,0.015306496085097555,0.96103007,261.30942743511366,264.4537548204463,510.7834437285783
2025-06-05,262.3325692211033,264.26801626853916,258.45168886492036,259.31964111328125,41970900,0.0,0.0,AVGO,-0.004404696906143868,253.1322052001953,234.46414031982422,80.98076876170762,1.6275422156637482,0.33088850837138506,30353.902,4.33,4.1,321.5,327.6,20693.1,60.7,250000,4.38,1.72,2025-09-15 21:20:38,246.35015869140625,274.17999267578125,-0.05001349826876171,0.05730515243158308,0.007096270776758924,0.015730328937928247,0.9923559,261.15984350435303,263.3988243680587,516.6569971243443
2025-06-06,250.55027958727013,254.72047214611732,245.55204940701566,246.35015869140625,41146700,0.0,0.0,AVGO,-0.05001349826876167,254.10191955566407,236.41754226684571,64.50055999275335,0.5775943194206175,-0.01963741544736952,30353.902,4.33,4.1,321.5,327.6,20693.1,60.7,250000,4.38,1.72,2025-09-15 21:20:38,243.70639038085938,271.79998779296875,-0.010731749979745806,0.10330754092771892,-0.033800895479641276,0.01522294793952336,1.0563354,238.02330272608498,250.10033433205885,506.5785642378032
2025-06-09,244.47458656047718,247.58725543150763,240.54383587321186,243.70639038085938,25334100,0.0,0.0,AVGO,-0.010731749979745797,253.21799926757814,238.2173065185547,61.74221580814529,-0.4030242122216414,-0.384298133264636,30353.902,4.33,4.1,321.5,327.6,20693.1,60.7,250000,4.38,1.72,2025-09-15 21:20:38,244.05557250976562,277.8999938964844,0.0014327984110738964,0.1403065527423714,0.006567791804908102,0.026664853185201263,1.1185452,245.3070032144065,250.2047855006603,516.3029683081695
2025-06-10,243.64653160517528,245.70169194322193,240.8331461321887,244.05557250976562,25491300,0.0,0.0,AVGO,0.001432798411073799,250.779736328125,239.36710052490236,61.973520472599176,-1.0968611187700539,0.006205075372718971,30353.902,4.33,4.1,321.5,327.6,20693.1,60.7,250000,4.38,1.72,2025-09-15 21:20:38,252.31613159179688,275.3999938964844,0.033847041463069695,0.12843149232113737,0.014153359174618303,0.028310435873636446,1.0859061,247.50977868606344,250.96489214490694,509.07699004755705
2025-06-11,245.78150896713396,254.17176463108655,243.2275226814361,252.31613159179688,24599000,0.0,0.0,AVGO,0.033847041463069605,249.1495788574219,240.38919525146486,67.04898190548148,-1.0671912183494037,-0.035004099437847436,30353.902,4.33,4.1,321.5,327.6,20693.1,60.7,250000,4.38,1.72,2025-09-15 21:20:38,255.4687042236328,274.3800048828125,0.01249453458226066,0.08744535338196724,0.014277901044307621,0.029598919131764052,1.0622255,255.91867635054706,259.784416366422,520.3327207127586
2025-06-12,249.60250675702045,257.2844378101398,248.9141245780251,255.4687042236328,20410900,0.0,0.0,AVGO,0.012494534582260686,248.3793914794922,241.5838836669922,68.76256481548728,-0.9091440305904008,-0.17025488841009795,30353.902,4.33,4.1,321.5,327.6,20693.1,60.7,250000,4.38,1.72,2025-09-15 21:20:38,248.11599731445312,275.6000061035156,-0.028781243211470856,0.0788014404389049,0.013579180636487758,0.026096325492328282,1.0340978,258.937759905255,262.1354986821561,519.648296404659
2025-06-13,250.07140152242098,253.40355485000956,247.76682832146625,248.11599731445312,19028400,0.0,0.0,AVGO,-0.028781243211470908,248.73255920410156,242.38499755859374,60.81856394870199,-1.34726781586442,-0.0677334169487872,30353.902,4.33,4.1,321.5,327.6,20693.1,60.7,250000,4.38,1.72,2025-09-15 21:20:38,251.50802612304688,280.94000244140625,0.013671141100566832,0.13229298184007532,0.004776684125625399,0.026286151991846408,1.0195334,249.3011690601388,254.63801213146942,501.07854260062595
2025-06-16,249.76213546434295,254.5907665469055,248.98396827430017,251.50802612304688,20363000,0.0,0.0,AVGO,0.013671141100566775,250.29288635253906,243.5567398071289,62.94536430404808,-1.4473182167720946,0.07013726850392055,30353.902,4.33,4.1,321.5,327.6,20693.1,60.7,250000,4.38,1.72,2025-09-15 21:20:38,248.784423828125,280.80999755859375,-0.010829086995376401,0.11650511471634423,0.01444531548436882,0.02985515332219981,1.0289105,255.1411389072452,259.0168368047143,510.28730946723954
2025-06-17,250.3607154946569,253.36365714730493,247.33783176659227,248.784423828125,22014300,0.0,0.0,AVGO,-0.010829086995376436,251.23865661621093,244.49153900146484,60.12335510349621,-1.7172125214064238,0.08109315916122384,30353.902,4.33,4.1,321.5,327.6,20693.1,60.7,250000,4.38,1.72,2025-09-15 21:20:38,250.66998291015625,286.45001220703125,0.007579088164031948,0.1513984991477114,0.005218714772560341,0.02978897262174375,1.0230727,250.08275877593977,256.19545621825733,503.3089809016092
2025-06-18,250.30085661974033,255.0397026153405,248.82433623511847,250.66998291015625,30435500,0.0,0.0,AVGO,0.007579088164031855,250.9094268798828,245.46823959350587,61.413134147056205,-1.7813536031167807,0.3825331716202649,30353.902,4.33,4.1,321.5,327.6,20693.1,60.7,250000,4.38,1.72,2025-09-15 21:20:38,249.99000549316406,283.3399963378906,-0.002712639978261383,0.13033077614021213,0.013137497596950534,0.035022312536684225,1.0141829,253.96315920826603,259.44902539520103,504.89522932609543
2025-06-20,253.2100067138672,253.52000427246094,244.1699981689453,249.99000549316406,42134900,0.59,0.0,AVGO,-0.002712639978261433,249.81368713378907,246.50821228027343,60.651273299123964,-1.8728366499237463,0.3843997962905159,30353.902,4.33,4.1,321.5,327.6,20693.1,60.7,250000,4.38,1.72,2025-09-15 21:20:38,253.77000427246094,288.2099914550781,0.01512059960893212,0.15288605593058072,0.0069794049870216535,0.034956131836228165,1.0071411,251.7347869842086,258.72868908292253,501.7652179347351
2025-06-23,249.11000061035156,254.2100067138672,246.4600067138672,253.77000427246094,19747000,0.0,0.0,AVGO,0.015120599608932084,250.94448852539062,247.6972785949707,63.37155995231875,-1.687767583178509,-0.5313386290224968,30353.902,4.33,4.1,321.5,327.6,20693.1,60.7,250000,4.38,1.72,2025-09-15 21:20:38,263.7699890136719,278.5899963378906,0.0394057003304237,0.09780506619206905,0.013794020907463825,0.02985515332219981,0.99484736,257.27051301708246,261.34634665859056,506.2324072522315
2025-06-24,258.7699890136719,265.8699951171875,258.7699890136719,263.7699890136719,32764900,0.0,0.0,AVGO,0.03940570033042379,253.39688110351562,249.47663192749025,69.39875729919794,-0.9382708988640935,0.6592343140730237,30353.902,4.33,4.1,321.5,327.6,20693.1,60.7,250000,4.38,1.72,2025-09-15 21:20:38,264.6499938964844,283.69000244140625,0.0033362585565672033,0.0755203937423748,0.009869747784729791,0.028019517143784946,0.970075,266.37333227841776,271.16069674285643,519.6466640744075
2025-06-25,266.0,269.8699951171875,263.42999267578125,264.6499938964844,18894200,0.0,0.0,AVGO,0.003336258556567273,256.5699951171875,250.95429916381835,69.86863647857294,-0.45416907276960927,-0.4233402207850474,30353.902,4.33,4.1,321.5,327.6,20693.1,60.7,250000,4.38,1.72,2025-09-15 21:20:38,270.1700134277344,288.7099914550781,0.02085781091462677,0.09091251884934717,0.0163357692060289,0.026096325492328282,0.9778993,268.9732551171543,271.55638627874976,523.451041106171
2025-06-26,265.0799865722656,271.6700134277344,264.1300048828125,270.1700134277344,23569600,0.0,0.0,AVGO,0.020857810914626684,260.4700012207031,252.51941146850587,72.70032116388974,0.1353610182100109,0.2474515989033672,30353.902,4.33,4.1,321.5,327.6,20693.1,60.7,250000,4.38,1.72,2025-09-15 21:20:38,269.3500061035156,290.17999267578125,-0.003035152990574534,0.07406439742950668,0.013654871768020422,0.0222242707626299,0.9713351,273.85915031665445,276.1743449580957,532.5956500662796
2025-06-27,270.29998779296875,271.8500061035156,266.8800048828125,269.3500061035156,27477600,0.0,0.0,AVGO,-0.0030351529905745522,264.3420013427734,253.9168212890625,71.62350033094206,0.35515314401480147,0.1658068019822143,30353.902,4.33,4.1,321.5,327.6,20693.1,60.7,250000,4.38,1.72,2025-09-15 21:20:38,275.6499938964844,294.29998779296875,0.02338959587974749,0.09263033645473331,0.0069974338458373584,0.022891974064583168,1.0068665,271.23476495260087,275.51595945753263,540.5494919242337
2025-06-30,274.7300109863281,277.7099914550781,272.1300048828125,275.6499938964844,24708400,0.0,0.0,AVGO,0.023389595879747427,268.71799926757814,255.6242416381836,74.72139649954433,0.7852507987555857,-0.10078027193059069,30353.902,4.33,4.1,321.5,327.6,20693.1,60.7,250000,4.38,1.72,2025-09-15 21:20:38,264.739990234375,297.4200134277344,-0.039579190653660744,0.0789770361447037,0.012430204802715939,0.017636188037132305,1.0240375,279.076379774485,280.51140902127713,557.925886245881
2025-07-01,274.3999938964844,274.5,262.6600036621094,264.739990234375,28847600,0.0,0.0,AVGO,-0.03957919065366078,268.91199951171876,256.4549415588379,62.081582447571876,0.22452626057877367,0.16752197633193577,30353.902,4.33,4.2,322.132,328.656,20802.0,61.7,228000,4.39,1.72,2025-09-15 21:20:38,269.8999938964844,302.6199951171875,0.019490835734870315,0.14308380403458212,0.007337773175933276,0.014504735928332726,1.0253693,266.68259223331364,268.57997388239403,536.1962135793874
2025-07-02,263.989990234375,272.0,262.7300109863281,269.8999938964844,17582100,0.0,0.0,AVGO,0.019490835734870426,269.9619995117188,257.13759689331056,65.08947221601312,0.09720625834107999,-0.39051775537653044,30353.902,4.33,4.2,322.132,328.656,20802.0,61.7,228000,4.39,1.72,2025-09-15 21:20:38,275.17999267578125,293.70001220703125,0.019562796957016345,0.08818087754264631,0.013434397152405872,0.015919639311283935,1.0575991,273.5259376059216,274.19670444943415,555.3459758104
2025-07-03,270.7300109863281,275.79998779296875,270.1199951171875,275.17999267578125,10592700,0.0,0.0,AVGO,0.019562796957016237,270.9639953613281,257.873250579834,67.89582177093601,0.25564640301533004,-0.3975293053730783,30353.902,4.33,4.2,322.132,328.656,20802.0,61.7,228000,4.39,1.72,2025-09-15 21:20:38,274.17999267578125,288.6400146484375,-0.0036339851247042007,0.048913519626824505,0.014231683713449178,0.015919639311283935,1.0097109,279.0962672958122,279.5607589048614,553.0322001222812
2025-07-07,275.1300048828125,277.55999755859375,272.6600036621094,274.17999267578125,16760600,0.0,0.0,AVGO,-0.003633985124704253,271.92999267578125,258.616268157959,66.80056400534707,0.1835322567492952,0.5822783615131175,30353.902,4.33,4.2,322.132,328.656,20802.0,61.7,228000,4.39,1.72,2025-09-15 21:20:38,271.79998779296875,297.7200012207031,-0.008680446955977797,0.08585604046155919,0.005577229494866097,0.016587342613237202,0.97576296,275.70915741783483,278.7279101519893,541.7146748052983
2025-07-08,276.3500061035156,276.3500061035156,271.1499938964844,271.79998779296875,14869400,0.0,0.0,AVGO,-0.008680446955977805,271.1599914550781,259.8887596130371,64.14827523032145,-0.11779550460491528,-0.11283605598844915,30353.902,4.33,4.2,322.132,328.656,20802.0,61.7,228000,4.39,1.72,2025-09-15 21:20:38,277.8999938964844,292.92999267578125,0.022442996237961668,0.07774100747534735,0.00528805425563594,0.01880100869781035,0.96934986,273.23728087509915,276.9101017275291,535.269268219301
2025-07-09,272.9599914550781,279.45001220703125,272.7200012207031,277.8999938964844,20133000,0.0,0.0,AVGO,0.022442996237961754,273.7919921875,261.5984397888184,67.68926461953811,-0.005550850041959876,0.3539887285297323,30353.902,4.33,4.2,322.132,328.656,20802.0,61.7,228000,4.39,1.72,2025-09-15 21:20:38,275.3999938964844,301.6700134277344,-0.008996041939213682,0.08553443703962135,0.01186803408992137,0.015919639311283935,0.9599389,281.19812049763675,282.32406156392443,544.6670038403427
2025-07-10,279.7900085449219,281.17999267578125,272.70001220703125,275.3999938964844,17891600,0.0,0.0,AVGO,-0.008996041939213661,274.8919921875,263.1656608581543,64.86179493658759,-0.1887907145128267,-0.11132965777579096,30353.902,4.33,4.2,322.132,328.656,20802.0,61.7,228000,4.39,1.72,2025-09-15 21:20:38,274.3800048828125,303.760009765625,-0.0037036638935266718,0.10297754719559075,0.004443651275325258,0.01866434803742586,0.96629965,276.62377543058705,280.5401552320733,541.5189124495337
2025-07-11,274.1400146484375,276.4700012207031,271.8900146484375,274.3800048828125,14274700,0.0,0.0,AVGO,-0.0037036638935267208,274.73199462890625,264.26885452270506,63.692810464313666,-0.45274767874388466,-0.2021563191665362,30353.902,4.33,4.2,322.132,328.656,20802.0,61.7,228000,4.39,1.72,2025-09-15 21:20:38,275.6000061035156,304.9700012207031,0.004446392590539484,0.11148770243281973,0.007831231625647984,0.020360221733855294,0.9548518,276.5287382544962,279.96644262156286,536.3722644747177
2025-07-14,274.1300048828125,278.3599853515625,269.5799865722656,275.6000061035156,11934200,0.0,0.0,AVGO,0.004446392590539583,275.0159973144531,265.2754196166992,64.51655956987321,-0.6094766498478705,-0.16396141425038702,30353.902,4.33,4.2,322.132,328.656,20802.0,61.7,228000,4.39,1.72,2025-09-15 21:20:38,280.94000244140625,303.8999938964844,0.01937589339488228,0.10268500423160096,0.013144921255266185,0.020426402434311354,0.96073616,279.2227464816972,281.2295227390847,540.3788964259256
2025-07-15,279.80999755859375,283.3599853515625,277.8500061035156,280.94000244140625,17918400,0.0,0.0,AVGO,0.019375893394882215,276.8440002441406,266.9166198730469,67.94476377066346,-0.4264636166751252,0.5014328568316269,30353.902,4.33,4.2,322.132,328.656,20802.0,61.7,228000,4.39,1.72,2025-09-15 21:20:38,280.80999755859375,312.8299865722656,-0.00046274963224439435,0.11351172440283029,0.010903580890423727,0.019791694040982313,0.9587115,284.00325448338197,286.5002810135994,550.2804149787917
2025-07-16,280.1099853515625,281.510009765625,275.6700134277344,280.80999755859375,15031000,0.0,0.0,AVGO,-0.0004627496322443525,277.4260009765625,268.38171844482423,67.773090910783,-0.3882114248695565,-0.16114161978748098,30353.902,4.33,4.2,322.132,328.656,20802.0,61.7,228000,4.39,1.72,2025-09-15 21:20:38,286.45001220703125,309.0899963378906,0.020084807155986872,0.10070866074985801,0.012505966334378836,0.019791694040982313,0.9706731,284.3217979344185,286.36770311392246,553.3847039795655
2025-07-17,281.1400146484375,288.2799987792969,279.9100036621094,286.45001220703125,17231100,0.0,0.0,AVGO,0.020084807155986928,279.63600463867186,270.2649978637695,71.17568326356613,-0.07358378802160104,0.14637083361053826,30353.902,4.33,4.2,322.132,328.656,20802.0,61.7,228000,4.39,1.72,2025-09-15 21:20:38,283.3399963378906,311.2300109863281,-0.0108570980506465,0.086507235899111,0.01233087876084565,0.015919639311283935,0.959849,289.98219257859887,291.0101930820801,561.3987699673817
2025-07-18,287.1099853515625,287.5299987792969,281.0,283.3399963378906,15012400,0.0,0.0,AVGO,-0.010857098050646496,281.4280029296875,271.89849853515625,66.97635492947722,-0.16046147075198292,-0.12876136752731981,30353.902,4.33,4.2,322.132,328.656,20802.0,61.7,228000,4.39,1.72,2025-09-15 21:20:38,288.2099914550781,306.3399963378906,0.017187813863666104,0.08117456164773813,0.003804696354437907,0.01866434803742586,0.9822417,284.41801898902384,288.62835264246394,561.6483363420411
2025-07-21,283.9599914550781,290.5400085449219,283.6300048828125,288.2099914550781,17726800,0.0,0.0,AVGO,0.01718781386366608,283.95,273.80949783325195,69.96470012917433,0.015190744880396068,0.18081052996189806,30353.902,4.33,4.2,322.132,328.656,20802.0,61.7,228000,4.39,1.72,2025-09-15 21:20:38,278.5899963378906,305.760009765625,-0.033378423380186394,0.060893164119476095,0.016979278954852822,0.008112171911570204,0.9971676,293.10358929756967,290.5480004523939,575.6036532644066
2025-07-22,287.6499938964844,288.0,276.42999267578125,278.5899963378906,16564800,0.0,0.0,AVGO,-0.03337842338018637,283.47999877929686,275.0504974365234,58.67047654981791,-0.5785683129165964,-0.06555046596114356,30353.902,4.33,4.2,322.132,328.656,20802.0,61.7,228000,4.39,1.72,2025-09-15 21:20:38,283.69000244140625,294.9100036621094,0.018306494025471153,0.05858073706431608,0.007547875283512989,0.019896049676225998,1.0002465,280.6927588854834,284.1328367443289,557.2486720219167
2025-07-23,276.7799987792969,284.0,273.0,283.69000244140625,20556200,0.0,0.0,AVGO,0.01830649402547113,284.0559997558594,276.04649810791017,62.1581093814123,-0.6827388564597499,0.24095672751859354,30353.902,4.33,4.2,322.132,328.656,20802.0,61.7,228000,4.39,1.72,2025-09-15 21:20:38,288.7099914550781,291.1700134277344,0.01769533282974507,0.026366847340251468,0.014047906123210342,0.01974865303835718,0.9829324,287.6752529637964,289.2924978700723,562.5380773056095
2025-07-24,289.7900085449219,291.20001220703125,283.5,288.7099914550781,16413800,0.0,0.0,AVGO,0.017695332829745114,284.50799560546875,277.24949798583987,65.26518684500576,-0.47813441592978734,-0.20151584436812253,30353.902,4.33,4.2,322.132,328.656,20802.0,61.7,228000,4.39,1.72,2025-09-15 21:20:38,290.17999267578125,289.6000061035156,0.005091618801602334,0.0030827289487000034,0.012797922644129349,0.01911394464502814,0.9511042,292.40487959230745,294.228378250217,563.3032665520732
2025-07-25,288.07000732421875,292.5899963378906,287.2699890136719,290.17999267578125,12476200,0.0,0.0,AVGO,0.00509161880160236,285.87599487304686,278.2499969482422,66.14186837313476,-0.31618366269153775,-0.23989569752281614,30353.902,4.33,4.2,322.132,328.656,20802.0,61.7,228000,4.39,1.72,2025-09-15 21:20:38,294.29998779296875,294.0,0.014198067479417093,0.013164268456257261,0.012888894268507057,0.018052779341927744,0.9127195,293.92009192021555,295.41854805299937,555.032927060427
2025-07-28,292.4599914550781,295.45001220703125,290.5899963378906,294.29998779296875,13683400,0.0,0.0,AVGO,0.014198067479417098,287.093994140625,279.4974960327148,68.53859597859822,-0.019620074274845578,0.09676023148073942,30353.902,4.33,4.2,322.132,328.656,20802.0,61.7,228000,4.39,1.72,2025-09-15 21:20:38,297.4200134277344,294.2300109863281,0.010601514659118742,-0.00023777373273236964,0.012564548222012311,0.015241889915329756,0.90487117,297.9977341813311,298.78567580899204,560.6035783697589
2025-07-29,297.5,302.19000244140625,294.8699951171875,297.4200134277344,19210800,0.0,0.0,AVGO,0.010601514659118738,290.85999755859376,280.5859970092773,70.25573357048617,0.28199887985573113,0.40394931084379615,30353.902,4.33,4.2,322.132,328.656,20802.0,61.7,228000,4.39,1.72,2025-09-15 21:20:38,302.6199951171875,298.010009765625,0.017483630739989157,0.0019837143139460564,0.011328352451127002,0.015241889915329756,0.9155058,300.78929216586266,301.95325653101577,569.7097863581876
2025-07-30,297.1499938964844,303.260009765625,295.79998779296875,302.6199951171875,16738900,0.0,0.0,AVGO,0.017483630739989264,294.64599609375,282.479997253418,72.90955374152472,0.7030702790636916,-0.12867241343410996,30353.902,4.33,4.2,322.132,328.656,20802.0,61.7,228000,4.39,1.72,2025-09-15 21:20:38,293.70001220703125,300.25,-0.02947585438530606,-0.007831587983040367,0.013131458974536676,0.01636203249376766,0.92916346,306.5938371679433,307.57147331055876,583.8034356238204
2025-07-31,302.79998779296875,306.95001220703125,290.2300109863281,293.70001220703125,25488500,0.0,0.0,AVGO,-0.02947585438530609,295.6440002441406,283.6699981689453,62.592872706797664,0.27423330481605923,0.5227105723793082,30353.902,4.33,4.2,322.132,328.656,20802.0,61.7,228000,4.39,1.72,2025-09-15 21:20:38,288.6400146484375,308.6499938964844,-0.017228455390825525,0.05090221677932644,0.0028860531247623085,0.02340564193650868,0.93288785,294.54764604500406,300.57424952949725,567.6891682777059
2025-08-01,286.5400085449219,292.6400146484375,281.6099853515625,288.6400146484375,21428100,0.0,0.0,AVGO,-0.017228455390825514,295.33600463867185,284.34299926757814,57.612696235176756,-0.4191192153088128,-0.1593032151754713,30353.902,4.33,4.3,323.364,329.793,20802.0,61.7,227000,4.26,1.72,2025-09-15 21:20:38,297.7200012207031,297.3900146484375,0.03145782327971753,0.03031457717550863,-0.0002508226231727382,0.024809681212144455,0.9427184,288.56761720281077,295.80108139693397,560.7462635804695
2025-08-04,292.20001220703125,298.4800109863281,291.3999938964844,297.7200012207031,17164600,0.0,0.0,AVGO,0.03145782327971758,296.02000732421874,285.5199996948242,63.26154918707019,-0.3385822591351495,-0.19896771062296703,30353.902,4.33,4.3,323.364,329.793,20802.0,61.7,227000,4.26,1.72,2025-09-15 21:20:38,292.92999267578125,298.239990234375,-0.01608897126589419,0.001746570642012061,0.015597224006464216,0.02367714470946976,0.8766913,302.36360677094723,304.7691607725092,558.7285484525346
2025-08-05,297.80999755859375,301.20001220703125,291.45001220703125,292.92999267578125,18477500,0.0,0.0,AVGO,-0.016088971265894147,295.12200317382815,286.57649993896484,58.80904468530326,-0.6615872403563685,0.07648882001328317,30353.902,4.33,4.3,323.364,329.793,20802.0,61.7,227000,4.26,1.72,2025-09-15 21:20:38,301.6700134277344,302.3900146484375,0.029836551293764904,0.032294480623999214,0.002740010811360029,0.02566860814661306,0.8248706,293.7326240226845,300.44909787216613,534.5593275070132
2025-08-06,292.8999938964844,302.80999755859375,291.8999938964844,301.6700134277344,17392100,0.0,0.0,AVGO,0.029836551293764835,294.9320068359375,287.76500091552737,63.81365354257934,-0.35562928291697204,-0.05874171289406038,30353.902,4.33,4.3,323.364,329.793,20802.0,61.7,227000,4.26,1.72,2025-09-15 21:20:38,303.760009765625,306.1000061035156,0.0069280877941528905,0.01468489567605785,0.015062875044579151,0.024738310012570156,0.76972157,306.21403114469285,309.1328197414059,533.8719110895909
2025-08-07,306.1700134277344,310.3399963378906,299.8800048828125,303.760009765625,16319400,0.0,0.0,AVGO,0.006928087794152882,296.9440063476562,289.18300170898436,64.9115225969012,-0.0950668336263174,-0.06167742825765721,30353.902,4.33,4.3,323.364,329.793,20802.0,61.7,227000,4.26,1.72,2025-09-15 21:20:38,304.9700012207031,334.8900146484375,0.003983379695081422,0.10248223558733677,0.012786268509499382,0.022842859080863354,0.7455483,307.64396681293647,310.69875686310286,530.2277529472485
2025-08-08,304.04998779296875,307.8699951171875,302.54998779296875,304.9700012207031,12458700,0.0,0.0,AVGO,0.003983379695081446,300.2100036621094,290.7125015258789,65.56293113632529,0.0674402972376491,-0.23657119747049526,30353.902,4.33,4.3,323.364,329.793,20802.0,61.7,227000,4.26,1.72,2025-09-15 21:20:38,303.8999938964844,345.6499938964844,-0.003508565825936429,0.13339014497475649,0.013142440842655359,0.021615614167730623,0.7302237,308.97805142053073,311.56211509982217,527.6663103911269
2025-08-11,305.04998779296875,308.30999755859375,301.2900085449219,303.8999938964844,12396400,0.0,0.0,AVGO,-0.003508565825936394,301.4460021972656,292.1275009155273,64.42392713539141,0.014311456147716228,-0.0050005217237754085,30353.902,4.33,4.3,323.364,329.793,20802.0,61.7,227000,4.26,1.72,2025-09-15 21:20:38,312.8299865722656,336.6700134277344,0.029384642497962733,0.10783158996183545,0.011635228839344458,0.022517754217158636,0.73209757,307.43593986974537,310.7431392656414,526.3844578881981
2025-08-12,306.6300048828125,313.44000244140625,304.6700134277344,312.8299865722656,17609600,0.0,0.0,AVGO,0.029384642497962687,305.4260009765625,293.7220001220703,69.22859383999734,0.4669552865144908,0.42054144751702105,30353.902,4.33,4.3,323.364,329.793,20802.0,61.7,227000,4.26,1.72,2025-09-15 21:20:38,309.0899963378906,369.57000732421875,-0.011955344419998687,0.1813765405729282,0.01210994695037877,0.015885307902264542,0.7429028,316.61834111414345,317.7993872300273,545.2322456740658
2025-08-13,316.75,317.3500061035156,304.75,309.0899963378906,17371200,0.0,0.0,AVGO,-0.011955344419998681,306.9099975585938,295.13600006103513,65.253795610617,0.40324629586982574,-0.013538070143558012,30353.902,4.33,4.3,323.364,329.793,20802.0,61.7,227000,4.26,1.72,2025-09-15 21:20:38,311.2300109863281,359.6300048828125,0.0069235972493204906,0.1635122752069679,0.004463137376307841,0.02190116583927294,0.75324345,310.4695074531891,315.859427606947,541.9100104117824
2025-08-14,307.010009765625,314.1700134277344,307.0,311.2300109863281,15717600,0.0,0.0,AVGO,0.006923597249320457,308.40399780273435,296.375,66.44111632398156,0.39356618597637905,-0.09519204200055265,30353.902,4.33,4.3,323.364,329.793,20802.0,61.7,227000,4.26,1.72,2025-09-15 21:20:38,306.3399963378906,359.8699951171875,-0.015711899482123884,0.15628307815404105,0.013164407356248771,0.020511295046867654,0.7457148,315.3271696324419,317.6137415691085,543.3188313001483
2025-08-15,311.0299987792969,311.5,299.760009765625,306.3399963378906,22806900,0.0,0.0,AVGO,-0.015711899482123926,308.67799682617186,297.525,61.28751538103583,-0.03127928406380853,0.45104214383875396,30353.902,4.33,4.3,323.364,329.793,20802.0,61.7,227000,4.26,1.72,2025-09-15 21:20:38,305.760009765625,364.0899963378906,-0.0018932773362897882,0.18851603019640373,-0.00028019497966417253,0.023522239161073814,0.7389469,306.2541614088464,313.54579899635297,532.7089914726675
2025-08-18,302.70001220703125,306.1700134277344,299.0,305.760009765625,14724700,0.0,0.0,AVGO,-0.0018932773362897448,309.05,298.40250091552736,60.686263117737944,-0.4189440425656201,-0.3543752110107029,30353.902,4.33,4.3,323.364,329.793,20802.0,61.7,227000,4.26,1.72,2025-09-15 21:20:38,294.9100036621094,364.0899963378906,-0.035485366813771714,0.18851603019640373,0.011830797563887179,0.02298682433436466,0.72942084,309.37739454429425,312.78846139858103,528.7877513783169
2025-08-19,302.4200134277344,302.8999938964844,292.3900146484375,294.9100036621094,20149600,0.0,0.0,AVGO,-0.03548536681377168,305.46600341796875,299.21850128173827,50.671413061421504,-1.4174364197884248,0.36842176750629885,30353.902,4.33,4.3,323.364,329.793,20802.0,61.7,227000,4.26,1.72,2025-09-15 21:20:38,291.1700134277344,364.0899963378906,-0.012681801864748075,0.18851603019640373,0.006099797675561989,0.04257113359167563,0.7097084,296.70889501694745,307.4646568255306,504.2101259067349
2025-08-20,295.4599914550781,295.489990234375,281.8699951171875,291.1700134277344,23600500,0.0,0.0,AVGO,-0.012681801864748099,301.8820068359375,299.5925018310547,47.746450471491826,-2.289465867589975,0.1712639456862668,30353.902,4.33,4.3,323.364,329.793,20802.0,61.7,227000,4.26,1.72,2025-09-15 21:20:38,289.6000061035156,364.0899963378906,-0.00539206392078699,0.18851603019640373,0.004756948684361455,0.04724054592113329,0.66969144,292.555094240035,304.9250438179243,486.16408000755837
2025-08-21,290.05999755859375,292.3900146484375,286.1700134277344,289.6000061035156,14946300,0.0,0.0,AVGO,-0.005392063920786949,297.556005859375,299.6370025634766,46.53214959208261,-2.89281618093624,-0.36669562085549035,30353.902,4.33,4.3,323.364,329.793,20802.0,61.7,227000,4.26,1.72,2025-09-15 21:20:38,294.0,364.0899963378906,0.015193348769860266,0.18851603019640373,0.00836069676389902,0.05844513563424339,0.6318759,292.0212639373704,306.5257177399133,472.59126266861495
2025-08-22,291.75,300.0899963378906,289.010009765625,294.0,16301300,0.0,0.0,AVGO,0.015193348769860338,295.0880065917969,299.8280029296875,50.343642829688,-2.908550153444245,0.0906578885744298,30353.902,4.33,4.3,323.364,329.793,20802.0,61.7,227000,4.26,1.72,2025-09-15 21:20:38,294.2300109863281,364.0899963378906,0.0007823502936330783,0.18851603019640373,0.010305247831345121,0.04414834987667449,0.645529,297.02974286241545,306.9796148637423,483.78553533554077
2025-08-25,292.80999755859375,298.3999938964844,291.7099914550781,294.2300109863281,15124700,0.0,0.0,AVGO,0.0007823502936330495,292.7820068359375,299.82450408935546,50.542123894509324,-2.814642180043978,-0.07217829252881669,30353.902,4.33,4.3,323.364,329.793,20802.0,61.7,227000,4.26,1.72,2025-09-15 21:20:38,298.010009765625,364.0899963378906,0.012847087782192684,0.18851603019640373,0.011918158485174211,0.04414834987667449,0.6581938,297.7366908883577,307.21978045557034,487.89038784016884
2025-08-26,294.3500061035156,300.25,293.989990234375,298.010009765625,25689100,0.0,0.0,AVGO,0.012847087782192679,293.4020080566406,299.85400390625,53.80967933436135,-2.423968503806659,0.6984865815520307,30353.902,4.33,4.3,323.364,329.793,20802.0,61.7,227000,4.26,1.72,2025-09-15 21:20:38,300.25,364.0899963378906,0.007516493275298632,0.18851603019640373,0.009540723832025111,0.03329730908826441,0.6529471,300.8532409679779,307.9329411721877,492.594807466201
2025-08-27,297.5299987792969,301.17999267578125,293.7799987792969,300.25,13830300,0.0,0.0,AVGO,0.007516493275298686,295.21800537109374,299.7355041503906,55.67839047450238,-1.9605226270616845,-0.46162769423607675,30353.902,4.33,4.3,323.364,329.793,20802.0,61.7,227000,4.26,1.72,2025-09-15 21:20:38,308.6499938964844,364.0899963378906,0.02797666576680891,0.18851603019640373,0.019536968540943098,0.029765035562341502,0.65462494,306.11597480441816,309.18695192759304,496.80113792419434
2025-08-28,302.92999267578125,311.0,302.3299865722656,308.6499938964844,18907100,0.0,0.0,AVGO,0.027976665766809017,299.0280029296875,300.4830032348633,61.902844663814314,-1.0781736730732234,0.367078082181876,30353.902,4.33,4.3,323.364,329.793,20802.0,61.7,227000,4.26,1.72,2025-09-15 21:20:38,297.3900146484375,364.0899963378906,-0.036481384969096316,0.18851603019640373,0.01364816560935883,0.025032678668654135,0.64045596,312.86250012851116,316.3763300147771,506.32672242029366
2025-08-29,307.010009765625,307.010009765625,293.6600036621094,297.3900146484375,21610700,0.0,0.0,AVGO,-0.036481384969096364,299.706005859375,300.9205032348633,51.46839236947676,-1.2317147568592421,0.14299390176177207,30353.902,4.33,4.3,323.364,329.793,20802.0,61.7,227000,4.26,1.72,2025-09-15 21:20:38,298.239990234375,364.0899963378906,0.002858117435255205,0.18851603019640373,0.00723679291640376,0.03739852265027721,0.6352839,299.5421645998545,308.5119618472334,486.3171169499983
2025-09-02,289.3399963378906,298.7099914550781,287.1700134277344,298.239990234375,19693000,0.0,0.0,AVGO,0.002858117435255103,300.50800170898435,300.9465026855469,52.12442672465575,-1.250846416947316,-0.0887384490090557,30353.902,4.33,4.3,323.364,329.793,20802.0,61.7,263000,4.26,1.72,2025-09-15 21:20:38,302.3900146484375,364.0899963378906,0.013915050127252084,0.18851603019640373,0.013231123520603925,0.046000216949155605,0.60891813,302.1860403839497,311.95909448807026,479.8437452742364
2025-09-03,302.2900085449219,304.45001220703125,296.3999938964844,302.3900146484375,18529400,0.0,0.0,AVGO,0.013915050127252027,301.3840026855469,301.4195037841797,55.30147614019382,-0.9712776022697351,-0.05908698522317579,30353.902,4.33,4.3,323.364,329.793,20802.0,61.7,263000,4.26,1.72,2025-09-15 21:20:38,306.1000061035156,364.0899963378906,0.012268895384629048,0.18851603019640373,0.012682727890048012,0.03824677993872174,0.60197115,306.2251449208913,313.95545899436314,484.42007934692083
2025-09-04,305.05999755859375,308.7799987792969,302.25,306.1000061035156,31220800,0.0,0.0,AVGO,0.012268895384629053,302.55400390625,301.64100341796876,57.98567283084916,-0.545012713350137,0.6849331332908783,30353.902,4.33,4.3,323.364,329.793,20802.0,61.7,263000,4.26,1.72,2025-09-15 21:20:38,334.8900146484375,364.0899963378906,0.09405425668363361,0.18851603019640373,0.011030465482458925,0.031215323759341884,0.5736268,309.4764316550209,315.6550168967734,481.6871598207581
2025-09-05,355.7799987792969,356.3399963378906,331.4200134277344,334.8900146484375,78401600,0.0,0.0,AVGO,0.09405425668363354,307.8020080566406,303.1975036621094,72.02496822267983,1.5526432164820303,1.5111976630963975,30353.902,4.33,4.3,323.364,329.793,20802.0,61.7,263000,4.26,1.72,2025-09-15 21:20:38,345.6499938964844,364.0899963378906,0.032129889747063795,0.18851603019640373,0.10046087572952901,0.016592256221896313,0.53546554,368.53335879309435,340.44659557763896,514.2120567200182
2025-09-08,342.75,354.1700134277344,341.25,345.6499938964844,43535600,0.0,0.0,AVGO,0.03212988974706388,317.45400390625,305.23150329589845,75.34139710643096,3.4337589442305827,-0.44471031203444833,30353.902,4.33,4.3,323.364,329.793,20802.0,61.7,263000,4.26,1.72,2025-09-15 21:20:38,336.6700134277344,364.0899963378906,-0.025979981563197523,0.18851603019640373,0.018871346295334497,0.024414234125206356,0.51947147,352.1728746282852,354.08877377284927,525.205282533534
2025-09-09,349.54998779296875,350.9800109863281,335.8299865722656,336.6700134277344,26972300,0.0,0.0,AVGO,-0.025979981563197474,325.1400085449219,306.87000427246096,68.0868246503403,3.8129559293562973,-0.3804541570576724,30353.902,4.33,4.3,323.364,329.793,20802.0,61.7,263000,4.26,1.72,2025-09-15 21:20:38,369.57000732421875,364.0899963378906,0.09772178270799962,0.18851603019640373,0.004784277076702747,0.029454165614045926,0.479115,338.2807360553899,346.5863477605179,497.9736700448411
2025-09-10,351.5199890136719,372.9700012207031,350.54998779296875,369.57000732421875,51086800,0.0,0.0,AVGO,0.0977217827079997,338.5760070800781,309.7070053100586,76.87303952493382,5.894892837941965,0.8940468554776566,30353.902,4.33,4.3,323.364,329.793,20802.0,61.7,263000,4.26,1.72,2025-09-15 21:20:38,359.6300048828125,364.0899963378906,-0.02689612859380664,0.18851603019640373,0.06056388431778972,0.02734699377624118,0.48989356,391.95260249512745,379.67663601439955,550.6199722706151
2025-09-11,371.17999267578125,374.2300109863281,358.760009765625,359.6300048828125,29430900,0.0,0.0,AVGO,-0.026896128593806634,349.2820068359375,312.2340057373047,70.55296194104257,6.187551432579241,-0.42390402217402534,30353.902,4.33,4.3,323.364,329.793,20802.0,61.7,263000,4.26,1.72,2025-09-15 21:20:38,359.8699951171875,364.0899963378906,0.0006673253930889393,0.18851603019640373,0.0062097640776927225,0.03378429450001411,0.48217237,361.8632223683943,371.77985087881495,533.033656644795
2025-09-12,362.9100036621094,364.3900146484375,357.1600036621094,359.8699951171875,31931500,0.0,0.0,AVGO,0.0006673253930888912,354.2780029296875,314.66600494384767,70.61577563727938,5.978944065910161,0.08496512169182724,30353.902,4.33,4.3,323.364,329.793,20802.0,61.7,263000,4.26,1.72,2025-09-15 21:20:38,364.0899963378906,364.0899963378906,0.0117264603272327,0.18851603019640373,0.012264003707623608,0.024322895023020017,0.38202673,364.28344207156715,368.6230752303576,497.3499318351969
2025-09-15,359.8699951171875,365.5,356.3399963378906,364.0899963378906,18035711,0.0,0.0,AVGO,0.01172646032723268,357.96600341796875,317.55350494384766,71.75663689408138,5.707456228871596,-0.43517495263298,30353.902,4.33,4.3,323.364,329.793,20802.0,61.7,263000,4.26,1.72,2025-09-15 21:20:38,364.0899963378906,364.0899963378906,0.0117264603272327,0.18851603019640373,0.016999387982206196,0.024322895023020017,0.3844488,370.2793034460784,372.9457190977489,504.0639464008491
2025-05-01,531.0,533.27001953125,528.2999877929688,530.22998046875,4693100,0.0,0.0,BRK-B,-0.005663421530707868,531.9900024414062,520.3255004882812,55.56352717313528,0.7079554357615301,-0.10634854139690764,30353.902,4.33,4.2,320.58,326.854,20617.5,52.2,229000,4.42,1.72,2025-09-15 21:20:38,539.7999877929688,503.9599914550781,0.01804878576605265,-0.04954451838134064,0.008504437379717109,0.03225379130385413,-0.44816917,534.7392881344952,547.3319076018357,292.5972492531582
2025-05-02,536.75,542.0700073242188,535.260009765625,539.7999877929688,4945600,0.0,0.0,BRK-B,0.018048785766052733,533.7579956054688,520.8075012207031,60.605532536560276,1.067110793675985,0.053802390743858064,30353.902,4.33,4.2,320.58,326.854,20617.5,52.2,229000,4.42,1.72,2025-09-15 21:20:38,512.1500244140625,502.80999755859375,-0.0512226083812194,-0.06852536322872592,0.014118384748059357,0.020621859059624877,-0.43602213,547.4210917076276,550.9316670616225,304.43522983177536
2025-05-05,520.0800170898438,521.1799926757812,502.79998779296875,512.1500244140625,16380200,0.0,0.0,BRK-B,-0.05122260838121939,530.0,521.7380020141602,44.79193929527343,-0.5699963222301294,2.3120753801358784,30353.902,4.33,4.2,320.58,326.854,20617.5,52.2,229000,4.42,1.72,2025-09-15 21:20:38,512.3300170898438,497.8299865722656,0.0003514452156615143,-0.02796063098538374,-0.033161724310829255,0.07081774895768399,-0.42740458,495.16624649865884,548.4193362716893,293.25475705177087
2025-05-06,509.57000732421875,515.75,507.989990234375,512.3300170898438,6088600,0.0,0.0,BRK-B,0.00035144521566143894,525.552001953125,522.8355026245117,44.892741968741,-1.5951603060136827,-0.6282951368115164,30353.902,4.33,4.2,320.58,326.854,20617.5,52.2,229000,4.42,1.72,2025-09-15 21:20:38,518.219970703125,491.0,0.01149640547461495,-0.04163335424108725,0.04214471180509481,0.05805478572271843,-0.4683361,533.9220180091945,542.0732264513114,272.3873722337885
2025-05-07,515.02001953125,520.25,513.0,518.219970703125,5573800,0.0,0.0,BRK-B,0.011496405474614946,522.54599609375,524.1145004272461,48.22422706091921,-1.814997339331979,-0.084551456820944,30353.902,4.33,4.2,320.58,326.854,20617.5,52.2,229000,4.42,1.72,2025-09-15 21:20:38,513.25,488.739990234375,-0.009590465408698364,-0.05688700192073132,0.06320126996492934,0.054138185529635736,-0.42653337,550.972130972751,546.2754596222131,297.18187501488137
2025-05-08,520.97998046875,521.260009765625,513.0399780273438,513.25,5018600,0.0,0.0,BRK-B,-0.009590465408698345,519.15,523.7065017700195,45.71294820038024,-2.2074650743612536,-0.09960888442355309,30353.902,4.33,4.2,320.58,326.854,20617.5,52.2,229000,4.42,1.72,2025-09-15 21:20:38,513.739990234375,493.5299987792969,0.000954681411349245,-0.0384218241026851,0.033362966834589,0.06380280494557014,-0.38966066,530.3735427278527,545.9967896383139,313.25666807591915
2025-05-09,514.25,515.9099731445312,510.25,513.739990234375,3621400,0.0,0.0,BRK-B,0.0009546814113492452,513.9380004882812,523.6030014038085,46.01145181438763,-2.3340873706225365,-0.27840433587056146,30353.902,4.33,4.2,320.58,326.854,20617.5,52.2,229000,4.42,1.72,2025-09-15 21:20:38,514.2999877929688,493.3299865722656,0.001090040816830848,-0.03972827510040256,0.04221426300858158,0.06376837491891418,-0.38130796,535.4271453001551,546.50035454248,317.84684281548834
2025-05-12,520.2999877929688,520.2999877929688,510.25,514.2999877929688,6368000,0.0,0.0,BRK-B,0.0010900408168308395,514.3679931640625,523.1125015258789,46.37437033666129,-2.277657585005792,0.7584359639918263,30353.902,4.33,4.2,320.58,326.854,20617.5,52.2,229000,4.42,1.72,2025-09-15 21:20:38,511.8800048828125,491.1300048828125,-0.00470539173166462,-0.04505149418646947,0.03313624770687892,0.06376837491891418,-0.3495971,531.3419595841214,547.0960622353438,334.5022053597859
2025-05-13,515.6400146484375,515.75,511.79998779296875,511.8800048828125,4504100,0.0,0.0,BRK-B,-0.004705391731664621,514.2779907226562,522.230500793457,44.96761620518653,-2.2944365927628105,-0.29269786432160805,30353.902,4.33,4.2,320.58,326.854,20617.5,52.2,229000,4.42,1.72,2025-09-15 21:20:38,503.3999938964844,488.1400146484375,-0.016566404050631946,-0.04637803783683624,0.036056170398652714,0.06255886720014098,-0.33565417,530.3364375625304,543.9026381306838,340.06536230702477
2025-05-14,511.8500061035156,511.8500061035156,502.79998779296875,503.3999938964844,6384100,0.0,0.0,BRK-B,-0.016566404050631922,511.3139953613281,520.9920013427734,40.348714926421145,-2.737729219982853,0.41739748229390994,30353.902,4.33,4.2,320.58,326.854,20617.5,52.2,229000,4.42,1.72,2025-09-15 21:20:38,507.3299865722656,490.3399963378906,0.007806898536811238,-0.025943579096028586,0.029449451925574483,0.06503489429746172,-0.33920234,518.2248478160734,536.1385592888851,332.64553578700543
2025-05-15,502.3800048828125,509.7799987792969,501.6199951171875,507.3299865722656,5040900,0.0,0.0,BRK-B,0.007806898536811158,510.12999267578124,520.5360000610351,43.257599755649494,-2.626896908552692,-0.2103977068028383,30353.902,4.33,4.2,320.58,326.854,20617.5,52.2,229000,4.42,1.72,2025-09-15 21:20:38,514.3099975585938,487.5400085449219,0.01375832529334213,-0.03900809838001722,0.04354270723065311,0.0672316235374537,-0.3356927,529.4205076469129,541.4386052387537,337.0230116996081
2025-05-16,509.6300048828125,514.3300170898438,506.79998779296875,514.3099975585938,4997300,0.0,0.0,BRK-B,0.0137583252933422,510.243994140625,520.3409988403321,48.098597341788555,-1.9739275610661116,-0.008649249142018256,30353.902,4.33,4.2,320.58,326.854,20617.5,52.2,229000,4.42,1.72,2025-09-15 21:20:38,512.3900146484375,490.2300109863281,-0.0037331238344001125,-0.046819985391246974,0.033376925539609435,0.054138185529635736,-0.32579914,531.4760840513836,542.1538076261673,346.74825934915134
2025-05-19,513.6199951171875,513.7899780273438,510.1000061035156,512.3900146484375,3441500,0.0,0.0,BRK-B,-0.003733123834400165,509.86199951171875,520.6144989013671,46.912975788946575,-1.578864792763914,-0.311328117183279,30353.902,4.33,4.2,320.58,326.854,20617.5,52.2,229000,4.42,1.72,2025-09-15 21:20:38,508.739990234375,483.4800109863281,-0.00712352760536691,-0.05642187169073774,0.036439999836960765,0.05723743695693438,-0.32576635,531.0615066986868,541.7179058092402,345.47060261128354
2025-05-20,511.1099853515625,512.0800170898438,506.54998779296875,508.739990234375,3737000,0.0,0.0,BRK-B,-0.007123527605366942,509.23399658203124,520.0119995117187,44.659214852618426,-1.4729713697911886,0.08586372221415073,30353.902,4.33,4.2,320.58,326.854,20617.5,52.2,229000,4.42,1.72,2025-09-15 21:20:38,507.0299987792969,485.1400146484375,-0.003361228698161387,-0.04638907111482442,0.02915938788176006,0.058089215749374395,-0.3508287,523.5745369405819,538.2922972874343,330.2593971502647
2025-05-21,507.4100036621094,510.0,505.3999938964844,507.0299987792969,3815800,0.0,0.0,BRK-B,-0.003361228698161356,509.9599975585937,519.0229995727539,43.602378128488674,-1.4267092276676006,0.021086432967621027,30353.902,4.33,4.2,320.58,326.854,20617.5,52.2,229000,4.42,1.72,2025-09-15 21:20:38,503.57000732421875,484.8500061035156,-0.006824036967059638,-0.04374493171840093,0.0317703520647928,0.05984384178083493,-0.36920124,523.1385203479266,537.372621804382,319.83389303035983
2025-05-22,505.1000061035156,507.3999938964844,502.6400146484375,503.57000732421875,3244800,0.0,0.0,BRK-B,-0.006824036967059688,509.2080017089844,517.619499206543,41.46423750220197,-1.5286771078226362,-0.14964096650767855,30353.902,4.33,4.2,320.58,326.854,20617.5,52.2,229000,4.42,1.72,2025-09-15 21:20:38,503.4599914550781,487.7699890136719,-0.00021847184609982606,-0.03137601143980401,0.0346244453401794,0.06244168498179428,-0.38661665,521.0058395177699,535.0137670878376,308.8814594401447
2025-05-23,501.010009765625,505.5,500.25,503.4599914550781,3166800,0.0,0.0,BRK-B,-0.0002184718460997992,507.0380004882812,516.244497680664,41.39472928866967,-1.5009355893884546,-0.024038461538461564,30353.902,4.33,4.2,320.58,326.854,20617.5,52.2,229000,4.42,1.72,2025-09-15 21:20:38,509.1600036621094,493.4800109863281,0.011321678591693697,-0.019822787586172032,0.043092813580043764,0.0679302341253877,-0.409114,525.1554990118622,537.6601465473873,297.4874589091887
2025-05-27,506.42999267578125,509.75,505.010009765625,509.1600036621094,4928300,0.0,0.0,BRK-B,0.01132167859169364,506.3919982910156,515.1554977416993,46.407434081880716,-1.0191456346915344,0.55623973727422,30353.902,4.33,4.2,320.58,326.854,20617.5,52.2,229000,4.42,1.72,2025-09-15 21:20:38,503.1099853515625,486.2099914550781,-0.011882351848205679,-0.04507426357523051,0.03612689463408867,0.06482170263839701,-0.42558178,527.5543734663026,542.1646220148598,292.47076626850685
2025-05-28,508.3900146484375,509.1000061035156,502.8299865722656,503.1099853515625,3613900,0.0,0.0,BRK-B,-0.01188235184820563,505.2659973144531,513.5824966430664,42.274317598462446,-1.025559800435162,-0.26670454314875314,30353.902,4.33,4.2,320.58,326.854,20617.5,52.2,229000,4.42,1.72,2025-09-15 21:20:38,506.17999267578125,485.04998779296875,0.0061020600139221936,-0.035896718579286016,0.03500737327430762,0.06761781886087624,-0.4595483,520.7225444067961,537.1291852081625,271.90664961508446
2025-05-29,504.0,506.54998779296875,501.20001220703125,506.17999267578125,3656000,0.0,0.0,BRK-B,0.006102060013922106,505.09599609375,512.2289962768555,44.95341130969568,-0.7532784214156667,0.01164946456736482,30353.902,4.33,4.2,320.58,326.854,20617.5,52.2,229000,4.42,1.72,2025-09-15 21:20:38,503.9599914550781,485.67999267578125,-0.004385794090690348,-0.04049942766728568,0.031198224942103347,0.061998362904988745,-0.48669255,521.9719099484726,537.5623235569388,259.82596239595296
2025-05-30,505.19000244140625,505.7200012207031,500.19000244140625,503.9599914550781,9153100,0.0,0.0,BRK-B,-0.004385794090690398,505.1739929199219,510.9154968261719,43.3853591278814,-0.6564686269977935,1.5035831509846829,30353.902,4.33,4.2,320.58,326.854,20617.5,52.2,229000,4.42,1.72,2025-09-15 21:20:38,502.80999755859375,485.7699890136719,-0.00228191506465426,-0.03609413991155619,0.017794151609809877,0.07644468173111595,-0.49719268,512.9275319483083,542.4850526070775,253.39477226957933
2025-06-02,501.70001220703125,503.2300109863281,499.4700012207031,502.80999755859375,4914000,0.0,0.0,BRK-B,-0.0022819150646542496,505.043994140625,509.0659973144531,42.557229710613534,-0.604934359262439,-0.46313270913679516,30353.902,4.33,4.1,321.5,327.6,20693.1,60.7,250000,4.38,1.72,2025-09-15 21:20:38,497.8299865722656,489.6099853515625,-0.009904359520512102,-0.02625248557332637,0.014575788201882968,0.060024833031558526,-0.5213748,510.1388495887971,532.9910837086467,240.65752475115733
2025-06-03,501.0,502.7900085449219,493.510009765625,497.8299865722656,5923100,0.0,0.0,BRK-B,-0.009904359520512052,502.7779907226562,508.3499954223633,39.078561319203395,-0.8275234012751032,0.20535205535205536,30353.902,4.33,4.1,321.5,327.6,20693.1,60.7,250000,4.38,1.72,2025-09-15 21:20:38,491.0,480.4800109863281,-0.01371951621334119,-0.03485120634335062,0.010168390945373413,0.06661297950279671,-0.637035,502.8921165000624,530.9919252636815,180.69485498018548
2025-06-04,496.94000244140625,496.989990234375,490.8800048828125,491.0,5297600,0.0,0.0,BRK-B,-0.01371951621334122,500.3559936523437,507.2834945678711,34.86885672016899,-1.3264341645855682,-0.10560348466174807,30353.902,4.33,4.1,321.5,327.6,20693.1,60.7,250000,4.38,1.72,2025-09-15 21:20:38,488.739990234375,485.0,-0.004602871213085539,-0.012219959266802444,0.007496815773437151,0.06819238149077582,-0.61575174,494.6809365447577,524.482459311971,188.66589403152466
2025-06-05,490.75,491.0,485.6000061035156,488.739990234375,5154900,0.0,0.0,BRK-B,-0.004602871213085558,496.8679931640625,505.8094955444336,33.579816343742024,-1.677715847668643,-0.026936726064633043,30353.902,4.33,4.1,321.5,327.6,20693.1,60.7,250000,4.38,1.72,2025-09-15 21:20:38,493.5299987792969,478.0299987792969,0.00980072971443329,-0.021913474790434387,0.020590381513965077,0.07039329727195925,-0.58836854,498.8033330944323,523.1440096556378,201.1807581638277
2025-06-06,491.6300048828125,496.1000061035156,491.6300048828125,493.5299987792969,3948300,0.0,0.0,BRK-B,0.009800729714433354,494.78199462890626,504.82349548339846,38.74823928965406,-1.4643121647883097,-0.2340685561310598,30353.902,4.33,4.1,321.5,327.6,20693.1,60.7,250000,4.38,1.72,2025-09-15 21:20:38,493.3299865722656,477.4700012207031,-0.0004052685906144766,-0.03254107672951339,0.018710857438250517,0.06825856219123189,-0.55212617,502.7643682279563,527.2176468942122,221.03917116567754
2025-06-09,493.70001220703125,494.5299987792969,488.8800048828125,493.3299865722656,3987500,0.0,0.0,BRK-B,-0.0004052685906145159,492.8859924316406,503.802995300293,38.61312607277506,-1.2232756111529612,0.009928323582301335,30353.902,4.33,4.1,321.5,327.6,20693.1,60.7,250000,4.38,1.72,2025-09-15 21:20:38,491.1300048828125,478.9100036621094,-0.004459452596301604,-0.029229893383024536,0.019707465735834352,0.06825856219123189,-0.5407178,503.0522703790981,527.0039821415082,226.57769113438735
2025-06-10,492.6600036621094,492.8999938964844,489.5,491.1300048828125,3951500,0.0,0.0,BRK-B,-0.00445945259630165,491.54599609375,502.64449615478514,37.081507953934384,-1.1024001314153598,-0.009028213166144217,30353.902,4.33,4.1,321.5,327.6,20693.1,60.7,250000,4.38,1.72,2025-09-15 21:20:38,488.1400146484375,478.2699890136719,-0.006087981195708935,-0.026184545316487284,0.014258088322556657,0.06819238149077582,-0.5196076,498.13257987028936,524.6213295373478,235.93512001417548
2025-06-11,491.04998779296875,492.25,486.6700134277344,488.1400146484375,4595900,0.0,0.0,BRK-B,-0.006087981195708969,490.9739990234375,501.4574966430664,35.04681236823107,-1.1110796841158228,0.16307731241300782,30353.902,4.33,4.1,321.5,327.6,20693.1,60.7,250000,4.38,1.72,2025-09-15 21:20:38,490.3399963378906,475.8599853515625,0.004506866111022613,-0.025156776597630864,0.012230587025145482,0.06819238149077582,-0.50696796,494.1102535780511,521.4274447482567,240.66866635486804
2025-06-12,486.239990234375,490.44000244140625,483.7799987792969,490.3399963378906,3535200,0.0,0.0,BRK-B,0.004506866111022578,491.29400024414065,500.8044967651367,37.75321830854542,-0.8667625659493527,-0.2307926630257403,30353.902,4.33,4.1,321.5,327.6,20693.1,60.7,250000,4.38,1.72,2025-09-15 21:20:38,487.5400085449219,476.30999755859375,-0.0057102985966482195,-0.028612797006322282,0.02079910886661379,0.06667916020325278,-0.5037129,500.5386313033774,523.0354555077672,243.3494184582305
2025-06-13,486.2699890136719,491.0799865722656,485.8500061035156,487.5400085449219,4001000,0.0,0.0,BRK-B,-0.005710298596648178,490.09600219726565,499.8149978637695,35.713604654766016,-0.7937903872044627,0.13176057931658747,30353.902,4.33,4.1,321.5,327.6,20693.1,60.7,250000,4.38,1.72,2025-09-15 21:20:38,490.2300109863281,470.1300048828125,0.005517500911227049,-0.03570989735605508,0.014242857053759207,0.06732870411736792,-0.51401687,494.4839711946157,520.365445525622,236.93622096959007
2025-06-16,489.7300109863281,491.8500061035156,488.5400085449219,490.2300109863281,3937600,0.0,0.0,BRK-B,0.005517500911227158,489.47600708007815,498.6109985351562,39.11669419561592,-0.47987165917729335,-0.015846038490377357,30353.902,4.33,4.1,321.5,327.6,20693.1,60.7,250000,4.38,1.72,2025-09-15 21:20:38,483.4800109863281,471.30999755859375,-0.01376904687336298,-0.03859415581201949,0.019862279195226595,0.06512413868022356,-0.51410985,499.96709633441753,522.1558182070092,238.19793360705808
2025-06-17,489.1099853515625,489.3999938964844,483.25,483.4800109863281,3956300,0.0,0.0,BRK-B,-0.013769046873363,487.9460083007813,497.1654983520508,34.22131066551826,-0.6327336180838543,0.004749085737504988,30353.902,4.33,4.1,321.5,327.6,20693.1,60.7,250000,4.38,1.72,2025-09-15 21:20:38,485.1400146484375,473.3999938964844,0.003433448383363085,-0.0208488807412739,0.013575991602273957,0.06505795797976749,-0.53907746,490.04373155534586,514.9342332251341,222.8468343327786
2025-06-18,484.1000061035156,486.70001220703125,482.75,485.1400146484375,4893600,0.0,0.0,BRK-B,0.0034334483833631246,487.34600830078125,495.9854995727539,36.33158338023821,-0.5320024777192254,0.23691327755731373,30353.902,4.33,4.1,321.5,327.6,20693.1,60.7,250000,4.38,1.72,2025-09-15 21:20:38,484.8500061035156,473.79998779296875,-0.0005977831886986958,-0.023374750614390025,0.02130404650349378,0.06886115124208407,-0.54416007,495.47546008121344,518.5473145707305,221.14619127078186
2025-06-20,484.95001220703125,486.67999267578125,483.42999267578125,484.8500061035156,7620400,0.0,0.0,BRK-B,-0.0005977831886987417,486.2480102539063,494.87649993896486,36.113606385987765,-0.40083727068335406,0.5572175903220533,30353.902,4.33,4.1,321.5,327.6,20693.1,60.7,250000,4.38,1.72,2025-09-15 21:20:38,487.7699890136719,474.4100036621094,0.006022445856240399,-0.02153243747547217,0.019152383841919234,0.06967921120792707,-0.5561909,494.136039526167,518.6339720829671,215.1808409867317
2025-06-23,485.4200134277344,488.5,481.7200012207031,487.7699890136719,4141000,0.0,0.0,BRK-B,0.006022445856240344,486.29400634765625,494.0864990234375,40.015872470452415,-0.051704732398161646,-0.4565902052385702,30353.902,4.33,4.1,321.5,327.6,20693.1,60.7,250000,4.38,1.72,2025-09-15 21:20:38,493.4800109863281,478.1300048828125,0.011706382313931582,-0.019763380995113197,0.020733880811811878,0.06546031118706125,-0.57182604,497.88335382946013,519.6995642822163,208.85040740185832
2025-06-24,489.42999267578125,497.739990234375,488.8900146484375,493.4800109863281,5111700,0.0,0.0,BRK-B,0.011706382313931618,486.9440063476562,493.5875,46.85238257148929,0.5939150222868106,0.23441197778314415,30353.902,4.33,4.1,321.5,327.6,20693.1,60.7,250000,4.38,1.72,2025-09-15 21:20:38,486.2099914550781,482.6300048828125,-0.014732145921613461,-0.021986718533602824,0.015001154912355234,0.04788407133129252,-0.59994304,500.8827810772848,517.1098430329645,197.42011212697616
2025-06-25,494.5,496.0,486.1400146484375,486.2099914550781,4260600,0.0,0.0,BRK-B,-0.014732145921613427,487.49000244140626,492.43999938964845,40.52021579839186,0.5618131884145914,-0.16650038147778623,30353.902,4.33,4.1,321.5,327.6,20693.1,60.7,250000,4.38,1.72,2025-09-15 21:20:38,485.04998779296875,480.6000061035156,-0.0023858079482032817,-0.011538194299079551,0.006100930849638868,0.055097758085991884,-0.6172066,489.1763249913491,512.9990719432623,186.11798863427248
2025-06-26,486.5400085449219,487.9800109863281,484.25,485.04998779296875,4212900,0.0,0.0,BRK-B,-0.002385807948203311,487.4719970703125,491.53699951171876,39.600549354781535,0.49525787641887487,-0.011195606252640489,30353.902,4.33,4.1,321.5,327.6,20693.1,60.7,250000,4.38,1.72,2025-09-15 21:20:38,485.67999267578125,484.07000732421875,0.0012988452709360783,-0.002020370051361139,0.009980809143073649,0.055097758085991884,-0.59699464,489.89117914598063,511.7751546799991,195.47774570372712
2025-06-27,485.7699890136719,489.67999267578125,484.3999938964844,485.67999267578125,6129300,0.0,0.0,BRK-B,0.0012988452709361553,487.63799438476565,490.5119995117187,40.391835529834694,0.5237021019123516,0.4548885565762302,30353.902,4.33,4.1,321.5,327.6,20693.1,60.7,250000,4.38,1.72,2025-09-15 21:20:38,485.7699890136719,481.70001220703125,0.00018529966078034972,-0.0081946560055375,0.014841132049701531,0.05443005478403862,-0.5866268,492.88803358098056,512.1155812846355,200.76707928685573
2025-06-30,485.8999938964844,487.6499938964844,483.44000244140625,485.7699890136719,6384300,0.0,0.0,BRK-B,0.00018529966078029148,487.2379943847656,489.6024993896484,40.511729554057396,0.5745433969521763,0.041603445744212264,30353.902,4.33,4.1,321.5,327.6,20693.1,60.7,250000,4.38,1.72,2025-09-15 21:20:38,489.6099853515625,476.55999755859375,0.007904968245748399,-0.01895957276771767,0.018618313921658185,0.05423718210656595,-0.59509695,494.8142071628489,512.1167843697109,196.68975220848733
2025-07-01,485.7799987792969,491.0899963378906,483.79998779296875,489.6099853515625,4776000,0.0,0.0,BRK-B,0.007904968245748378,486.4639892578125,488.9424987792969,45.54468111196222,0.8747642952793946,-0.25191485362529953,30353.902,4.33,4.2,322.132,328.656,20802.0,61.7,228000,4.39,1.72,2025-09-15 21:20:38,480.4800109863281,476.0,-0.018647443145340743,-0.027797605765311147,0.016873689416671438,0.04687709273168021,-0.60494953,497.8715121796858,512.5614780372442,193.42065290107712
2025-07-02,489.42999267578125,489.92999267578125,478.6199951171875,480.4800109863281,6707200,0.0,0.0,BRK-B,-0.018647443145340725,485.3179931640625,488.075,37.43517037413243,0.4858464272470684,0.40435510887772197,30353.902,4.33,4.2,322.132,328.656,20802.0,61.7,228000,4.39,1.72,2025-09-15 21:20:38,485.0,471.8800048828125,0.00940723632684168,-0.01789878019246119,0.008942764657508104,0.05313563253238815,-0.6253276,484.77683064721583,506.0106202892555,180.02260505316372
2025-07-03,480.8900146484375,486.54998779296875,480.3599853515625,485.0,3443300,0.0,0.0,BRK-B,0.009407236326841595,485.30799560546876,487.775,42.85958504518724,0.5553788803497479,-0.48662631202290074,30353.902,4.33,4.2,322.132,328.656,20802.0,61.7,228000,4.39,1.72,2025-09-15 21:20:38,478.0299987792969,472.8399963378906,-0.014371136537532216,-0.02507217249919459,0.022031509998813394,0.05251997249089795,-0.5966579,495.6852823494245,510.47218665808555,195.62093198299408
2025-07-07,484.4200134277344,486.0799865722656,476.79998779296875,478.0299987792969,4674400,0.0,0.0,BRK-B,-0.014371136537532192,483.7779968261719,487.23950042724607,37.46532066452978,0.17408395213711714,0.3575349228937357,30353.902,4.33,4.2,322.132,328.656,20802.0,61.7,228000,4.39,1.72,2025-09-15 21:20:38,477.4700012207031,459.1099853515625,-0.0011714694894123098,-0.039579134104656084,0.01027935322139199,0.0622837421685192,-0.60691243,482.94383798717087,507.80349597208414,187.90764864680568
2025-07-08,477.3500061035156,480.0,473.5799865722656,477.4700012207031,4116200,0.0,0.0,BRK-B,-0.001171469489412269,482.1179992675781,486.4365005493164,37.06172374444574,-0.06111804827126566,-0.11941639568714701,30353.902,4.33,4.2,322.132,328.656,20802.0,61.7,228000,4.39,1.72,2025-09-15 21:20:38,478.9100036621094,464.19000244140625,0.003015901392181142,-0.027813263127201997,0.022032756098731943,0.06429261552961525,-0.58318913,487.9899813020601,508.16779643611073,199.0146866891555
2025-07-09,477.0,479.489990234375,475.8299865722656,478.9100036621094,3367400,0.0,0.0,BRK-B,0.0030159013921811084,479.9780029296875,485.7155014038086,38.88490015532615,-0.06464752627774484,-0.18191535882610177,30353.902,4.33,4.2,322.132,328.656,20802.0,61.7,228000,4.39,1.72,2025-09-15 21:20:38,478.2699890136719,468.9100036621094,-0.0013363985791557125,-0.02088074987687125,0.02132404090208073,0.06362491222766198,-0.57265824,489.1223001686158,509.3806106100604,204.65824346577392
2025-07-10,477.8699951171875,478.54998779296875,475.5,478.2699890136719,4573300,0.0,0.0,BRK-B,-0.0013363985791556843,479.53599853515624,485.07250061035154,38.35312749925531,-0.055378621001380246,0.35811011462849685,30353.902,4.33,4.2,322.132,328.656,20802.0,61.7,228000,4.39,1.72,2025-09-15 21:20:38,475.8599853515625,461.4700012207031,-0.005039002482843394,-0.035126577412091194,0.02033142263216849,0.06429261552961525,-0.57158405,487.9938982925914,509.0192175366812,204.89849366690942
2025-07-11,476.25,476.8500061035156,471.3999938964844,475.8599853515625,4416600,0.0,0.0,BRK-B,-0.005039002482843391,477.70799560546874,484.4584991455078,36.33792976233872,-0.15140417311629228,-0.034264098134826004,30353.902,4.33,4.2,322.132,328.656,20802.0,61.7,228000,4.39,1.72,2025-09-15 21:20:38,476.30999755859375,465.3999938964844,0.000945681967141624,-0.02198123771081602,0.015874663488803026,0.06652133909702114,-0.56612384,483.41410248680523,507.51482879983735,206.46430162254546
2025-07-14,474.32000732421875,478.1300048828125,473.4599914550781,476.30999755859375,4294700,0.0,0.0,BRK-B,0.0009456819671416206,477.36399536132814,483.75699920654296,37.003546537251566,-0.12552782112837946,-0.027600416610062073,30353.902,4.33,4.2,322.132,328.656,20802.0,61.7,228000,4.39,1.72,2025-09-15 21:20:38,470.1300048828125,464.7300109863281,-0.012974728028926187,-0.0243118696471222,0.022032756098731943,0.06572914051170776,-0.5630441,486.8044195621898,507.61744431525375,208.1264773811272
2025-07-15,475.29998779296875,475.7200012207031,470.0,470.1300048828125,4482300,0.0,0.0,BRK-B,-0.012974728028926186,475.89599609375,482.8864990234375,32.04798791081441,-0.4474275178358136,0.043681747269890714,30353.902,4.33,4.2,322.132,328.656,20802.0,61.7,228000,4.39,1.72,2025-09-15 21:20:38,471.30999755859375,470.3900146484375,0.002509928452823134,0.0005530592876959887,0.014718574321827082,0.07094626603333443,-0.5636523,477.04964830060106,503.48397327948135,205.14015714798006
2025-07-16,471.20001220703125,472.9200134277344,468.8800048828125,471.30999755859375,3796900,0.0,0.0,BRK-B,0.0025099284528231625,474.37599487304686,481.9404983520508,33.86907167334995,-0.4997151416209764,-0.1529125672087991,30353.902,4.33,4.2,322.132,328.656,20802.0,61.7,228000,4.39,1.72,2025-09-15 21:20:38,473.3999938964844,477.30999755859375,0.004434440917266548,0.012730474700473702,0.02519656505914937,0.07591522766355875,-0.5596764,483.18539057510645,507.08960332336574,207.52891070868645
2025-07-17,470.07000732421875,474.1499938964844,467.6499938964844,473.3999938964844,4040000,0.0,0.0,BRK-B,0.0044344409172665245,473.40199584960936,481.4364974975586,37.08518555141699,-0.3210608780411759,0.06402591587874329,30353.902,4.33,4.2,322.132,328.656,20802.0,61.7,228000,4.39,1.72,2025-09-15 21:20:38,473.79998779296875,479.2200012207031,0.0008449385332519445,0.012294058722551182,0.022032756098731943,0.0667826469454274,-0.5684886,483.8303004991468,505.01489855284075,204.27749513466551
2025-07-18,474.0,478.6400146484375,473.5,473.79998779296875,4015800,0.0,0.0,BRK-B,0.0008449385332518489,472.9899963378906,480.86949615478517,37.70955373439648,-0.1141423102296324,-0.005990099009900995,30353.902,4.33,4.2,322.132,328.656,20802.0,61.7,228000,4.39,1.72,2025-09-15 21:20:38,474.4100036621094,477.20001220703125,0.0012874965910872438,0.007176075351754065,0.022032756098731943,0.06555071521007352,-0.5837875,484.2391073635934,504.857915859322,197.20147701261521
2025-07-21,473.0400085449219,478.3500061035156,472.0,474.4100036621094,3791300,0.0,0.0,BRK-B,0.0012874965910871783,472.60999755859376,480.34749603271484,38.708541685923656,0.11330802772135318,-0.055904178494945,30353.902,4.33,4.2,322.132,328.656,20802.0,61.7,228000,4.39,1.72,2025-09-15 21:20:38,478.1300048828125,478.5199890136719,0.007841321203152018,0.008663361480230862,0.019384400923065714,0.06161603886656593,-0.58324903,483.60615737500876,503.64126888644154,197.71082801909324
2025-07-22,475.5,483.1400146484375,475.0,478.1300048828125,4521500,0.0,0.0,BRK-B,0.007841321203152063,474.2099975585937,479.86549682617186,44.548852722662325,0.5399177065988585,0.19259884472344568,30353.902,4.33,4.2,322.132,328.656,20802.0,61.7,228000,4.39,1.72,2025-09-15 21:20:38,482.6300048828125,485.30999755859375,0.009411666187113544,0.015016820953416287,0.016758330217144457,0.048971632866582106,-0.585873,486.1426653913636,501.5448119444307,198.00654081495304
2025-07-23,480.25,484.45001220703125,479.20001220703125,482.6300048828125,4385600,0.0,0.0,BRK-B,0.009411666187113532,476.4739990234375,479.32299652099607,50.672112114152185,1.117540135913556,-0.030056397213314212,30353.902,4.33,4.2,322.132,328.656,20802.0,61.7,228000,4.39,1.72,2025-09-15 21:20:38,480.6000061035156,488.67999267578125,-0.004206118058884009,0.012535457248327834,0.014727050232402672,0.027885850490608065,-0.60645765,489.7377212083864,496.0885530412561,189.93534598284896
2025-07-24,482.6700134277344,486.1700134277344,480.6000061035156,480.6000061035156,5044800,0.0,0.0,BRK-B,-0.004206118058884045,477.91400146484375,479.042497253418,48.0921447452497,1.3402581425267837,0.15031010580080273,30353.902,4.33,4.2,322.132,328.656,20802.0,61.7,228000,4.39,1.72,2025-09-15 21:20:38,484.07000732421875,488.5899963378906,0.0072201439380667155,0.016625031487523638,0.008755247312078093,0.032947646917886486,-0.572058,484.8077780151381,496.43464541334833,205.6689172280585
2025-07-25,481.6700134277344,484.92999267578125,479.6600036621094,484.07000732421875,4220500,0.0,0.0,BRK-B,0.007220143938066803,479.96800537109374,478.99349822998045,52.540382333084175,1.676796118285374,-0.16339597209007295,30353.902,4.33,4.2,322.132,328.656,20802.0,61.7,228000,4.39,1.72,2025-09-15 21:20:38,481.70001220703125,489.0,-0.004895975956634993,0.01018446216701721,0.015189155374152379,0.021116856445204626,-0.5132342,491.42262187743336,494.29204417831346,235.62872529410015
2025-07-28,484.3500061035156,486.8999938964844,481.1000061035156,481.70001220703125,3626100,0.0,0.0,BRK-B,-0.004895975956635046,481.42600708007814,478.794499206543,49.425049105798614,1.6905156883305557,-0.1408363937922047,30353.902,4.33,4.2,322.132,328.656,20802.0,61.7,228000,4.39,1.72,2025-09-15 21:20:38,476.55999755859375,486.17999267578125,-0.010670571970482655,0.009300353654183708,0.00856895762247378,0.032489881959748876,-0.47201276,485.82767919837835,497.3503887436472,254.3314607937209
2025-07-29,482.57000732421875,485.0,476.2799987792969,476.55999755859375,4193200,0.0,0.0,BRK-B,-0.0106705719704826,481.11200561523435,478.33399963378906,43.41287662712286,1.3205505307506025,0.15639392184440593,30353.902,4.33,4.2,322.132,328.656,20802.0,61.7,228000,4.39,1.72,2025-09-15 21:20:38,476.0,492.2099914550781,-0.0011750830146521004,0.03283950389596052,0.008128514004357318,0.04940753920253635,-0.4328164,480.4337221726652,500.1056543203306,270.29702159691806
2025-07-30,475.1300048828125,479.4100036621094,473.8800048828125,476.0,3803000,0.0,0.0,BRK-B,-0.0011750830146520785,479.7860046386719,477.65350036621095,42.80199814731991,1.0187695931417644,-0.0930554230659163,30353.902,4.33,4.2,322.132,328.656,20802.0,61.7,228000,4.39,1.72,2025-09-15 21:20:38,471.8800048828125,495.7200012207031,-0.008655451926864496,0.04142857399307379,0.017822402254210497,0.05141897905541595,-0.44211343,484.4834634730041,500.47543403037804,265.55402183532715
2025-07-31,472.6099853515625,477.70001220703125,471.8800048828125,471.8800048828125,6315300,0.0,0.0,BRK-B,-0.008655451926864455,478.04200439453126,477.22350006103517,38.50870603331996,0.5460323497170028,0.6606100447015515,30353.902,4.33,4.2,322.132,328.656,20802.0,61.7,228000,4.39,1.72,2025-09-15 21:20:38,472.8399963378906,499.8599853515625,0.0020343974000689665,0.059294693945971706,0.01013693101252292,0.053085291115251496,-0.45900112,476.6634199384986,496.9298923134829,255.28655229321885
2025-08-01,473.4700012207031,475.9599914550781,470.6199951171875,472.8399963378906,5287500,0.0,0.0,BRK-B,0.0020343974000689435,475.79600219726564,476.61549987792966,40.018436862895136,0.313873030333486,-0.16274761294000284,30353.902,4.33,4.3,323.364,329.793,20802.0,61.7,227000,4.26,1.72,2025-09-15 21:20:38,459.1099853515625,502.9800109863281,-0.029037329948113533,0.0637425236483157,0.018160150938857013,0.06619421228028533,-0.4917336,481.4268420413153,504.13926743009023,240.32867768836695
2025-08-04,468.04998779296875,468.8699951171875,455.19000244140625,459.1099853515625,10874300,0.0,0.0,BRK-B,-0.029037329948113588,471.2779968261719,475.669499206543,29.03761153379412,-0.6935235492950911,1.0566052009456266,30353.902,4.33,4.3,323.364,329.793,20802.0,61.7,227000,4.26,1.72,2025-09-15 21:20:38,464.19000244140625,501.1400146484375,0.01106492398755766,0.09154675489074932,0.025391193308702847,0.08876021570018404,-0.52661335,470.7673357395797,499.86068668147556,217.33653579714883
2025-08-05,460.6000061035156,467.5799865722656,460.3800048828125,464.19000244140625,6780700,0.0,0.0,BRK-B,0.011064923987557762,468.8039978027344,475.0054992675781,36.0315188603726,-0.9320217028355704,-0.37644721959114613,30353.902,4.33,4.3,323.364,329.793,20802.0,61.7,227000,4.26,1.72,2025-09-15 21:20:38,468.9100036621094,501.489990234375,0.010168252646283396,0.0803550003162273,0.022662128959816605,0.07616902690727584,-0.5055883,474.709536138591,499.5469032274542,229.50097144431493
2025-08-06,465.0,469.54998779296875,463.0,468.9100036621094,4557100,0.0,0.0,BRK-B,0.010168252646283404,467.38599853515626,474.5054992675781,41.77364674549437,-0.6969378573502016,-0.327930744613388,30353.902,4.33,4.3,323.364,329.793,20802.0,61.7,227000,4.26,1.72,2025-09-15 21:20:38,461.4700012207031,506.9100036621094,-0.015866589288565106,0.08103900471993837,0.019108469779186538,0.06992772572720504,-0.5200267,477.87015629624506,501.69981378893607,225.06428945359949
2025-08-07,469.20001220703125,472.70001220703125,461.3699951171875,461.4700012207031,5755700,0.0,0.0,BRK-B,-0.015866589288565103,465.3039978027344,473.6654998779297,36.24994937699567,-0.951780036698592,0.2630181475060893,30353.902,4.33,4.3,323.364,329.793,20802.0,61.7,227000,4.26,1.72,2025-09-15 21:20:38,465.3999938964844,499.7699890136719,0.008516247351692287,0.08299561768187691,0.00836303557115497,0.07281429745799288,-0.5132372,465.32929125593284,495.07161515752773,224.62643991225377
2025-08-08,462.94000244140625,465.8299865722656,462.54998779296875,465.3999938964844,3330600,0.0,0.0,BRK-B,0.008516247351692208,463.8159973144531,473.14250030517576,40.70973730400973,-0.7725632835940228,-0.4213388467084803,30353.902,4.33,4.3,323.364,329.793,20802.0,61.7,227000,4.26,1.72,2025-09-15 21:20:38,464.7300109863281,493.7799987792969,-0.0014395851287984107,0.06097981361195476,0.020329678151901225,0.07035992928776647,-0.47739112,474.86142598429666,498.145504557568,243.2221678069145
2025-08-11,466.4599914550781,468.489990234375,463.5,464.7300109863281,3712100,0.0,0.0,BRK-B,-0.0014395851287983819,464.94000244140625,472.5635009765625,40.19350377613002,-0.6224805066023675,0.11454392601933594,30353.902,4.33,4.3,323.364,329.793,20802.0,61.7,227000,4.26,1.72,2025-09-15 21:20:38,470.3900146484375,492.7200012207031,0.012179122346966068,0.060228497348320455,0.01650909164707485,0.06654670734228178,-0.4624097,472.40228132884755,495.6562630206107,249.8343298869513
2025-08-12,465.5299987792969,472.4700012207031,465.05999755859375,470.3900146484375,3767300,0.0,0.0,BRK-B,0.012179122346966054,466.1800048828125,472.5765014648438,46.37958667168958,-0.09314221456071081,0.014870289054712993,30353.902,4.33,4.3,323.364,329.793,20802.0,61.7,227000,4.26,1.72,2025-09-15 21:20:38,477.30999755859375,490.0799865722656,0.014711160302431466,0.04185882206395074,0.016706993869238008,0.05091146096542791,-0.44123352,478.2488177393197,494.3382575177385,262.8381747163803
2025-08-13,471.70001220703125,479.6000061035156,471.5,477.30999755859375,4629400,0.0,0.0,BRK-B,0.01471116030243147,467.86000366210936,472.8765014648437,52.806761964240515,0.7267785209718598,0.22883762907121818,30353.902,4.33,4.3,323.364,329.793,20802.0,61.7,227000,4.26,1.72,2025-09-15 21:20:38,479.2200012207031,496.9100036621094,0.004001599949464512,0.04106347280335263,0.01508263574484902,0.020994137221634165,-0.44986868,484.5090903891448,487.33070914459677,262.5831794611586
2025-08-14,478.3500061035156,479.2200012207031,474.4200134277344,479.2200012207031,4187100,0.0,0.0,BRK-B,0.004001599949464474,471.4100036621094,473.16750183105466,54.430363354729415,1.3644674561090344,-0.09554153886032746,30353.902,4.33,4.3,323.364,329.793,20802.0,61.7,227000,4.26,1.72,2025-09-15 21:20:38,477.20001220703125,493.739990234375,-0.0042151600695430405,0.030299213256303015,0.014760418405133351,0.015328612453525015,-0.45557582,486.2934889468292,486.5657788993931,260.89895439087195
2025-08-15,482.3500061035156,482.4800109863281,476.2900085449219,477.20001220703125,5229800,0.0,0.0,BRK-B,-0.004215160069543034,473.77000732421874,473.33750305175784,52.378028245599104,1.6005954727393674,0.24902677270664664,30353.902,4.33,4.3,323.364,329.793,20802.0,61.7,227000,4.26,1.72,2025-09-15 21:20:38,478.5199890136719,491.5400085449219,0.002766087118346423,0.03005028493517573,0.008797688342106452,0.0213174223106004,-0.43821037,481.3982691912781,487.37268639387213,268.0860191735337
2025-08-18,477.9700012207031,479.0,474.6600036621094,478.5199890136719,3911300,0.0,0.0,BRK-B,0.002766087118346361,476.5280029296875,473.5430023193359,53.60898526600073,1.7821553993961032,-0.2521128915063674,30353.902,4.33,4.3,323.364,329.793,20802.0,61.7,227000,4.26,1.72,2025-09-15 21:20:38,485.30999755859375,491.5400085449219,0.014189602735128117,0.03005028493517573,0.015143346339261572,0.01811250707158945,-0.38941026,485.7663829375656,487.18718569857896,292.17939694977395
2025-08-19,479.7699890136719,485.8999938964844,479.7699890136719,485.30999755859375,4726400,0.0,0.0,BRK-B,0.014189602735128037,479.5119995117187,473.902001953125,59.419816086331465,2.2650181869455426,0.20839618541149996,30353.902,4.33,4.3,323.364,329.793,20802.0,61.7,227000,4.26,1.72,2025-09-15 21:20:38,488.67999267578125,491.5400085449219,0.00694400513927312,0.03005028493517573,0.01418383158543422,0.012739947640629511,-0.3705056,492.1935528306923,491.4928215169643,305.49993962382723
2025-08-20,487.0,492.2200012207031,485.8299865722656,488.67999267578125,4779800,0.0,0.0,BRK-B,0.006944005139273068,481.78599853515624,474.2045013427734,61.96616609244262,2.6879996034826403,0.011298239675016974,30353.902,4.33,4.3,323.364,329.793,20802.0,61.7,227000,4.26,1.72,2025-09-15 21:20:38,488.5899963378906,491.5400085449219,-0.00018416210861804978,0.03005028493517573,0.013222152857995075,0.012739947640629511,-0.3294871,495.1413942375843,494.90575019549397,327.6662462238892
2025-08-21,487.239990234375,489.04998779296875,483.67999267578125,488.5899963378906,3082200,0.0,0.0,BRK-B,-0.00018416210861804672,483.6599975585938,474.6040008544922,61.854542515181656,2.824340085650649,-0.3551613038202436,30353.902,4.33,4.3,323.364,329.793,20802.0,61.7,227000,4.26,1.72,2025-09-15 21:20:38,489.0,491.5400085449219,0.000839156890608607,0.03005028493517573,0.013605080792123296,0.014743526231365787,-0.29228014,495.23730271229084,495.7935357652812,345.78484500811646
2025-08-22,491.5,493.1400146484375,486.57000732421875,489.0,4205100,0.0,0.0,BRK-B,0.0008391568906085389,486.0199951171875,474.8505004882812,62.1887147256133,2.7993439794950534,0.36431769515281287,30353.902,4.33,4.3,323.364,329.793,20802.0,61.7,227000,4.26,1.72,2025-09-15 21:20:38,486.17999267578125,491.5400085449219,-0.005766886143596626,0.03005028493517573,0.012988778435878038,0.013920084269585914,-0.25861683,495.35151265514435,495.8069212078275,362.53638231754303
2025-08-25,489.010009765625,489.0199890136719,481.8299865722656,486.17999267578125,3935100,0.0,0.0,BRK-B,-0.005766886143596661,487.5519958496094,475.0744995117187,58.39921650092681,2.46202353614489,-0.06420774773489335,30353.902,4.33,4.3,323.364,329.793,20802.0,61.7,227000,4.26,1.72,2025-09-15 21:20:38,492.2099914550781,491.5400085449219,0.012402811448718127,0.03005028493517573,0.008602325795204462,0.012519601341181371,-0.21504813,490.3622713678884,492.26677236414054,381.62789230377166
2025-08-26,485.0199890136719,492.7900085449219,484.5299987792969,492.2099914550781,8217500,0.0,0.0,BRK-B,0.01240281144871802,488.93199462890624,475.856999206543,63.51834808863248,2.5058024086485085,1.088256969327336,30353.902,4.33,4.3,323.364,329.793,20802.0,61.7,227000,4.26,1.72,2025-09-15 21:20:38,495.7200012207031,491.5400085449219,0.00713112254232926,0.03005028493517573,0.02242770339518943,0.009476889647718542,-0.20325215,503.2491311515813,496.87461122760243,392.1672589831487
2025-08-27,491.0799865722656,497.2099914550781,490.6000061035156,495.7200012207031,4385900,0.0,0.0,BRK-B,0.007131122542329171,490.3399963378906,476.84299926757814,66.13095191031056,2.619620946111094,-0.46627319744447826,30353.902,4.33,4.3,323.364,329.793,20802.0,61.7,227000,4.26,1.72,2025-09-15 21:20:38,499.8599853515625,491.5400085449219,0.008351456710773674,0.03005028493517573,0.015948848499512076,0.008171798050106992,-0.18116756,503.6261644183501,499.77092496007754,405.9116266161018
2025-08-28,498.0299987792969,500.1400146484375,496.07000732421875,499.8599853515625,4530400,0.0,0.0,BRK-B,0.008351456710773641,492.593994140625,478.24199829101565,68.9549622939474,2.805605279089442,0.03294648760801655,30353.902,4.33,4.3,323.364,329.793,20802.0,61.7,227000,4.26,1.72,2025-09-15 21:20:38,502.9800109863281,491.5400085449219,0.006241799156160185,0.03005028493517573,0.011738794956797045,0.009459652026272015,-0.16565493,505.72773922671206,504.58848687484567,417.0557306189148
2025-08-29,500.8500061035156,506.7200012207031,500.8500061035156,502.9800109863281,4663600,0.0,0.0,BRK-B,0.006241799156160077,495.38999633789064,479.7489990234375,70.92267596938166,2.955586218195692,0.029401377361822245,30353.902,4.33,4.3,323.364,329.793,20802.0,61.7,227000,4.26,1.72,2025-09-15 21:20:38,501.1400146484375,491.5400085449219,-0.0036581897842867545,0.03005028493517573,0.011505125495630384,0.006323377147189277,-0.109557375,508.7668591345194,506.1605432932921,447.87483365335356
2025-09-02,504.239990234375,505.8999938964844,497.6199951171875,501.1400146484375,4977800,0.0,0.0,BRK-B,-0.0036581897842867805,498.3820007324219,481.8505004882812,68.17820430938852,2.751865285240752,0.06737284501243668,30353.902,4.33,4.3,323.364,329.793,20802.0,61.7,263000,4.26,1.72,2025-09-15 21:20:38,501.489990234375,491.5400085449219,0.0006983588931389101,0.03005028493517573,0.004491370631646084,0.02014742748744205,-0.061335657,503.39082019257216,511.2366967546225,470.4022496370162
2025-09-03,499.54998779296875,502.1099853515625,496.5899963378906,501.489990234375,3206200,0.0,0.0,BRK-B,0.0006983588931388507,500.2380004882813,483.7154998779297,68.42845480655927,2.4706170935350293,-0.3559001968741211,30353.902,4.33,4.3,323.364,329.793,20802.0,61.7,263000,4.26,1.72,2025-09-15 21:20:38,506.9100036621094,491.5400085449219,0.010807819763663263,0.03005028493517573,0.011032391175703194,0.019309465865175787,-0.032055806,507.0226239773402,511.173494082533,485.41432981622347
2025-09-04,502.8999938964844,507.3800048828125,501.260009765625,506.9100036621094,2976700,0.0,0.0,BRK-B,0.010807819763663185,502.4760009765625,485.61549987792966,72.0892025809628,2.473446747366623,-0.0715800636267232,30353.902,4.33,4.3,323.364,329.793,20802.0,61.7,263000,4.26,1.72,2025-09-15 21:20:38,499.7699890136719,491.5400085449219,-0.014085369388758037,0.03005028493517573,0.010707750090158825,0.019309465865175787,-0.011378005,512.3378692995248,516.698165074539,501.1423865849338
2025-09-05,506.0,507.6600036621094,497.75,499.7699890136719,4222900,0.0,0.0,BRK-B,-0.01408536938875804,502.4580017089844,487.53049926757814,61.905884168025715,1.846993421379386,0.41865152685860174,30353.902,4.33,4.3,323.364,329.793,20802.0,61.7,263000,4.26,1.72,2025-09-15 21:20:38,493.7799987792969,491.5400085449219,-0.01198549405937045,0.03005028493517573,-0.0016460027424820686,0.01981077064355808,0.026048291,498.9473662411451,509.6708176405553,512.7881489431129
2025-09-08,499.0,499.6499938964844,493.4599914550781,493.7799987792969,5146300,0.0,0.0,BRK-B,-0.011985494059370438,500.6179992675781,488.9494995117187,54.8994250382212,0.9281396332153049,0.2186648985294466,30353.902,4.33,4.3,323.364,329.793,20802.0,61.7,263000,4.26,1.72,2025-09-15 21:20:38,492.7200012207031,491.5400085449219,-0.0021467000713156336,0.03005028493517573,0.004079858902398215,0.02808266989906512,0.0068251975,495.79455150314277,507.6466594877766,497.1501503050458
2025-09-09,492.45001220703125,496.8500061035156,491.7200012207031,492.7200012207031,3748700,0.0,0.0,BRK-B,-0.002146700071315677,498.9339965820312,490.3489990234375,53.74030027260173,0.1866879312455998,-0.2715737520160115,30353.902,4.33,4.3,323.364,329.793,20802.0,61.7,263000,4.26,1.72,2025-09-15 21:20:38,490.0799865722656,491.5400085449219,-0.005358042380859151,0.03005028493517573,0.007162929420733442,0.034483722480333455,-0.072912365,496.2493198136307,509.7108210033074,456.79463523547383
2025-09-10,490.0,491.70001220703125,486.2699890136719,490.0799865722656,5561600,0.0,0.0,BRK-B,-0.005358042380859129,496.65199584960936,491.33349761962893,50.86008075348891,-0.5059619555630555,0.483607650652226,30353.902,4.33,4.3,323.364,329.793,20802.0,61.7,263000,4.26,1.72,2025-09-15 21:20:38,496.9100036621094,491.5400085449219,0.013936535416625541,0.03005028493517573,0.003926333609902181,0.04910093374885002,-0.10540439,492.00420409508473,514.1433715245877,438.42341091546405
2025-09-11,489.3299865722656,497.239990234375,489.0299987792969,496.9100036621094,3669000,0.0,0.0,BRK-B,0.01393653541662565,494.65199584960936,492.31349792480466,57.24445176795334,-0.5262054670023106,-0.340297756041427,30353.902,4.33,4.3,323.364,329.793,20802.0,61.7,263000,4.26,1.72,2025-09-15 21:20:38,493.739990234375,491.5400085449219,-0.006379451820998017,0.03005028493517573,0.012077665845003669,0.032174770781922664,-0.13842353,502.9115166413799,512.8979691291821,428.1259509369884
2025-09-12,495.75,497.6300048828125,493.3399963378906,493.739990234375,2949600,0.0,0.0,BRK-B,-0.006379451820997972,493.44599609375,493.0394973754883,53.75372211353349,-0.7609157477533,-0.1960752248569092,30353.902,4.33,4.3,323.364,329.793,20802.0,61.7,263000,4.26,1.72,2025-09-15 21:20:38,491.5400085449219,491.5400085449219,-0.004455749449034519,0.03005028493517573,0.005656303962483455,0.04075816808670526,-0.1766943,496.53273369757426,513.8639277474759,406.498961140489
2025-09-15,493.6000061035156,495.2699890136719,489.5,491.5400085449219,3622916,0.0,0.0,BRK-B,-0.004455749449034485,492.997998046875,493.7564971923828,51.41068662372646,-1.0541063035671403,0.22827366422565776,30353.902,4.33,4.3,323.364,329.793,20802.0,61.7,263000,4.26,1.72,2025-09-15 21:20:38,491.5400085449219,491.5400085449219,-0.004455749449034519,0.03005028493517573,0.005345221595374227,0.04830996712213935,-0.1576508,494.1673988135866,515.2862901969431,414.04831902499063
2025-05-01,301.739990234375,304.70001220703125,299.4100036621094,299.7300109863281,2304200,0.0,0.0,CDNS,0.006683753668382364,295.0119995117187,265.0855010986328,66.18221401692352,4.941984069639123,-0.17132992879234699,30353.902,4.33,4.2,320.58,326.854,20617.5,52.2,229000,4.42,1.72,2025-09-15 21:20:38,308.1499938964844,287.07000732421875,0.028091891374001646,-0.04223802488262294,0.01698433336284423,0.04286868680106731,0.07278749,304.82072541176893,312.57904295218145,321.54661613560893
2025-05-02,305.2699890136719,310.5799865722656,304.19000244140625,308.1499938964844,1935500,0.0,0.0,CDNS,0.028091891374001587,298.71599731445315,268.04750061035156,69.04103076254563,5.072105253798398,-0.1600121517229407,30353.902,4.33,4.2,320.58,326.854,20617.5,52.2,229000,4.42,1.72,2025-09-15 21:20:38,308.8299865722656,292.5299987792969,0.0022066937830596788,-0.05068958437959491,0.019630145635305567,0.04286868680106731,0.14779986,314.1990231541909,321.3599794725836,353.6945166209516
2025-05-05,307.0,311.9800109863281,305.6000061035156,308.8299865722656,1794200,0.0,0.0,CDNS,0.002206693783059599,303.33399658203126,271.8449996948242,69.26698682414239,4.869782527901508,-0.07300439163006978,30353.902,4.33,4.2,320.58,326.854,20617.5,52.2,229000,4.42,1.72,2025-09-15 21:20:38,305.7799987792969,293.3299865722656,-0.009875944453519117,-0.05018942678473688,0.016750663901677575,0.04286868680106731,0.1747916,314.00309388009725,322.0691225414099,362.8108661712977
2025-05-06,302.8900146484375,308.6499938964844,302.2900085449219,305.7799987792969,1643000,0.0,0.0,CDNS,-0.009875944453519137,304.04599609375,275.4429992675781,66.90816481474249,4.220558632266183,-0.08427154163415451,30353.902,4.33,4.2,320.58,326.854,20617.5,52.2,229000,4.42,1.72,2025-09-15 21:20:38,308.3399963378906,294.3999938964844,0.00837202422922855,-0.03721631541710567,0.003418734835192006,0.04267809612531028,0.187506,306.8253795130286,318.830106960397,363.1155711412357
2025-05-07,306.1499938964844,310.8800048828125,304.7699890136719,308.3399963378906,1774300,0.0,0.0,CDNS,0.008372024229228447,306.16599731445314,279.2779991149902,67.89637446341004,3.673655783087934,0.0799147900182593,30353.902,4.33,4.2,320.58,326.854,20617.5,52.2,229000,4.42,1.72,2025-09-15 21:20:38,307.9599914550781,296.2900085449219,-0.0012324216362643926,-0.039080196977637364,0.017703000064931314,0.04184013450304402,0.22531861,313.7985393130813,321.24098325733604,377.81475430467253
2025-05-08,311.2200012207031,313.0,307.70001220703125,307.9599914550781,1609500,0.0,0.0,CDNS,-0.001232421636264358,307.81199340820314,281.4434989929199,67.573791938534,3.023558242546354,-0.09288169982528316,30353.902,4.33,4.2,320.58,326.854,20617.5,52.2,229000,4.42,1.72,2025-09-15 21:20:38,305.7799987792969,296.95001220703125,-0.007078817821370292,-0.03575132989199635,0.01053228167547868,0.047833219245215955,0.26810196,311.20351282986104,322.69070924510373,390.52465971737547
2025-05-09,309.5299987792969,309.5299987792969,303.82000732421875,305.7799987792969,1480000,0.0,0.0,CDNS,-0.00707881782137032,307.33799438476564,284.03149871826173,65.6468928622754,2.2210971392967593,-0.08045977011494254,30353.902,4.33,4.2,320.58,326.854,20617.5,52.2,229000,4.42,1.72,2025-09-15 21:20:38,311.7699890136719,301.6600036621094,0.01958921531260258,-0.01347372337508966,0.0020639134356143017,0.04884513998869276,0.30936447,306.4111022271196,320.7158656254139,400.3774562707076
2025-05-12,320.0,320.0,308.5799865722656,311.7699890136719,2439800,0.0,0.0,CDNS,0.019589215312602493,307.9259948730469,286.64649810791013,68.32002979325318,1.8815307368451037,0.6485135135135136,30353.902,4.33,4.2,320.58,326.854,20617.5,52.2,229000,4.42,1.72,2025-09-15 21:20:38,318.6600036621094,305.69000244140625,0.02209967248687094,-0.019501513251806296,0.030238947436506607,0.044264244938720804,0.34734434,321.1975853237365,325.57025217191534,420.06154831752065
2025-05-13,312.4200134277344,319.57000732421875,311.57000732421875,318.6600036621094,1707200,0.0,0.0,CDNS,0.022099672486870947,310.5019958496094,289.55149841308594,71.10521081152703,1.9030474633570602,-0.30027051397655546,30353.902,4.33,4.2,320.58,326.854,20617.5,52.2,229000,4.42,1.72,2025-09-15 21:20:38,319.3900146484375,307.20001220703125,0.0022908773549823683,-0.03596306823378345,0.02629075242487442,0.044877743964176764,0.3841352,327.03781492609943,332.96074571808117,441.0685426474374
2025-05-14,316.95001220703125,321.8599853515625,316.7900085449219,319.3900146484375,1463300,0.0,0.0,CDNS,0.002290877354982346,312.7119995117188,292.3054992675781,71.39218791041013,1.7523016844622052,-0.1428655107778819,30353.902,4.33,4.2,320.58,326.854,20617.5,52.2,229000,4.42,1.72,2025-09-15 21:20:38,318.7699890136719,307.8500061035156,-0.0019412805858946669,-0.036131400531179164,0.02412980501421956,0.044877743964176764,0.4152575,327.096833425393,333.72351795054476,452.01909893832635
2025-05-15,318.3599853515625,321.8699951171875,317.739990234375,318.7699890136719,1535400,0.0,0.0,CDNS,-0.0019412805858947113,314.8739990234375,295.28099822998047,70.7494766994621,1.4113374140633201,0.04927219298845076,30353.902,4.33,4.2,320.58,326.854,20617.5,52.2,229000,4.42,1.72,2025-09-15 21:20:38,321.55999755859375,300.0,0.008752419114342075,-0.05888254748117722,0.016491120120613795,0.04571570558644303,0.45015082,324.02686319334305,333.34278398121455,462.26456970502113
2025-05-16,320.1600036621094,322.19000244140625,317.17999267578125,321.55999755859375,1575100,0.0,0.0,CDNS,0.008752419114341992,318.0299987792969,298.347998046875,71.97221774141994,1.1834254802405617,0.025856454344144852,30353.902,4.33,4.2,320.58,326.854,20617.5,52.2,229000,4.42,1.72,2025-09-15 21:20:38,320.29998779296875,300.80999755859375,-0.003918428209949854,-0.06452917078474288,0.018388513093303242,0.04220864335409373,0.49552992,327.4730077839825,335.1326088124877,480.9025877966342
2025-05-19,318.7699890136719,322.2699890136719,317.4100036621094,320.29998779296875,1510700,0.0,0.0,CDNS,-0.003918428209949809,319.7359985351562,301.7849975585938,70.53812310864986,0.7771601079238408,-0.04088629293378199,30353.902,4.33,4.2,320.58,326.854,20617.5,52.2,229000,4.42,1.72,2025-09-15 21:20:38,320.54998779296875,299.0,0.0007805182938739032,-0.06650012052681174,0.01973186439980474,0.04682047596218335,0.54120666,326.6201037193587,335.29658567211703,493.64845461612276
2025-05-20,316.9599914550781,321.0,315.3599853515625,320.54998779296875,1374200,0.0,0.0,CDNS,0.000780518293873822,320.11399536132814,304.90499725341795,70.66302787015007,0.37499734827281905,-0.09035546435427289,30353.902,4.33,4.2,320.58,326.854,20617.5,52.2,229000,4.42,1.72,2025-09-15 21:20:38,317.54998779296875,296.8399963378906,-0.00935891472233525,-0.07396659603179122,0.027877717747825125,0.044797007157973544,0.57028747,329.4861898767299,334.9096678906187,503.3556280735211
2025-05-21,317.3699951171875,322.6400146484375,316.30999755859375,317.54998779296875,1869500,0.0,0.0,CDNS,-0.009358914722335299,319.74598999023436,307.51149597167966,66.99264284476813,-0.21177403905516812,0.3604278853150924,30353.902,4.33,4.2,320.58,326.854,20617.5,52.2,229000,4.42,1.72,2025-09-15 21:20:38,316.6300048828125,295.3999938964844,-0.0028971278397782398,-0.06975277829620129,0.0170194628323456,0.04851701179839277,0.59615767,322.954518007623,332.95656429729974,506.85984863084013
2025-05-22,315.510009765625,318.6000061035156,313.9100036621094,316.6300048828125,1480800,0.0,0.0,CDNS,-0.0028971278397782463,319.3179931640625,309.25399627685545,65.86283908003193,-0.7502705047830176,-0.2079165552286708,30353.902,4.33,4.2,320.58,326.854,20617.5,52.2,229000,4.42,1.72,2025-09-15 21:20:38,315.510009765625,293.55999755859375,-0.0035372362060317685,-0.07286109013186277,0.026990596663362475,0.052593676435706234,0.6159991,325.176037636123,333.28274090945524,511.67380374447384
2025-05-23,312.0400085449219,317.2799987792969,311.6499938964844,315.510009765625,1010500,0.0,0.0,CDNS,-0.0035372362060317464,318.1079956054688,310.5479965209961,64.43808604160472,-1.2413346038790571,-0.3175985953538628,30353.902,4.33,4.2,320.58,326.854,20617.5,52.2,229000,4.42,1.72,2025-09-15 21:20:38,323.0799865722656,296.79998779296875,0.02399282613018821,-0.05930088236045156,0.040268325540093866,0.056352504265577766,0.6213266,328.2150695500254,333.28978893677487,511.5447982024052
2025-05-27,319.4599914550781,323.2799987792969,318.1000061035156,323.0799865722656,1446700,0.0,0.0,CDNS,0.02399282613018827,318.66399536132815,312.4149963378906,69.27582545301442,-1.119523663490181,0.4316674913409204,30353.902,4.33,4.2,320.58,326.854,20617.5,52.2,229000,4.42,1.72,2025-09-15 21:20:38,288.6099853515625,297.5299987792969,-0.1066918492427044,-0.0790825456693951,0.027576188002196817,0.05112314906281631,0.660103,331.9893010217296,339.59685288501225,536.3460816533552
2025-05-28,322.8699951171875,323.3900146484375,284.29998779296875,288.6099853515625,7018700,0.0,0.0,CDNS,-0.10669184924270436,312.2759948730469,311.73449554443357,41.554773876566436,-3.3003016162585688,3.8515241584295294,30353.902,4.33,4.2,320.58,326.854,20617.5,52.2,229000,4.42,1.72,2025-09-15 21:20:38,284.5,303.69000244140625,-0.014240620769084035,0.052250503638931384,-0.06765825157795714,0.13822988021954621,0.6991321,269.083138354736,328.504509056874,490.38648611791723
2025-05-29,293.1099853515625,294.1300048828125,276.6099853515625,284.5,6281800,0.0,0.0,CDNS,-0.014240620769084056,305.66599731445314,311.07249603271487,39.52395119828097,-4.864950353647718,-0.10499095274053605,30353.902,4.33,4.2,320.58,326.854,20617.5,52.2,229000,4.42,1.72,2025-09-15 21:20:38,287.07000732421875,305.20001220703125,0.009033417659819859,0.07275926962049649,0.03387119384012931,0.13578787550740867,0.66165173,294.1363546475168,323.13165058185774,472.73991733789444
2025-05-30,284.42999267578125,288.2099914550781,280.3399963378906,287.07000732421875,2901700,0.0,0.0,CDNS,0.009033417659819909,299.7539978027344,310.4394958496094,41.45081365779753,-5.524010030148524,-0.5380782578241905,30353.902,4.33,4.2,320.58,326.854,20617.5,52.2,229000,4.42,1.72,2025-09-15 21:20:38,292.5299987792969,308.1499938964844,0.0190197210289251,0.07343151856493928,0.05186551271639223,0.12900856997320467,0.6976793,301.95904043958785,324.1044984513136,487.3528036982316
2025-06-02,286.760009765625,292.8699951171875,285.4800109863281,292.5299987792969,1993100,0.0,0.0,CDNS,0.01901972102892513,295.1579956054687,309.65849609375,45.42888373740742,-5.3838926582207876,-0.31312678774511493,30353.902,4.33,4.1,321.5,327.6,20693.1,60.7,250000,4.38,1.72,2025-09-15 21:20:38,293.3299865722656,309.4599914550781,0.0027347205288586877,0.05787438124783335,0.010872982858639527,0.06968702842159115,0.7245448,295.71067244166204,312.91554511839774,504.48107758053084
2025-06-03,289.1199951171875,294.80999755859375,289.1199951171875,293.3299865722656,1617400,0.0,0.0,CDNS,0.002734720528858592,289.20799560546874,308.88349609375,46.00772472438933,-5.035331345819691,-0.18850032612513168,30353.902,4.33,4.1,321.5,327.6,20693.1,60.7,250000,4.38,1.72,2025-09-15 21:20:38,294.3999938964844,310.95001220703125,0.003647793860840545,0.06006895456092316,0.01523526273591379,0.06275405388298205,0.70720315,297.7989459860162,311.737632355116,500.77387700565305
2025-06-04,293.9100036621094,296.0899963378906,291.6199951171875,294.3999938964844,1430300,0.0,0.0,CDNS,0.0036477938608405758,290.3659973144531,308.3144958496094,46.82023880221995,-4.5456850153769945,-0.11567948559416352,30353.902,4.33,4.1,321.5,327.6,20693.1,60.7,250000,4.38,1.72,2025-09-15 21:20:38,296.2900085449219,326.80999755859375,0.006419886846540012,0.11008832993897832,0.015032671054843622,0.06065833734511288,0.72092104,298.8256121632782,312.25780804065647,506.6391435490659
2025-06-05,294.3999938964844,302.0,294.3999938964844,296.2900085449219,1904400,0.0,0.0,CDNS,0.006419886846539935,292.7239990234375,307.7119964599609,48.30020298869481,-3.930585911248186,0.3314689226036496,30353.902,4.33,4.1,321.5,327.6,20693.1,60.7,250000,4.38,1.72,2025-09-15 21:20:38,296.95001220703125,320.29998779296875,0.0022275596310204595,0.08103539962741138,0.013001257789922463,0.04887198573982285,0.7413565,300.14215132659274,310.77028961738125,515.9465299070398
2025-06-06,299.3399963378906,299.6400146484375,295.6499938964844,296.95001220703125,1365700,0.0,0.0,CDNS,0.0022275596310203927,294.7,307.16149749755857,48.83567640953176,-3.3386377776885405,-0.282871245536652,30353.902,4.33,4.1,321.5,327.6,20693.1,60.7,250000,4.38,1.72,2025-09-15 21:20:38,301.6600036621094,323.2799987792969,0.015861226676072183,0.0886680770833192,0.012064411652295128,0.05526410917183343,0.7453455,300.53253939445096,313.3606901002179,518.2803595988007
2025-06-09,307.5799865722656,310.95001220703125,301.5199890136719,301.6600036621094,2517000,0.0,0.0,CDNS,0.01586122667607226,296.5260009765625,306.9554977416992,52.60802924978624,-2.5261609330123247,0.843010910155964,30353.902,4.33,4.1,321.5,327.6,20693.1,60.7,250000,4.38,1.72,2025-09-15 21:20:38,305.69000244140625,322.9100036621094,0.013359407048906933,0.07044354485854284,0.015112722041655438,0.04166869154579307,0.7331053,306.2189074485396,314.22978130640865,522.8085517050022
2025-06-10,302.4100036621094,306.0799865722656,300.4599914550781,305.69000244140625,1603300,0.0,0.0,CDNS,0.013359407048906924,298.9980041503906,306.65149841308596,55.62293099677449,-1.65569025553688,-0.3630115216527612,30353.902,4.33,4.1,321.5,327.6,20693.1,60.7,250000,4.38,1.72,2025-09-15 21:20:38,307.20001220703125,322.6600036621094,0.004939676644853422,0.055513759315553295,0.013791919584367082,0.03574508258113082,0.7142074,309.90605437282306,316.61691682290035,524.0160675963125
2025-06-11,306.0,309.3900146484375,302.45001220703125,307.20001220703125,1259400,0.0,0.0,CDNS,0.004939676644853508,301.5580078125,306.07849884033203,56.73358511145223,-0.951547837182737,-0.21449510384831283,30353.902,4.33,4.1,321.5,327.6,20693.1,60.7,250000,4.38,1.72,2025-09-15 21:20:38,307.8500061035156,320.6000061035156,0.002115865464374802,0.043619770065157805,0.01478852788195091,0.029049799806032495,0.6790897,311.7430481528906,316.1241110620562,515.816402332639
2025-06-12,306.3999938964844,310.0,306.1000061035156,307.8500061035156,1012800,0.0,0.0,CDNS,0.0021158654643747,303.87000732421876,305.5014984130859,57.22980667678935,-0.44128449205751963,-0.1958075273939971,30353.902,4.33,4.1,321.5,327.6,20693.1,60.7,250000,4.38,1.72,2025-09-15 21:20:38,300.0,317.489990234375,-0.025499450862041022,0.0313138994306789,0.015521302558053415,0.02871362640175097,0.6323677,312.62823919074685,316.68949616654874,502.5243789884116
2025-06-13,302.0,305.29998779296875,299.6199951171875,300.0,1188800,0.0,0.0,CDNS,-0.025499450862040973,304.4800048828125,304.56299896240233,49.80116180061124,-0.620734007522219,0.17377567140600325,30353.902,4.33,4.1,321.5,327.6,20693.1,60.7,250000,4.38,1.72,2025-09-15 21:20:38,300.80999755859375,318.0400085449219,0.0026999918619791665,0.06013336181640625,0.004747492036856929,0.04894911415394059,0.59488547,301.42424761105707,314.6847342461822,478.46564054489136
2025-06-16,300.69000244140625,302.3999938964844,297.0299987792969,300.80999755859375,1697100,0.0,0.0,CDNS,0.002699991861979223,304.31000366210935,303.52549896240237,50.51493439318051,-0.668999161186175,0.42757402422611035,30353.902,4.33,4.1,321.5,327.6,20693.1,60.7,250000,4.38,1.72,2025-09-15 21:20:38,299.0,314.5799865722656,-0.006017079130626922,0.045776367559025914,0.013102897301631146,0.04809458320006956,0.5610129,304.75148006390793,315.27732901358826,469.56831170206715
2025-06-17,299.7900085449219,304.44000244140625,298.1300048828125,299.0,1130400,0.0,0.0,CDNS,-0.006017079130626879,302.9720031738281,302.4604995727539,48.843639144457036,-0.7981875424070695,-0.3339225738023688,30353.902,4.33,4.1,321.5,327.6,20693.1,60.7,250000,4.38,1.72,2025-09-15 21:20:38,296.8399963378906,320.8599853515625,-0.00722409251541597,0.07311031890154682,0.008579285327370822,0.052252237304625644,0.5235961,301.56520631288384,314.6234189540831,455.55521845817566
2025-06-18,297.7799987792969,300.1000061035156,295.6099853515625,296.8399963378906,1221000,0.0,0.0,CDNS,-0.007224092515416003,300.9,301.275,46.85150705030027,-0.9918421074822779,0.08014861995753719,30353.902,4.33,4.1,321.5,327.6,20693.1,60.7,250000,4.38,1.72,2025-09-15 21:20:38,295.3999938964844,315.57000732421875,-0.004851106519241115,0.06309800302317718,0.007278974413892536,0.06006592011833532,0.48114493,299.0006870762541,314.66996384584934,439.6630482028995
2025-06-20,299.6300048828125,300.760009765625,293.8399963378906,295.3999938964844,2373300,0.0,0.0,CDNS,-0.004851106519241144,298.4099975585938,300.1675003051758,45.518622144232836,-1.1675417307365425,0.9437346437346437,30353.902,4.33,4.1,321.5,327.6,20693.1,60.7,250000,4.38,1.72,2025-09-15 21:20:38,293.55999755859375,316.32000732421875,-0.006228829979378423,0.07081927508456644,0.013282299058463431,0.06909461119481358,0.45514053,299.32358495728573,315.8105416217123,429.8485216017725
2025-06-23,294.3299865722656,295.82000732421875,289.69000244140625,293.55999755859375,2134500,0.0,0.0,CDNS,-0.0062288299793784585,297.1219970703125,299.01399993896484,43.803799230090846,-1.3456426919627897,-0.10061939072177983,30353.902,4.33,4.1,321.5,327.6,20693.1,60.7,250000,4.38,1.72,2025-09-15 21:20:38,296.79998779296875,319.6000061035156,0.011036892837309372,0.08870421297685276,0.011283216669298846,0.07411407582952668,0.42496473,296.8722986164862,315.31692547816704,418.31262397965475
2025-06-24,295.8500061035156,297.1400146484375,293.6099853515625,296.79998779296875,1906300,0.0,0.0,CDNS,0.011036892837309464,296.3199951171875,298.07849884033203,47.55077328686133,-1.1886525514653008,-0.10691028343874442,30353.902,4.33,4.1,321.5,327.6,20693.1,60.7,250000,4.38,1.72,2025-09-15 21:20:38,297.5299987792969,326.4599914550781,0.0024596058502446443,0.09993263100400986,0.018867461554811598,0.053897819993060814,0.39590913,302.3998501521212,312.79686010897683,414.3057952235831
2025-06-25,297.8299865722656,301.260009765625,295.3299865722656,297.5299987792969,1736800,0.0,0.0,CDNS,0.0024596058502446283,296.0259948730469,296.8009994506836,48.38582448464067,-0.9873353150162227,-0.08891570057178833,30353.902,4.33,4.1,321.5,327.6,20693.1,60.7,250000,4.38,1.72,2025-09-15 21:20:38,303.69000244140625,324.6400146484375,0.020703806968650477,0.0911169158752641,0.01517482382094158,0.05633480369094114,0.3864568,302.04496409221764,314.29129285269454,412.5124685839037
2025-06-26,299.0,303.8699951171875,298.3299865722656,303.69000244140625,2128200,0.0,0.0,CDNS,0.020703806968650484,297.39599609375,297.5550003051758,54.90953899076326,-0.42000831176317066,0.22535697835099033,30353.902,4.33,4.1,321.5,327.6,20693.1,60.7,250000,4.38,1.72,2025-09-15 21:20:38,305.20001220703125,332.19000244140625,0.004972207690361293,0.09384569716119902,0.014471755342308547,0.036602664291032046,0.37689835,308.0849298566434,314.8058656493117,418.150244665012
2025-06-27,307.0299987792969,315.8999938964844,304.2900085449219,305.20001220703125,2331800,0.0,0.0,CDNS,0.00497220769036133,299.3559997558594,298.59000091552736,56.36546652266703,0.0511918402225649,0.09566770040409733,30353.902,4.33,4.1,321.5,327.6,20693.1,60.7,250000,4.38,1.72,2025-09-15 21:20:38,308.1499938964844,333.760009765625,0.009665732540836258,0.09357796990918921,0.01554147471008468,0.025578016722188394,0.37211475,309.9432704782643,313.0064232228748,418.7694468622867
2025-06-30,306.1199951171875,310.1199951171875,305.2099914550781,308.1499938964844,1748300,0.0,0.0,CDNS,0.009665732540836247,302.2739990234375,299.6440002441406,59.141123245912034,0.529219421114948,-0.25023586928553054,30353.902,4.33,4.1,321.5,327.6,20693.1,60.7,250000,4.38,1.72,2025-09-15 21:20:38,309.4599914550781,366.260009765625,0.004251168536559545,0.18857704695805153,0.016124024881708804,0.021076399928117145,0.3644755,313.1186120653697,314.64468640569356,420.4631135033196
2025-07-01,306.3500061035156,310.989990234375,304.7300109863281,309.4599914550781,1332100,0.0,0.0,CDNS,0.004251168536559602,304.8059997558594,300.49049987792966,60.347389155246354,0.880601152442946,-0.23805982954870442,30353.902,4.33,4.2,322.132,328.656,20802.0,61.7,228000,4.39,1.72,2025-09-15 21:20:38,310.95001220703125,371.0299987792969,0.004814905942920313,0.1989595069615207,0.014939457961279075,0.01616832824480541,0.4003806,314.0831559881191,314.46344217555855,433.36177204379055
2025-07-02,307.2300109863281,312.75,306.0,310.95001220703125,1164600,0.0,0.0,CDNS,0.004814905942920333,307.49000244140626,301.37150115966796,61.73129613051215,1.1436652992942726,-0.12574131071240902,30353.902,4.33,4.2,322.132,328.656,20802.0,61.7,228000,4.39,1.72,2025-09-15 21:20:38,326.80999755859375,364.57000732421875,0.05100493561326148,0.17243927645028417,0.014310016572800286,0.01349526381939984,0.47993943,315.3997120350263,315.14636465641075,460.1871933872462
2025-07-03,326.4700012207031,330.0899963378906,321.3800048828125,326.80999755859375,2274700,0.0,0.0,CDNS,0.05100493561326158,312.11400146484374,302.99200134277345,72.66647518740531,2.252034363253531,0.953202816417654,30353.902,4.33,4.2,322.132,328.656,20802.0,61.7,228000,4.39,1.72,2025-09-15 21:20:38,320.29998779296875,356.9700012207031,-0.019919861124988444,0.09228604965397973,0.01520502776008364,0.011888073505196337,0.51976174,331.7791526437451,330.6951388318033,496.67335039797763
2025-07-07,326.80999755859375,327.9800109863281,318.79998779296875,320.29998779296875,1824300,0.0,0.0,CDNS,-0.019919861124988447,315.1339965820313,304.19250030517577,64.51716310391609,2.3993879653076435,-0.19800413241306547,30353.902,4.33,4.2,322.132,328.656,20802.0,61.7,228000,4.39,1.72,2025-09-15 21:20:38,323.2799987792969,364.8800048828125,0.009303812363097262,0.13918207551933717,0.002085883249342278,0.015965402047928547,0.58362484,320.96809617227063,325.4137058740301,507.23501685104566
2025-07-08,322.1199951171875,323.7099914550781,319.0199890136719,323.2799987792969,2022900,0.0,0.0,CDNS,0.009303812363097297,318.1599975585938,305.5089996337891,66.37606431359916,2.5368334379445887,0.10886367373787209,30353.902,4.33,4.2,322.132,328.656,20802.0,61.7,228000,4.39,1.72,2025-09-15 21:20:38,322.9100036621094,360.5,-0.0011445035838424868,0.11513239718276912,0.012593284249485215,0.011888073505196337,0.58589923,327.35115569609775,327.1231751675449,512.6895023727884
2025-07-09,324.1400146484375,325.5400085449219,320.5400085449219,322.9100036621094,1092100,0.0,0.0,CDNS,-0.0011445035838424378,320.85,306.5714996337891,65.91434216479433,2.4412920483667064,-0.46013149438924317,30353.902,4.33,4.2,322.132,328.656,20802.0,61.7,228000,4.39,1.72,2025-09-15 21:20:38,322.6600036621094,360.1600036621094,-0.0007742095232874796,0.11535721896983446,0.017036712214317292,0.012726035127462601,0.60456246,328.4113284656249,327.01936771172245,518.1292895260049
2025-07-10,325.260009765625,325.260009765625,318.20001220703125,322.6600036621094,1463700,0.0,0.0,CDNS,-0.0007742095232874391,323.19199829101564,307.41999969482424,65.58238266577399,2.206821054422085,0.3402618807801483,30353.902,4.33,4.2,322.132,328.656,20802.0,61.7,228000,4.39,1.72,2025-09-15 21:20:38,320.6000061035156,354.3299865722656,-0.006384421791400543,0.09815280031832256,0.012593284249485215,0.011888073505196337,0.6089715,326.7233528041662,326.49580950283143,519.1507425174241
2025-07-11,321.57000732421875,324.32000732421875,318.1600036621094,320.6000061035156,1201500,0.0,0.0,CDNS,-0.00638442179140053,321.95,308.0899993896484,62.77684536820408,1.777023425639463,-0.179135068661611,30353.902,4.33,4.2,322.132,328.656,20802.0,61.7,228000,4.39,1.72,2025-09-15 21:20:38,317.489990234375,352.05999755859375,-0.009700610760863367,0.0981284805244835,0.008151923962871399,0.014333225441666105,0.6260676,323.21351297576757,325.19523826759684,521.317294794877
2025-07-14,320.1300048828125,320.9700012207031,314.70001220703125,317.489990234375,1863100,0.0,0.0,CDNS,-0.00970061076086337,321.38800048828125,308.5719985961914,58.69452546539968,1.1762696367670689,0.5506450270495213,30353.902,4.33,4.2,322.132,328.656,20802.0,61.7,228000,4.39,1.72,2025-09-15 21:20:38,318.0400085449219,349.0899963378906,0.0017323957525112673,0.0995307161658486,0.0038588782165003776,0.012948341729709718,0.6183117,318.71514544164734,321.6009591236919,513.7977479228866
2025-07-15,319.8399963378906,324.489990234375,317.6700134277344,318.0400085449219,1447200,0.0,0.0,CDNS,0.0017323957525112732,320.3400024414062,309.4739990234375,59.199847870891574,0.7307502194362723,-0.22323010037035051,30353.902,4.33,4.2,322.132,328.656,20802.0,61.7,228000,4.39,1.72,2025-09-15 21:20:38,314.5799865722656,353.6099853515625,-0.010879203495454364,0.11184120189588194,0.01557462666861168,0.01643222592124019,0.60219336,322.99336294369107,323.26611381732516,509.56158849301573
2025-07-16,318.70001220703125,318.70001220703125,311.0799865722656,314.5799865722656,1595700,0.0,0.0,CDNS,-0.010879203495454348,318.6739990234375,310.1624984741211,54.66891347616479,0.14830663258611398,0.10261194029850751,30353.902,4.33,4.2,322.132,328.656,20802.0,61.7,228000,4.39,1.72,2025-09-15 21:20:38,320.8599853515625,349.1199951171875,0.019963122408787528,0.10979722175360736,0.006813546064973279,0.025146748292309958,0.57302296,316.7233918018944,322.49065031239667,494.84154214318914
2025-07-17,313.0799865722656,321.2300109863281,311.45001220703125,320.8599853515625,1275800,0.0,0.0,CDNS,0.019963122408787504,318.3139953613281,311.25549774169923,60.567959923280135,0.131821633318566,-0.20047628000250672,30353.902,4.33,4.2,322.132,328.656,20802.0,61.7,228000,4.39,1.72,2025-09-15 21:20:38,315.57000732421875,348.9200134277344,-0.016486873617311874,0.08745256297829358,0.015404978069449154,0.020411874510912323,0.54800993,325.8028263892671,327.40933910813175,496.69442499405704
2025-07-18,321.3699951171875,322.1499938964844,315.0400085449219,315.57000732421875,1390900,0.0,0.0,CDNS,-0.016486873617311826,317.30799560546876,312.19199829101564,54.172871736914715,-0.26773665518185297,0.09021790249255379,30353.902,4.33,4.2,322.132,328.656,20802.0,61.7,228000,4.39,1.72,2025-09-15 21:20:38,316.32000732421875,349.8800048828125,0.0023766517178213484,0.10872388618143748,0.002506636389242988,0.028746189328485345,0.53943086,316.3610265879313,324.6414425011522,485.7982067254343
2025-07-21,315.0400085449219,318.8299865722656,315.0400085449219,316.32000732421875,1042100,0.0,0.0,CDNS,0.002376651717821421,317.0739990234375,313.23799896240234,54.89993604952328,-0.5003848410787128,-0.25077288086850236,30353.902,4.33,4.2,322.132,328.656,20802.0,61.7,228000,4.39,1.72,2025-09-15 21:20:38,319.6000061035156,356.25,0.010369242233656666,0.12623290260250333,0.015007420877037695,0.028351099720055065,0.5375886,321.0671548059609,325.28802739531625,486.37003605716745
2025-07-22,317.5400085449219,321.69000244140625,313.0,319.6000061035156,1211400,0.0,0.0,CDNS,0.010369242233656761,317.38599853515626,314.5399993896484,58.03559188388865,-0.453622116085592,0.1624604164667498,30353.902,4.33,4.2,322.132,328.656,20802.0,61.7,228000,4.39,1.72,2025-09-15 21:20:38,326.4599914550781,346.8800048828125,0.021464284169445888,0.08535669042027841,0.014271459859255547,0.022899045528654318,0.5144596,324.1611647616398,326.91854119423823,484.02130059484625
2025-07-23,320.4800109863281,326.5199890136719,318.489990234375,326.4599914550781,1523600,0.0,0.0,CDNS,0.021464284169445902,319.7619995117187,316.0229995727539,63.7173689959182,-0.004681148449908967,0.25771834241373615,30353.902,4.33,4.2,322.132,328.656,20802.0,61.7,228000,4.39,1.72,2025-09-15 21:20:38,324.6400146484375,345.45001220703125,-0.005574884685038225,0.058169519233618586,0.0133513919911194,0.020411874510912323,0.5257105,330.8186867704124,333.12365183349266,498.0834638019878
2025-07-24,325.55999755859375,327.5,324.3699951171875,324.6400146484375,1649500,0.0,0.0,CDNS,-0.005574884685038195,320.51800537109375,317.3785003662109,61.34433004238925,0.11887888514555289,0.08263323707009707,30353.902,4.33,4.2,322.132,328.656,20802.0,61.7,228000,4.39,1.72,2025-09-15 21:20:38,332.19000244140625,347.57000732421875,0.023256491659368793,0.07063205902270807,0.008721554727652712,0.02107957781286559,0.5548645,327.4713803029798,331.4832890983891,504.7712424304191
2025-07-25,325.0,335.1600036621094,324.5,332.19000244140625,2718300,0.0,0.0,CDNS,0.023256491659368717,323.8420043945313,318.8035003662109,66.85854490344352,0.6297175336018119,0.6479539254319491,30353.902,4.33,4.2,322.132,328.656,20802.0,61.7,228000,4.39,1.72,2025-09-15 21:20:38,333.760009765625,349.6300048828125,0.004726232916945409,0.052500082221717155,0.011642065345841453,0.015742185576115526,0.57658875,336.05738015706436,337.41939910636916,523.7270206735775
2025-07-28,334.4800109863281,335.0,328.4599914550781,333.760009765625,2682400,0.0,0.0,CDNS,0.004726232916945516,327.3300048828125,320.23150024414065,67.88449296462593,0.9734522721174859,-0.013206783651546927,30353.902,4.33,4.2,322.132,328.656,20802.0,61.7,228000,4.39,1.72,2025-09-15 21:20:38,366.260009765625,345.19000244140625,0.09737535669064233,0.03424614196232703,0.014515050617244759,0.013967643507872073,0.61454886,338.6045532013851,338.4218505992152,538.8718638353166
2025-07-29,355.0,370.6099853515625,353.0,366.260009765625,4666700,0.0,0.0,CDNS,0.09737535669064235,336.66200561523436,323.13700103759766,80.99801123217445,3.166091554064055,0.7397479868774233,30353.902,4.33,4.2,322.132,328.656,20802.0,61.7,228000,4.39,1.72,2025-09-15 21:20:38,371.0299987792969,344.0299987792969,0.013023504850350053,-0.060694616921332545,0.06056078305164577,0.012170042602599398,0.6359575,388.44100275753465,370.71740968810116,599.1858024093672
2025-07-30,367.489990234375,374.04998779296875,363.75,371.0299987792969,3894000,0.0,0.0,CDNS,0.013023504850349976,345.5760070800781,326.2155014038086,82.1500326909975,4.625765928403645,-0.1655773887329376,30353.902,4.33,4.2,322.132,328.656,20802.0,61.7,228000,4.39,1.72,2025-09-15 21:20:38,364.57000732421875,346.8800048828125,-0.017410968051995115,-0.06508906011896287,0.013697680699830666,0.012170042602599398,0.6696231,376.1122492326342,375.54544967128334,619.4802703050445
2025-07-31,371.5199890136719,376.45001220703125,363.4700012207031,364.57000732421875,3012700,0.0,0.0,CDNS,-0.017410968051995157,353.5620056152344,328.896501159668,75.47626393495077,4.822299381364001,-0.22632254750898817,30353.902,4.33,4.2,322.132,328.656,20802.0,61.7,228000,4.39,1.72,2025-09-15 21:20:38,356.9700012207031,354.2900085449219,-0.020846492994024055,-0.028197598740355743,-0.0019544038814021296,0.02326049193968903,0.64006454,363.8574902868615,373.05008504103614,597.9183187276794
2025-08-01,358.0,360.30999755859375,353.010009765625,356.9700012207031,2070000,0.0,0.0,CDNS,-0.02084649299402408,358.51800537109375,330.4045013427734,68.432680751544,4.13307390022754,-0.3129086865602284,30353.902,4.33,4.3,323.364,329.793,20802.0,61.7,227000,4.26,1.72,2025-09-15 21:20:38,364.8800048828125,350.42999267578125,0.022158735005911246,-0.01832089117448947,0.003056478637186823,0.011747295565677116,0.66090673,358.0610724035507,361.1634333331229,592.8938994559867
2025-08-04,358.7799987792969,364.8900146484375,355.6300048828125,364.8800048828125,1841900,0.0,0.0,CDNS,0.022158735005911145,364.74200439453125,332.6335021972656,71.4219390179411,3.905194695391444,-0.11019323671497583,30353.902,4.33,4.3,323.364,329.793,20802.0,61.7,227000,4.26,1.72,2025-09-15 21:20:38,360.5,342.80999755859375,-0.012003959724291316,-0.060485658377764255,0.013182152022622292,0.008304675416273957,0.63257486,369.6899085771929,367.9102148892527,595.6938997829275
2025-08-05,366.20001220703125,369.1400146484375,357.70001220703125,360.5,1682100,0.0,0.0,CDNS,-0.012003959724291358,363.5900024414062,334.49450225830077,67.60440159659777,3.1852038409613552,-0.08675823877517785,30353.902,4.33,4.3,323.364,329.793,20802.0,61.7,227000,4.26,1.72,2025-09-15 21:20:38,360.1600036621094,347.32000732421875,-0.0009431243769504161,-0.03656031255417822,0.006253275438604872,0.0069436017414441515,0.5925803,362.7543057956171,363.0031684277906,574.1252048015594
2025-08-06,361.8599853515625,364.07000732421875,358.70001220703125,360.1600036621094,1058800,0.0,0.0,CDNS,-0.0009431243769504327,361.41600341796874,336.3570022583008,67.30367297752639,2.4450742319566228,-0.37054871886332563,30353.902,4.33,4.3,323.364,329.793,20802.0,61.7,227000,4.26,1.72,2025-09-15 21:20:38,354.3299865722656,349.3299865722656,-0.016187297397168194,-0.03007001604765677,0.013209586605730477,0.004940023150707891,0.5429005,364.9175684224042,361.93920241815925,555.6910721633321
2025-08-07,363.0199890136719,365.3999938964844,349.6600036621094,354.3299865722656,1526600,0.0,0.0,CDNS,-0.016187297397168177,359.3679992675781,337.9405014038086,62.194701840353034,1.3751877413848188,0.44182092935398565,30353.902,4.33,4.3,323.364,329.793,20802.0,61.7,227000,4.26,1.72,2025-09-15 21:20:38,352.05999755859375,351.010009765625,-0.006406426494216319,-0.009369731415502186,4.049735755924514e-05,0.008570583262764879,0.519847,354.34433600042576,357.3668012246776,538.5273374085955
2025-08-08,356.42999267578125,357.5899963378906,351.5,352.05999755859375,1373000,0.0,0.0,CDNS,-0.0064064264942163,358.38599853515626,339.5135009765625,60.2761274770197,0.37875958755066463,-0.10061574741255075,30353.902,4.33,4.3,323.364,329.793,20802.0,61.7,227000,4.26,1.72,2025-09-15 21:20:38,349.0899963378906,360.6400146484375,-0.008436065560697007,0.02437089458996479,0.008489672647517914,0.015263140971246515,0.49874336,355.04887169015217,357.4335389316673,527.6475610143825
2025-08-11,352.0799865722656,354.1600036621094,346.7699890136719,349.0899963378906,1624500,0.0,0.0,CDNS,-0.008436065560696981,355.2279968261719,341.09350128173827,57.76533898757051,-0.5649283070091968,0.18317552804078652,30353.902,4.33,4.3,323.364,329.793,20802.0,61.7,227000,4.26,1.72,2025-09-15 21:20:38,353.6099853515625,361.7699890136719,0.012947919049782495,0.036322990657996546,0.0056898485408515085,0.016998307971135843,0.47078305,351.0762655441796,355.02393560528475,513.4356304165776
2025-08-12,349.0899963378906,353.6600036621094,345.4800109863281,353.6099853515625,1263000,0.0,0.0,CDNS,0.012947919049782541,353.84999389648436,342.8720001220703,60.46443405246344,-0.946808685341546,-0.22253000923361033,30353.902,4.33,4.3,323.364,329.793,20802.0,61.7,227000,4.26,1.72,2025-09-15 21:20:38,349.1199951171875,338.5299987792969,-0.01269757761481483,-0.04264581656898901,0.0139314338033531,0.01649791726385599,0.4482706,358.5362794546925,359.4438136335659,512.1229312630312
2025-08-13,356.0400085449219,356.3999938964844,346.0899963378906,349.1199951171875,1208400,0.0,0.0,CDNS,-0.012697577614814826,351.6419921875,344.59900054931643,56.59522946471926,-1.529378054205491,-0.04323040380047505,30353.902,4.33,4.3,323.364,329.793,20802.0,61.7,227000,4.26,1.72,2025-09-15 21:20:38,348.9200134277344,354.70001220703125,-0.0005728164878840528,0.015983092254486117,0.005190448286866045,0.020458600811959854,0.46021932,350.9320843977542,356.2625017327634,509.7917839466827
2025-08-14,348.3299865722656,350.0,346.2799987792969,348.9200134277344,1220400,0.0,0.0,CDNS,-0.000572816487884098,350.55999755859375,346.002001953125,56.42204853295935,-1.9299320603351564,0.009930486593842991,30353.902,4.33,4.3,323.364,329.793,20802.0,61.7,227000,4.26,1.72,2025-09-15 21:20:38,349.8800048828125,343.4800109863281,0.0027513224181305125,-0.015590972807677428,0.015326914998228053,0.02189225309002932,0.45461878,354.2678808147218,356.5586586698708,507.54561527827536
2025-08-15,349.04998779296875,351.0299987792969,344.7900085449219,349.8800048828125,1567700,0.0,0.0,CDNS,0.002751322418130586,350.1239990234375,347.7175018310547,57.10067766104999,-2.1169791787152548,0.28457882661422484,30353.902,4.33,4.3,323.364,329.793,20802.0,61.7,227000,4.26,1.72,2025-09-15 21:20:38,356.25,351.5199890136719,0.018206227930404432,0.00468727594595943,0.013071922725311713,0.022922368864520405,0.4504572,354.45360926977236,357.9000834130565,507.4859775746736
2025-08-18,349.2900085449219,356.9100036621094,348.05999755859375,356.25,1496100,0.0,0.0,CDNS,0.018206227930404495,351.5559997558594,349.71400146484376,61.39652199328271,-1.8103201784134288,-0.045672003572111985,30353.902,4.33,4.3,323.364,329.793,20802.0,61.7,227000,4.26,1.72,2025-09-15 21:20:38,346.8800048828125,351.5199890136719,-0.026301740679824562,0.00468727594595943,0.012288628299049715,0.018077319251835096,0.48049355,360.6278238315365,362.69004498346624,527.4258255958557
2025-08-19,354.0,355.5,346.05999755859375,346.8800048828125,1825300,0.0,0.0,CDNS,-0.026301740679824603,350.2100036621094,351.07800140380857,52.9906579064461,-2.210654638518573,0.22003876746206807,30353.902,4.33,4.3,323.364,329.793,20802.0,61.7,227000,4.26,1.72,2025-09-15 21:20:38,345.45001220703125,351.5199890136719,-0.004122441927041452,0.00468727594595943,0.002993591767981977,0.030468131179293246,0.51305586,347.91842200990726,357.44879037505586,524.8488037746865
2025-08-20,346.20001220703125,346.44000244140625,339.6199951171875,345.45001220703125,1779500,0.0,0.0,CDNS,-0.004122441927041476,349.47600708007815,352.0275024414062,51.824511855710206,-2.5213817733395416,-0.025091765737139116,30353.902,4.33,4.3,323.364,329.793,20802.0,61.7,227000,4.26,1.72,2025-09-15 21:20:38,347.57000732421875,351.5199890136719,0.006136908502747332,0.00468727594595943,0.0078022712686101866,0.03460793910106371,0.53035367,348.1453069120152,357.40532519195386,528.6606923768777
2025-08-21,343.4599914550781,348.8399963378906,343.4599914550781,347.57000732421875,1038000,0.0,0.0,CDNS,0.006136908502747396,349.206005859375,353.1740020751953,53.45970296085917,-2.5273572761821814,-0.4166900814835628,30353.902,4.33,4.3,323.364,329.793,20802.0,61.7,227000,4.26,1.72,2025-09-15 21:20:38,349.6300048828125,351.5199890136719,0.005926856504255708,0.00468727594595943,0.016471959865101533,0.02961360022542223,0.54838026,353.29516653517635,357.8628065714652,538.170536814032
2025-08-22,348.5400085449219,354.9599914550781,346.7900085449219,349.6300048828125,1198300,0.0,0.0,CDNS,0.005926856504255618,349.156005859375,354.04600219726564,55.0560601100447,-2.340075659947953,0.15443159922928706,30353.902,4.33,4.3,323.364,329.793,20802.0,61.7,227000,4.26,1.72,2025-09-15 21:20:38,345.19000244140625,351.5199890136719,-0.012699145895371397,0.00468727594595943,0.013071922725311713,0.02682970560735778,0.5527454,354.200341289091,359.01047498531744,542.8863615942537
2025-08-25,347.0,349.04998779296875,344.6600036621094,345.19000244140625,1022400,0.0,0.0,CDNS,-0.012699145895371355,346.9440063476562,354.6175018310547,50.99595024050437,-2.450963146317278,-0.1467912876575148,30353.902,4.33,4.3,323.364,329.793,20802.0,61.7,227000,4.26,1.72,2025-09-15 21:20:38,344.0299987792969,351.5199890136719,-0.0033604787331761674,0.00468727594595943,0.00525909389859814,0.03791742288951226,0.54750884,347.0053890771029,358.2787177412088,534.1845788053251
2025-08-26,344.1400146484375,345.55999755859375,343.1400146484375,344.0299987792969,1718600,0.0,0.0,CDNS,-0.003360478733176131,346.37400512695314,353.5060012817383,49.95935241920733,-2.528016244225853,0.6809467918622849,30353.902,4.33,4.3,323.364,329.793,20802.0,61.7,227000,4.26,1.72,2025-09-15 21:20:38,346.8800048828125,351.5199890136719,0.008284179035631044,0.00468727594595943,0.004728799281077596,0.039780550042462115,0.5377572,345.65684759019354,357.7157013618449,529.0345932857235
2025-08-27,345.0,347.67999267578125,343.1099853515625,346.8800048828125,1069800,0.0,0.0,CDNS,0.008284179035630945,346.6600036621094,352.2985015869141,52.513331960630715,-2.3181520366977573,-0.37751658326544857,30353.902,4.33,4.3,323.364,329.793,20802.0,61.7,227000,4.26,1.72,2025-09-15 21:20:38,354.2900085449219,351.5199890136719,0.021361864500125102,0.00468727594595943,0.014116962050575999,0.03258613708619855,0.52708817,351.7768967478468,358.1834842743851,529.7163502299227
2025-08-28,347.7200012207031,355.489990234375,347.7200012207031,354.2900085449219,1081300,0.0,0.0,CDNS,0.021361864500125005,348.00400390625,351.78450164794924,58.450957781094274,-1.6431631205674346,0.01074967283604411,30353.902,4.33,4.3,323.364,329.793,20802.0,61.7,227000,4.26,1.72,2025-09-15 21:20:38,350.42999267578125,351.5199890136719,-0.01089507402422611,0.00468727594595943,0.011815667903003976,0.01805990711749212,0.5029771,358.4761816272411,360.68845319189865,532.4897812215568
2025-08-29,353.6000061035156,355.2300109863281,346.19000244140625,350.42999267578125,1304300,0.0,0.0,CDNS,-0.01089507402422607,348.16400146484375,351.45750122070314,54.619663603060886,-1.4275082989323655,0.20623323776935165,30353.902,4.33,4.3,323.364,329.793,20802.0,61.7,227000,4.26,1.72,2025-09-15 21:20:38,342.80999755859375,351.5199890136719,-0.021744700158235427,0.00468727594595943,0.004957073864749008,0.025397235728129106,0.4867573,352.1671000338986,359.3299458059746,521.0043421952287
2025-09-02,343.95001220703125,346.8599853515625,340.6700134277344,342.80999755859375,1202500,0.0,0.0,CDNS,-0.021744700158235375,347.68800048828126,350.3540008544922,47.93935749796696,-1.7477596824942792,-0.07804952848271107,30353.902,4.33,4.3,323.364,329.793,20802.0,61.7,263000,4.26,1.72,2025-09-15 21:20:38,347.32000732421875,351.5199890136719,0.013156004193997114,0.00468727594595943,0.0026816145642268073,0.05818980481455653,0.460993,343.7292818408094,362.75804440500696,500.84302442775515
2025-09-03,340.8800048828125,347.42999267578125,340.57000732421875,347.32000732421875,1141100,0.0,0.0,CDNS,0.013156004193997095,348.34600219726565,349.69500122070315,51.704339662513924,-1.6090265149587504,-0.051060291060291085,30353.902,4.33,4.3,323.364,329.793,20802.0,61.7,263000,4.26,1.72,2025-09-15 21:20:38,349.3299865722656,351.5199890136719,0.00578711046199704,0.00468727594595943,0.012077917050983166,0.04700307160424118,0.44578415,351.51490956282754,363.6451144980646,502.1497414051264
2025-09-04,346.92999267578125,350.1199951171875,344.42999267578125,349.3299865722656,905400,0.0,0.0,CDNS,0.0057871104619970914,348.83599853515625,349.15350036621095,53.324439275298694,-1.345762154896176,-0.20655507843309084,30353.902,4.33,4.3,323.364,329.793,20802.0,61.7,263000,4.26,1.72,2025-09-15 21:20:38,351.010009765625,351.5199890136719,0.004809272773414858,0.00468727594595943,0.013231123520603925,0.04103067455678618,0.42591155,353.9520147740542,363.66323156423874,498.11366113130134
2025-09-05,353.0299987792969,355.30999755859375,345.8800048828125,351.010009765625,1115800,0.0,0.0,CDNS,0.004809272773414808,348.17999877929685,348.9875015258789,54.69252055124396,-1.0362345691079882,0.23238347691628003,30353.902,4.33,4.3,323.364,329.793,20802.0,61.7,263000,4.26,1.72,2025-09-15 21:20:38,360.6400146484375,351.5199890136719,0.027435128956130362,0.00468727594595943,0.012569012129467861,0.03824677993872174,0.3959322,355.4218588359338,364.4350123654195,489.98617430147715
2025-09-08,353.6700134277344,361.3599853515625,353.0,360.6400146484375,1773400,0.0,0.0,CDNS,0.027435128956130317,350.2220031738281,349.41650238037107,61.63417254955976,-0.2042249902138331,0.5893529306327299,30353.902,4.33,4.3,323.364,329.793,20802.0,61.7,263000,4.26,1.72,2025-09-15 21:20:38,361.7699890136719,351.5199890136719,0.0031332473362278095,0.00468727594595943,0.01158850624566549,0.02885370304609626,0.3726369,364.81929371062785,371.0458145376433,495.02779686327267
2025-09-09,362.0,362.7099914550781,356.3999938964844,361.7699890136719,1271800,0.0,0.0,CDNS,0.0031332473362277735,354.0140014648438,350.05050201416014,62.36285181465713,0.36966424289708844,-0.2828465095297169,30353.902,4.33,4.3,323.364,329.793,20802.0,61.7,263000,4.26,1.72,2025-09-15 21:20:38,338.5299987792969,351.5199890136719,-0.06423968527001482,0.00468727594595943,0.013941361476352951,0.025427346059737527,0.3474866,366.81355520180773,370.96883971835,487.48021797008914
2025-09-10,348.5,348.5299987792969,326.3500061035156,338.5299987792969,5847800,0.0,0.0,CDNS,-0.06423968527001478,352.25599975585936,349.2965026855469,43.89671954558331,-0.8043923256647414,3.598050007862872,30353.902,4.33,4.3,323.364,329.793,20802.0,61.7,263000,4.26,1.72,2025-09-15 21:20:38,354.70001220703125,351.5199890136719,0.047765378211803156,0.00468727594595943,-0.018602529481017288,0.07935907704046523,0.3267331,332.23248449679625,365.3954270329317,449.1389588992897
2025-09-11,342.3599853515625,357.760009765625,338.8999938964844,354.70001220703125,3571600,0.0,0.0,CDNS,0.047765378211803045,353.3300048828125,349.57550354003905,54.08428571375172,-0.49559373643358384,-0.38924039809843014,30353.902,4.33,4.3,323.364,329.793,20802.0,61.7,263000,4.26,1.72,2025-09-15 21:20:38,343.4800109863281,351.5199890136719,-0.031632367732071676,0.00468727594595943,0.012379492290081404,0.037223098024585885,0.31770554,359.09101827344,367.90304553073537,467.3901612082773
2025-09-12,353.4700012207031,355.07000732421875,342.0899963378906,343.4800109863281,1616900,0.0,0.0,CDNS,-0.031632367732071676,351.8240051269531,349.3035034179687,47.62238166669037,-1.020395182710348,-0.5472897300929556,30353.902,4.33,4.3,323.364,329.793,20802.0,61.7,263000,4.26,1.72,2025-09-15 21:20:38,351.5199890136719,351.5199890136719,0.023407411698446037,0.00468727594595943,0.008604084853934803,0.05622060927928347,0.28093278,346.43534214648497,362.79066647923446,439.97480674871986
2025-09-15,342.9100036621094,352.0,342.260009765625,351.5199890136719,1374290,0.0,0.0,CDNS,0.023407411698445957,350.0,349.38550262451173,52.043978996275186,-0.8087174549068235,-0.15004638505782675,30353.902,4.33,4.3,323.364,329.793,20802.0,61.7,263000,4.26,1.72,2025-09-15 21:20:38,351.5199890136719,351.5199890136719,0.023407411698446037,0.00468727594595943,0.014241847961104571,0.044420814961176495,0.23444283,356.5262832524937,367.13479340080295,433.9313300697504
2025-05-01,272.96712785637453,274.1652401199393,268.574100338738,268.903564453125,5208900,0.0,0.0,CRM,0.0023072069418912378,267.4339233398438,254.50741958618164,54.21740478587906,3.832888319793832,0.12646785320386678,30353.902,4.33,4.2,320.58,326.854,20617.5,52.2,229000,4.42,1.72,2025-09-15 21:20:38,274.64447021484375,264.9498596191406,0.021349310759023053,-0.014703058481300203,0.01886948554925784,0.08504877129639972,-0.11796972,273.9776363767172,291.77348220708546,237.18107781530125
2025-05-02,274.02545669583947,275.88252772211393,271.818964177345,274.64447021484375,4323400,0.0,0.0,CRM,0.02134931075902302,268.87763061523435,255.51833572387696,58.00942465692891,4.042125021360932,-0.16999750427153526,30353.902,4.33,4.2,320.58,326.854,20617.5,52.2,229000,4.42,1.72,2025-09-15 21:20:38,272.1983642578125,261.2057800292969,-0.008906445322266114,-0.04893122433899473,0.020469264476614124,0.07332287690361895,-0.091247246,280.26624051271097,294.7821928966664,249.5839146768958
2025-05-05,272.9371829049024,275.7327680949859,271.8788635842153,272.1983642578125,4219600,0.0,0.0,CRM,-0.008906445322266143,270.2734130859375,257.1281684875488,55.885454005871395,3.8489179195126564,-0.024008881898505807,30353.902,4.33,4.2,320.58,326.854,20617.5,52.2,229000,4.42,1.72,2025-09-15 21:20:38,272.92718505859375,264.0513000488281,0.0026775355640673427,-0.02993061413575538,0.00553726144372264,0.08113401076143936,-0.052420814,273.70559776526164,294.282909272752,257.929509615562
2025-05-06,269.39281174155667,274.36490759982473,268.1148395348248,272.92718505859375,4681600,0.0,0.0,CRM,0.002677535564067357,271.3916320800781,258.6024848937988,56.39771277527615,3.6074390198353385,0.10948905109489049,30353.902,4.33,4.2,320.58,326.854,20617.5,52.2,229000,4.42,1.72,2025-09-15 21:20:38,277.7895202636719,262.75335693359375,0.01781550344292104,-0.03727671218539779,0.01833546350668582,0.0736590503079005,-0.035953652,277.9314315002181,293.03074231321835,263.11445904483116
2025-05-07,273.27665677810757,278.3486312402309,273.27665677810757,277.7895202636719,4267600,0.0,0.0,CRM,0.017815503442921043,273.29262084960936,260.3308837890625,59.75528428805188,3.6039321648077465,-0.08843130553656875,30353.902,4.33,4.2,320.58,326.854,20617.5,52.2,229000,4.42,1.72,2025-09-15 21:20:38,279.2970886230469,266.7170715332031,0.005427016677749572,-0.03985913046668938,0.0197116886979969,0.07470776061557534,0.007244423,283.26522081067526,298.5425532450458,279.8019574804239
2025-05-08,278.7679289705161,282.60184558929285,277.9392564841984,279.2970886230469,4789900,0.0,0.0,CRM,0.005427016677749474,275.37132568359374,261.0789962768555,60.764110379680226,3.5274579390675074,0.12238729028025119,30353.902,4.33,4.2,320.58,326.854,20617.5,52.2,229000,4.42,1.72,2025-09-15 21:20:38,274.9839782714844,274.0754089355469,-0.015442732943713877,-0.018695789896139722,0.01220531290877084,0.07470776061557534,0.050242655,282.7059969841999,300.1627486605246,293.3297179643632
2025-05-09,281.1741443707374,282.03279869338326,273.4464078132438,274.9839782714844,4324200,0.0,0.0,CRM,-0.0154427329437139,275.43922729492186,262.092391204834,56.407557628130704,3.0297561769186734,-0.09722541180400424,30353.902,4.33,4.2,320.58,326.854,20617.5,52.2,229000,4.42,1.72,2025-09-15 21:20:38,288.36273193359375,271.8189697265625,0.048652847872107254,-0.011509792551612393,-0.005237565184178212,0.07266787415177119,0.10266233,273.5437317606828,294.96647939827,303.2144727925697
2025-05-12,284.5487726507055,288.51248835166297,282.7815859789667,288.36273193359375,5937400,0.0,0.0,CRM,0.04865284787210733,278.67210083007814,263.7807136535645,64.83062468833131,3.4162755070158646,0.3730632255677351,30353.902,4.33,4.2,320.58,326.854,20617.5,52.2,229000,4.42,1.72,2025-09-15 21:20:38,288.7121887207031,267.79534912109375,0.001211865294679794,-0.07132469121299768,0.025176675921756535,0.04525590548311138,0.12351353,295.62274698339814,301.4128484748323,323.9794451112175
2025-05-13,290.5392779902492,292.27651340744984,288.47254797852054,288.7121887207031,6711600,0.0,0.0,CRM,0.0012118652946797592,281.8291015625,265.5089736938477,65.02074656742113,3.497459834875812,0.1303937750530535,30353.902,4.33,4.2,320.58,326.854,20617.5,52.2,229000,4.42,1.72,2025-09-15 21:20:38,290.2796936035156,265.489013671875,0.005429299295461635,-0.08043711334714018,0.005624724719784951,0.04525590548311138,0.17090486,290.33611530550365,301.7781202452695,338.0545091877211
2025-05-14,293.0353337494154,295.5812844273354,288.80205622497124,290.2796936035156,7926200,0.0,0.0,CRM,0.005429299295461654,284.32713623046874,267.296639251709,65.9109363835362,3.452771847496558,0.1809702604446033,30353.902,4.33,4.2,320.58,326.854,20617.5,52.2,229000,4.42,1.72,2025-09-15 21:20:38,290.2996826171875,266.4874267578125,6.88612194112944e-05,-0.08196324913516091,0.017652223313067067,0.04525590548311138,0.19674443,295.4037755782536,303.4165639809029,347.39060994143074
2025-05-15,289.1115641708703,291.50775843085194,287.4941338071142,290.2996826171875,4635600,0.0,0.0,CRM,6.886121941129808e-05,286.52765502929685,269.3394012451172,65.92284613083923,3.2249037366654374,-0.41515480305821195,30353.902,4.33,4.2,320.58,326.854,20617.5,52.2,229000,4.42,1.72,2025-09-15 21:20:38,290.68902587890625,257.9908752441406,0.0013411770147615674,-0.11129466998299087,0.015412097265820745,0.04525590548311138,0.24945217,294.7738095619205,303.4374576154882,362.71555217012065
2025-05-16,290.62912331243416,291.70743044745296,289.2612972625539,290.68902587890625,3846000,0.0,0.0,CRM,0.001341177014761552,289.6686645507813,271.5304260253906,66.17076276202873,2.9103882134320758,-0.17033393735438773,30353.902,4.33,4.2,320.58,326.854,20617.5,52.2,229000,4.42,1.72,2025-09-15 21:20:38,287.17462158203125,263.46221923828125,-0.012089910467892973,-0.09366300140950971,0.01053228167547868,0.04224040614889832,0.28712997,293.7506445794334,302.96784839505887,374.154565358338
2025-05-19,287.6438786845839,289.44101669008745,286.4557602859774,287.17462158203125,5781200,0.0,0.0,CRM,-0.012089910467892984,289.43104248046876,274.0948600769043,61.80021308515472,2.302289781411699,0.5031721268850755,30353.902,4.33,4.2,320.58,326.854,20617.5,52.2,229000,4.42,1.72,2025-09-15 21:20:38,287.60394287109375,262.343994140625,0.0014949833891915293,-0.08646525693884617,0.0011622342531207412,0.04472499690797044,0.3394583,287.5083857638609,300.01850564433516,384.65840950892016
2025-05-20,287.6338941565212,287.9833461326831,284.75844887843675,287.60394287109375,4032300,0.0,0.0,CRM,0.0014949833891915176,289.2093933105469,276.32482452392577,62.129283492525985,1.7884887639664813,-0.3025150487788002,30353.902,4.33,4.2,320.58,326.854,20617.5,52.2,229000,4.42,1.72,2025-09-15 21:20:38,281.8330993652344,259.5,-0.020065244753775545,-0.09771751593715162,0.026229760310712474,0.04315960119221156,0.3620487,295.1477253570184,300.01681434671775,391.73055520423804
2025-05-21,283.95973207170357,287.1746354581108,280.664938276729,281.8330993652344,5689800,0.0,0.0,CRM,-0.02006524475377558,287.52007446289065,277.9123077392578,55.24071845997327,0.9609694773193471,0.41105572502045984,30353.902,4.33,4.2,320.58,326.854,20617.5,52.2,229000,4.42,1.72,2025-09-15 21:20:38,282.9712829589844,260.6300048828125,0.004038502206850446,-0.07523280455765158,0.013100382568367559,0.08736220684745416,0.3630597,285.5252207873477,306.4546608884391,384.1553565384602
2025-05-22,282.0527261611178,285.89663666459927,280.58505234957977,282.9712829589844,6642700,0.0,0.0,CRM,0.004038502206850536,286.05439453125,278.8468246459961,56.27054525432518,0.41892531061312877,0.16747513093606092,30353.902,4.33,4.2,320.58,326.854,20617.5,52.2,229000,4.42,1.72,2025-09-15 21:20:38,272.69757080078125,263.4100036621094,-0.036306553975274804,-0.06912814294201837,0.03279267719980517,0.06738565524267634,0.357883,292.2506688978731,302.0394882760363,384.24188797741954
2025-05-23,278.5582722266692,280.2955076151236,271.2199030472757,272.69757080078125,8887800,0.0,0.0,CRM,-0.036306553975274825,282.456103515625,279.11040649414065,45.98558627003313,-0.6450090727251379,0.3379800382374636,30353.902,4.33,4.2,320.58,326.854,20617.5,52.2,229000,4.42,1.72,2025-09-15 21:20:38,276.75115966796875,271.1700134277344,0.014864778059019977,-0.005601653760835403,0.026585531080225235,0.10308338464642965,0.33656254,279.94738054480734,300.80815938378515,364.47735087438923
2025-05-27,272.7375350365344,278.1389431982089,269.86208973133705,276.75115966796875,10958000,0.0,0.0,CRM,0.014864778059019867,280.3714111328125,279.6869918823242,49.87823142092423,-1.0644759483103767,0.23292603343909635,30353.902,4.33,4.2,320.58,326.854,20617.5,52.2,229000,4.42,1.72,2025-09-15 21:20:38,275.5929870605469,267.760009765625,-0.004184888001233269,-0.03248821039496583,0.04356276730482728,0.09748036995764922,0.34398234,288.8072060379256,303.7289650986108,371.9486708653203
2025-05-28,277.27031996568735,278.3685845354564,273.1468537219368,275.5929870605469,12758600,0.0,0.0,CRM,-0.004184888001233289,277.96921997070314,280.099836730957,48.79620108897506,-1.3881902143689464,0.16431830626026644,30353.902,4.33,4.2,320.58,326.854,20617.5,52.2,229000,4.42,1.72,2025-09-15 21:20:38,266.4974060058594,270.739990234375,-0.033003673829658194,-0.01760928998206216,0.05111559169149038,0.10099540023386816,0.39181525,289.6800856601719,303.4266110903741,383.57450442109257
2025-05-29,263.1726612443025,267.3660236827088,254.0970568580227,266.4974060058594,28053100,0.0,0.0,CRM,-0.03300367382965819,274.90208129882814,280.0104782104492,41.23138821780731,-2.1383018606439346,1.1987600520433275,30353.902,4.33,4.2,320.58,326.854,20617.5,52.2,229000,4.42,1.72,2025-09-15 21:20:38,264.9498596191406,273.4200134277344,-0.0058069848030142725,0.025976265681635923,0.05480915109789776,0.1156751346280028,0.40136135,281.10390259883235,297.32452932360064,373.45916365112134
2025-05-30,267.6555605981641,269.31293613170516,260.2872702562276,264.9498596191406,12388500,0.0,0.0,CRM,-0.005806984803014226,271.29779663085935,279.81279296875,40.092520079466496,-2.629777470751105,-0.5583910512563675,30353.902,4.33,4.2,320.58,326.854,20617.5,52.2,229000,4.42,1.72,2025-09-15 21:20:38,261.2057800292969,272.69000244140625,-0.014131275990203501,0.029213613599916238,0.049390547405690086,0.12021439646720018,0.39799994,278.0358782207907,296.80064708732505,370.39990425291035
2025-06-02,262.6934112068436,263.3723577398863,258.7297260392068,261.2057800292969,9213500,0.0,0.0,CRM,-0.014131275990203473,268.9994384765625,279.14085845947267,37.40090081373659,-3.0675648831104896,-0.2562860717601001,30353.902,4.33,4.1,321.5,327.6,20693.1,60.7,250000,4.38,1.72,2025-09-15 21:20:38,264.0513000488281,271.9100036621094,0.010893786573988125,0.04098004122118551,0.008695199781437297,0.09769701417211685,0.40272325,263.4770164707178,286.724804822658,366.3994369749562
2025-06-03,261.58520926182587,264.3308555422458,260.9462078658634,264.0513000488281,7838500,0.0,0.0,CRM,0.010893786573988207,266.4594665527344,278.73350524902344,40.66143365325174,-3.021227580232196,-0.1492375318825636,30353.902,4.33,4.1,321.5,327.6,20693.1,60.7,250000,4.38,1.72,2025-09-15 21:20:38,262.75335693359375,269.2099914550781,-0.00491549602291055,0.019536701411036642,0.01453078389041392,0.08543249647702343,0.36558008,267.88817242582047,286.6098618100031,360.5831959569623
2025-06-04,263.7717310784553,265.07965462039726,261.2057926457781,262.75335693359375,7372500,0.0,0.0,CRM,-0.004915496022910526,263.89154052734375,278.2248138427734,39.647032170585405,-2.9314195114713844,-0.05945014990112907,30353.902,4.33,4.1,321.5,327.6,20693.1,60.7,250000,4.38,1.72,2025-09-15 21:20:38,266.7170715332031,272.1499938964844,0.01508530526828296,0.03576219566726776,0.007043880905682042,0.08536631577656736,0.40640533,264.6041602874022,285.18364297294005,369.5377215890985
2025-06-05,263.29247884300753,268.32450791350436,263.2226128254924,266.7170715332031,8642900,0.0,0.0,CRM,0.01508530526828289,263.9354736328125,277.67119140625,44.223299715343,-2.4766046949879934,0.172316039335368,30353.902,4.33,4.1,321.5,327.6,20693.1,60.7,250000,4.38,1.72,2025-09-15 21:20:38,274.0754089355469,269.79998779296875,0.027588550519263344,0.011558751159210439,0.014482733658225225,0.07081803906292981,0.4338859,270.5798638423203,285.60545152379177,382.44185668734644
2025-06-06,269.5425880756346,274.46477564838517,267.78536473556017,274.0754089355469,7507000,0.0,0.0,CRM,0.027588550519263455,265.7605834960938,277.410107421875,51.56554953228706,-1.5945712847356355,-0.13142579458283676,30353.902,4.33,4.1,321.5,327.6,20693.1,60.7,250000,4.38,1.72,2025-09-15 21:20:38,271.8189697265625,273.6499938964844,-0.008232913772701921,-0.0015521824475779329,0.014845652880600945,0.04026088991557369,0.46164864,278.1442373197128,285.10992880326677,400.6019658910882
2025-06-09,272.41802589143765,273.76589464509124,269.2330739096259,271.8189697265625,5728300,0.0,0.0,CRM,-0.008232913772701966,267.8832214355469,277.2518569946289,49.417303556772836,-1.100961416322104,-0.23693885706673767,30353.902,4.33,4.1,321.5,327.6,20693.1,60.7,250000,4.38,1.72,2025-09-15 21:20:38,267.79534912109375,270.9200134277344,-0.0148025747044672,-0.003307187499578981,0.006436817663407523,0.04913339000339058,0.48021322,273.5686188721477,285.17435717645753,402.35001756297424
2025-06-10,271.6392598060428,273.31659267862574,266.4175290938785,267.79534912109375,6309700,0.0,0.0,CRM,-0.01480257470446722,268.63203125,276.2234878540039,45.75666547451716,-0.986951818368752,0.10149608086168671,30353.902,4.33,4.1,321.5,327.6,20693.1,60.7,250000,4.38,1.72,2025-09-15 21:20:38,265.489013671875,263.9700012207031,-0.00861230584021776,-0.014284594235655862,0.004298353943354178,0.05743313001037898,0.47736418,268.94642831600027,283.17567422334037,395.6312570241498
2025-06-11,268.0749095151698,269.0833202285007,264.9898052742676,265.489013671875,6568100,0.0,0.0,CRM,-0.008612305840217771,269.1791625976563,275.0623291015625,43.75586334772764,-1.005002297762701,0.040952818676006864,30353.902,4.33,4.1,321.5,327.6,20693.1,60.7,250000,4.38,1.72,2025-09-15 21:20:38,266.4874267578125,258.07000732421875,0.003760656880406605,-0.02794468307764177,0.008740039299286809,0.07006331857965531,0.48472986,267.8093980848961,284.09005501616605,394.17947301789536
2025-06-12,264.2809342024938,268.594071541147,262.98297410522355,266.4874267578125,8054000,0.0,0.0,CRM,0.003760656880406499,269.13323364257815,273.87271575927736,44.87952408217326,-0.8916873047061018,0.22622980770694712,30353.902,4.33,4.1,321.5,327.6,20693.1,60.7,250000,4.38,1.72,2025-09-15 21:20:38,257.9908752441406,259.67999267578125,-0.03188349865899549,-0.02554504790283386,0.016800059128220607,0.06353063265741918,0.47814244,270.96443128427114,283.417541574984,393.9063911860285
2025-06-13,263.0628492620232,265.2793356068398,257.591514648615,257.9908752441406,7659300,0.0,0.0,CRM,-0.031883498658995535,265.91632690429685,272.257275390625,37.93401781222937,-1.3058892607110284,-0.04900670474298485,30353.902,4.33,4.1,321.5,327.6,20693.1,60.7,250000,4.38,1.72,2025-09-15 21:20:38,263.46221923828125,257.5799865722656,0.02120750971895037,-0.0015926480790693464,0.011157607923283174,0.08575374345945846,0.46146438,260.8694362778994,280.1145585747078,377.0444809995388
2025-06-16,259.97775449955765,263.5620670080329,259.5484121365518,263.46221923828125,7177000,0.0,0.0,CRM,0.021207509718950357,264.24497680664064,270.89593505859375,43.94950900478116,-1.13464062417885,-0.06296920084080793,30353.902,4.33,4.1,321.5,327.6,20693.1,60.7,250000,4.38,1.72,2025-09-15 21:20:38,262.343994140625,257.95001220703125,-0.004244347067633639,-0.020922191603740474,0.016625136485599903,0.07012949928011138,0.42774558,267.8423145919167,281.93869275268884,376.15701919181447
2025-06-17,263.432264738331,270.0717300107315,261.6850354314224,262.343994140625,9110100,0.0,0.0,CRM,-0.004244347067633658,263.1547058105469,269.65440368652344,43.03154779743214,-1.0233648643159823,0.2693465236171102,30353.902,4.33,4.1,321.5,327.6,20693.1,60.7,250000,4.38,1.72,2025-09-15 21:20:38,259.5,259.8800048828125,-0.010840706111612091,-0.00939220760850245,0.010699800851186922,0.0777923338770184,0.42879522,265.15102263243466,282.75234572344306,374.83584442184656
2025-06-18,264.79998779296875,265.0799865722656,257.4700012207031,259.5,7628000,0.416,0.0,CRM,-0.010840706111612142,261.9569030761719,268.24920654296875,40.703021761505845,-1.0633142939681552,-0.1626875665470192,30353.902,4.33,4.1,321.5,327.6,20693.1,60.7,250000,4.38,1.72,2025-09-15 21:20:38,260.6300048828125,262.3800048828125,0.004354546754576108,0.011098284712186898,0.009149241751087124,0.08394328179012603,0.40285167,261.87422823440716,281.2832816245377,364.04001635313034
2025-06-20,260.69000244140625,262.8699951171875,259.260009765625,260.6300048828125,12859200,0.0,0.0,CRM,0.0043545467545760275,260.78541870117186,267.18905181884764,42.04492713861556,-0.939919685522165,0.6857891976927111,30353.902,4.33,4.1,321.5,327.6,20693.1,60.7,250000,4.38,1.72,2025-09-15 21:20:38,263.4100036621094,262.2799987792969,0.010666457150805988,0.006330790260416349,0.014706230799541259,0.08054481220714829,0.38329965,264.46288988790474,281.6223996816468,360.52937867640867
2025-06-23,260.6400146484375,264.739990234375,258.75,263.4100036621094,9283800,0.0,0.0,CRM,0.010666457150805941,261.86924438476564,266.2109878540039,45.32317357933711,-0.6131717248942055,-0.27804217991787983,30353.902,4.33,4.1,321.5,327.6,20693.1,60.7,250000,4.38,1.72,2025-09-15 21:20:38,271.1700134277344,263.5899963378906,0.029459814197410644,0.0006833175402561271,0.018171498293509718,0.06353063265741918,0.37505716,268.19655809414877,280.1446078430563,362.203827476711
2025-06-24,265.7099914550781,273.3800048828125,265.44000244140625,271.1700134277344,9713900,0.0,0.0,CRM,0.029459814197410727,263.4108032226562,266.1346099853516,53.269289122963,0.14311571857745875,0.04632801223636873,30353.902,4.33,4.1,321.5,327.6,20693.1,60.7,250000,4.38,1.72,2025-09-15 21:20:38,267.760009765625,267.2200012207031,-0.012575150249856538,-0.014566552389406844,0.017735672888909104,0.028587605117161435,0.35843724,275.9793960831698,278.9221146912218,368.3674608080837
2025-06-25,272.0,274.0,266.9800109863281,267.760009765625,6074300,0.0,0.0,CRM,-0.01257515024985656,264.49400634765624,265.6850524902344,49.84145683182388,0.4158139993984582,-0.3746795828657903,30353.902,4.33,4.1,321.5,327.6,20693.1,60.7,250000,4.38,1.72,2025-09-15 21:20:38,270.739990234375,267.70001220703125,0.011129296235679214,-0.00022407214074374627,0.007389386729037198,0.041345616852645393,0.35246706,269.73859202835393,278.8307125378551,362.1365932171466
2025-06-26,268.7799987792969,271.010009765625,265.1600036621094,270.739990234375,6708000,0.0,0.0,CRM,0.011129296235679265,266.74200439453125,265.4424026489258,52.70560570388016,0.7779588021040746,0.10432477816373908,30353.902,4.33,4.1,321.5,327.6,20693.1,60.7,250000,4.38,1.72,2025-09-15 21:20:38,273.4200134277344,269.1099853515625,0.009898881916333544,-0.00602055456012033,0.015725565602649736,0.025772947559489053,0.33713952,274.9975297120664,277.7177578049421,362.0171317245404
2025-06-27,271.8599853515625,274.1700134277344,269.42999267578125,273.4200134277344,21741400,0.0,0.0,CRM,0.00989888191633348,269.3000061035156,265.78853302001954,55.18412536634198,1.1562670248506897,2.2411150864639238,30353.902,4.33,4.1,321.5,327.6,20693.1,60.7,250000,4.38,1.72,2025-09-15 21:20:38,272.69000244140625,270.25,-0.002669925208386652,-0.011593933406678797,-0.12299358438847367,0.019193974542581097,0.3561616,239.79110593271272,278.6680302048985,370.8017213485291
2025-06-30,274.4599914550781,276.3800048828125,270.3999938964844,272.69000244140625,8541900,0.0,0.0,CRM,-0.002669925208386603,271.156005859375,266.1755401611328,54.348624726826756,1.3046188426559506,-0.6071136173383499,30353.902,4.33,4.1,321.5,327.6,20693.1,60.7,250000,4.38,1.72,2025-09-15 21:20:38,271.9100036621094,267.3900146484375,-0.0028603864179599903,-0.019435944645999903,0.009853838646275348,0.02003193616484736,0.40390548,275.37704572591633,278.1525111631046,382.83099719548045
2025-07-01,272.0799865722656,274.0,270.6400146484375,271.9100036621094,6256800,0.0,0.0,CRM,-0.002860386417959937,271.30400390625,266.71075134277345,53.418010805676005,1.2948979990044414,-0.2675165946686334,30353.902,4.33,4.2,322.132,328.656,20802.0,61.7,228000,4.39,1.72,2025-09-15 21:20:38,269.2099914550781,264.80999755859375,-0.009929800929231116,-0.026111603132992822,0.009598757573351253,0.01552657520061508,0.38138315,274.520001869031,276.13183478176865,375.6119057006945
2025-07-02,271.5199890136719,271.7099914550781,265.6499938964844,269.2099914550781,6115200,0.0,0.0,CRM,-0.009929800929231125,271.5940002441406,266.96868591308595,50.212832499725245,1.061127750288103,-0.022631377061756774,30353.902,4.33,4.2,322.132,328.656,20802.0,61.7,228000,4.39,1.72,2025-09-15 21:20:38,272.1499938964844,258.3299865722656,0.010920851880405914,-0.040414565685345294,0.006210547127461284,0.026103262924878957,0.447923,270.88193279419335,276.2372506440345,389.7953236571411
2025-07-03,269.70001220703125,274.7300109863281,269.32000732421875,272.1499938964844,5031800,0.0,0.0,CRM,0.010920851880405813,271.8760009765625,267.43851776123046,53.48562393196042,1.056696331733788,-0.177165096807954,30353.902,4.33,4.2,322.132,328.656,20802.0,61.7,228000,4.39,1.72,2025-09-15 21:20:38,269.79998779296875,250.74000549316406,-0.008634966585409805,-0.07866981033798541,0.014825526618596008,0.01579570166015008,0.44639963,276.18476087524743,276.4487940068849,393.63766645721626
2025-07-07,271.510009765625,274.0,268.2099914550781,269.79998779296875,6283500,0.0,0.0,CRM,-0.008634966585409853,271.15199584960936,267.59266357421876,50.62118729277608,0.856237939576737,0.24875789975754192,30353.902,4.33,4.2,322.132,328.656,20802.0,61.7,228000,4.39,1.72,2025-09-15 21:20:38,273.6499938964844,252.32000732421875,0.014269852771342342,-0.06478866293412615,0.006223686159694813,0.02749898094817024,0.44515625,271.4791382428817,277.21921251710415,389.90312960338633
2025-07-08,270.7900085449219,276.79998779296875,269.7300109863281,273.6499938964844,6661200,0.0,0.0,CRM,0.014269852771342295,271.343994140625,267.57139282226564,54.884121978832184,0.9371407534279743,0.06010981141083782,30353.902,4.33,4.2,322.132,328.656,20802.0,61.7,228000,4.39,1.72,2025-09-15 21:20:38,270.9200134277344,247.49000549316406,-0.009976175880284105,-0.09559652470964806,0.015072040072946576,0.015482359265898664,0.4470095,277.77445757045376,277.8867414151007,395.9741582051647
2025-07-09,274.3599853515625,275.55999755859375,269.3699951171875,270.9200134277344,6373600,0.0,0.0,CRM,-0.0099761758802841,271.14599609375,267.52644500732424,51.48966061384412,0.7680989568104499,-0.04317540383114149,30353.902,4.33,4.2,322.132,328.656,20802.0,61.7,228000,4.39,1.72,2025-09-15 21:20:38,263.9700012207031,249.1699981689453,-0.025653373182358517,-0.08028205441009509,0.0071454954856528495,0.02253493573141099,0.45718008,272.8558711606553,277.0251785186814,394.7792314501712
2025-07-10,270.8999938964844,271.489990234375,263.2099914550781,263.9700012207031,7244600,0.0,0.0,CRM,-0.025653373182358497,270.097998046875,267.3351776123047,44.0246449685553,0.18019495122336068,0.13665746203087736,30353.902,4.33,4.2,322.132,328.656,20802.0,61.7,228000,4.39,1.72,2025-09-15 21:20:38,258.07000732421875,240.8800048828125,-0.022351001512294723,-0.08747204694136919,0.006901285668047062,0.05869636450170989,0.46602085,265.7917336069219,279.4640806298703,386.9855183115069
2025-07-11,262.5799865722656,262.95001220703125,257.260009765625,258.07000732421875,7011200,0.0,0.0,CRM,-0.022351001512294744,267.28200073242186,266.9642272949219,38.87233481775106,-0.572825857996812,-0.032217099632829926,30353.902,4.33,4.2,322.132,328.656,20802.0,61.7,228000,4.39,1.72,2025-09-15 21:20:38,259.67999267578125,240.50999450683594,0.006238560490835503,-0.06804360180965083,0.011001739850731471,0.07505633001355244,0.43375328,260.90922640807617,277.4397949605452,370.0087122523546
2025-07-14,258.6000061035156,262.2300109863281,257.5,259.67999267578125,6533900,0.0,0.0,CRM,0.0062385604908354875,265.25800170898435,266.6238555908203,40.904755995580345,-0.9092891688323624,-0.06807679141944323,30353.902,4.33,4.2,322.132,328.656,20802.0,61.7,228000,4.39,1.72,2025-09-15 21:20:38,257.5799865722656,232.67999267578125,-0.008086899887345383,-0.10397412492887105,0.0175709251692011,0.08050686757925536,0.3762713,264.2428103950261,280.58601545911233,357.390107565152
2025-07-15,261.0,261.80999755859375,257.2300109863281,257.5799865722656,5201500,0.0,0.0,CRM,-0.008086899887345345,262.04400024414065,266.6033111572266,39.0795624994947,-1.2017148805074753,-0.20392108847701984,30353.902,4.33,4.2,322.132,328.656,20802.0,61.7,228000,4.39,1.72,2025-09-15 21:20:38,257.95001220703125,231.66000366210938,0.0014365465255656113,-0.10062886971571544,0.011007577254301987,0.08342828965091534,0.34547982,260.41531817362187,279.06944430029546,346.56868066610696
2025-07-16,258.92999267578125,258.9800109863281,254.52000427246094,257.95001220703125,5649500,0.0,0.0,CRM,0.001436546525565685,259.45,266.32770080566405,39.59104685483795,-1.2908386327751327,0.08612900124963963,30353.902,4.33,4.2,322.132,328.656,20802.0,61.7,228000,4.39,1.72,2025-09-15 21:20:38,259.8800048828125,237.02999877929688,0.007482041420615378,-0.0811010367812812,0.013252737239456826,0.0834944703513714,0.34365332,261.36855593972575,279.48741185338713,346.59539062262775
2025-07-17,257.989990234375,260.20001220703125,256.6499938964844,259.8800048828125,5837400,0.0,0.0,CRM,0.007482041420615371,258.6320007324219,266.2045013427734,42.31165475373909,-1.1453691065916116,0.03325958049384892,30353.902,4.33,4.2,322.132,328.656,20802.0,61.7,228000,4.39,1.72,2025-09-15 21:20:38,262.3800048828125,233.3699951171875,0.009619824353656308,-0.10200865502361038,0.01695370211588412,0.07985417598061234,0.34975106,264.2859330714702,280.632508526567,350.77329533646116
2025-07-18,260.29998779296875,262.9800109863281,259.1199951171875,262.3800048828125,6381200,0.0,0.0,CRM,0.00961982435365627,259.49400024414064,266.34850158691404,45.721698313239564,-0.8214997475726782,0.09315791276938357,30353.902,4.33,4.2,322.132,328.656,20802.0,61.7,228000,4.39,1.72,2025-09-15 21:20:38,262.2799987792969,242.44000244140625,-0.0003811498652890528,-0.07599665397640383,0.016018801135862203,0.05119028348551972,0.34491217,266.58301800305685,275.8113117136957,352.8780620893958
2025-07-21,263.6199951171875,264.30999755859375,261.6400146484375,262.2799987792969,6714700,0.0,0.0,CRM,-0.00038114986528903216,260.0140014648438,266.4310012817383,45.60556391971319,-0.5668445478210895,0.05226289726070332,30353.902,4.33,4.2,322.132,328.656,20802.0,61.7,228000,4.39,1.72,2025-09-15 21:20:38,263.5899963378906,243.97000122070312,0.004994652907925646,-0.06981088014264188,0.01701141940577445,0.059002792722806806,0.3448465,266.7417538402775,277.75525118260975,352.72633498057985
2025-07-22,263.0,265.8900146484375,262.0,263.5899963378906,5001400,0.0,0.0,CRM,0.004994652907925667,261.21600341796875,266.4400009155273,47.48718623632362,-0.27764579549041013,-0.25515659672062785,30353.902,4.33,4.2,322.132,328.656,20802.0,61.7,228000,4.39,1.72,2025-09-15 21:20:38,267.2200012207031,246.0,0.013771406097518478,-0.06673241239148685,0.019544707694193926,0.03974412484174617,0.34699175,268.7417857674283,274.0661500593792,355.05355767731817
2025-07-23,263.9200134277344,268.4800109863281,262.5,267.2200012207031,5620700,0.0,0.0,CRM,0.01377140609751848,263.07000122070315,266.2425003051758,52.40077970362392,0.16673416830293863,0.12382532890790587,30353.902,4.33,4.2,322.132,328.656,20802.0,61.7,228000,4.39,1.72,2025-09-15 21:20:38,267.70001220703125,246.4499969482422,0.0017963138392910675,-0.07772623373093436,0.015823894352396353,0.026340638586827444,0.35154527,271.4484622888667,274.2587466960293,361.15994576452067
2025-07-24,267.9800109863281,269.29998779296875,265.6400146484375,267.70001220703125,5877100,0.0,0.0,CRM,0.0017963138392911304,264.6340026855469,266.23950042724607,53.02669234966978,0.4836783046663762,0.045617093956268784,30353.902,4.33,4.2,322.132,328.656,20802.0,61.7,228000,4.39,1.72,2025-09-15 21:20:38,269.1099853515625,245.8300018310547,0.0052669894667050614,-0.0816959633123324,0.01571167093379844,0.0162751896502495,0.38539532,271.9060267078019,272.0568806750748,370.8703356342885
2025-07-25,268.010009765625,271.1000061035156,267.010009765625,269.1099853515625,4015400,0.0,0.0,CRM,0.005266989466705008,265.97999877929686,266.15800018310546,54.90259288311762,0.7623790095664214,-0.31677187728641676,30353.902,4.33,4.2,322.132,328.656,20802.0,61.7,228000,4.39,1.72,2025-09-15 21:20:38,270.25,248.2899932861328,0.00423624060975737,-0.07736610753491983,0.01557462666861168,0.0155085166007811,0.4220982,273.3012729062086,273.28348202682315,382.7008149495814
2025-07-28,269.5,270.3399963378906,266.5899963378906,270.25,4533700,0.0,0.0,CRM,0.004236240609757358,267.5739990234375,265.99949951171874,56.41807004932096,0.9835337845170258,0.12907804950938884,30353.902,4.33,4.2,322.132,328.656,20802.0,61.7,228000,4.39,1.72,2025-09-15 21:20:38,267.3900146484375,247.8699951171875,-0.01058273950624422,-0.08281222898358002,0.016400202803658368,0.009018365391272732,0.4569301,274.6821548076887,272.68721324699146,393.73537588119507
2025-07-29,271.6000061035156,274.0,267.30999755859375,267.3900146484375,5137100,0.0,0.0,CRM,-0.010582739506244221,268.33400268554686,265.7345001220703,51.72223168006457,0.8995142589673868,0.1330921763680879,30353.902,4.33,4.2,322.132,328.656,20802.0,61.7,228000,4.39,1.72,2025-09-15 21:20:38,264.80999755859375,243.74000549316406,-0.009648890940209336,-0.08844761531715499,0.0069121210635358105,0.022326370006771814,0.5047201,269.2382468008681,273.35986305159463,402.3471273934847
2025-07-30,266.8699951171875,267.7699890136719,263.3299865722656,264.80999755859375,3928200,0.0,0.0,CRM,-0.009648890940209376,267.852001953125,265.3794998168945,47.85281200765864,0.6444385818946221,-0.23532732475521212,30353.902,4.33,4.2,322.132,328.656,20802.0,61.7,228000,4.39,1.72,2025-09-15 21:20:38,258.3299865722656,250.16000366210938,-0.024470416699030828,-0.05532266165004897,0.007259652627661426,0.031931381477821534,0.5121353,266.732426153201,273.2657466097782,400.4285364307725
2025-07-31,265.0,265.0400085449219,257.8599853515625,258.3299865722656,7340300,0.0,0.0,CRM,-0.024470416699030828,265.9779968261719,264.8354995727539,39.79935327122426,0.045162406178806624,0.8686166692123618,30353.902,4.33,4.2,322.132,328.656,20802.0,61.7,228000,4.39,1.72,2025-09-15 21:20:38,250.74000549316406,254.52999877929688,-0.0293809525553408,-0.014709820735061028,0.014047714753508161,0.07235681954675982,0.48255956,261.9589325359104,277.02192279419194,382.98959167414796
2025-08-01,254.99000549316406,255.99000549316406,250.1300048828125,250.74000549316406,7646900,0.0,0.0,CRM,-0.02938095255534079,262.3040008544922,263.7650001525879,32.82996012543853,-0.8093755589141414,0.04176940996961975,30353.902,4.33,4.3,323.364,329.793,20802.0,61.7,227000,4.26,1.72,2025-09-15 21:20:38,252.32000732421875,256.25,0.006301355174444882,0.02197493174652641,0.01804274823879108,0.07529865579450311,0.4238914,255.2640442856703,269.62039086070564,357.0265437594553
2025-08-04,251.0,253.5,250.63999938964844,252.32000732421875,4403500,0.0,0.0,CRM,0.006301355174444856,258.71800231933594,262.89100112915037,35.36726730167557,-1.1920587589661298,-0.4241457322575162,30353.902,4.33,4.3,323.364,329.793,20802.0,61.7,227000,4.26,1.72,2025-09-15 21:20:38,247.49000549316406,252.86000061035156,-0.01914236561054143,0.002140112834726371,0.023033221180031906,0.08413592606226061,0.30263585,258.13174986106475,273.5491848044783,328.68110187935235
2025-08-05,253.00999450683594,253.2899932861328,247.00999450683594,247.49000549316406,6761000,0.0,0.0,CRM,-0.01914236561054139,254.73800048828124,261.5830017089844,31.45553676249196,-1.6652861636737182,0.5353695923697059,30353.902,4.33,4.3,323.364,329.793,20802.0,61.7,227000,4.26,1.72,2025-09-15 21:20:38,249.1699981689453,256.45001220703125,0.0067881233120246276,0.03620350929328608,0.008388096382573033,0.07904608301173927,0.30637297,249.56597551296426,267.0531210119525,323.314260981997
2025-08-06,249.3699951171875,250.25999450683594,247.02000427246094,249.1699981689453,5834700,0.0,0.0,CRM,0.006788123312024608,251.61000061035156,260.4955009460449,34.182345058757036,-1.751209394288837,-0.13700636000591626,30353.902,4.33,4.3,323.364,329.793,20802.0,61.7,227000,4.26,1.72,2025-09-15 21:20:38,240.8800048828125,244.00999450683594,-0.033270431219861105,-0.02070876790957283,0.024403944933034126,0.08413592606226061,0.29508713,255.25072908322448,270.1341467118213,322.69685010522153
2025-08-07,250.69000244140625,253.00999450683594,236.97000122070312,240.8800048828125,10010200,0.0,0.0,CRM,-0.03327043121986106,248.12000427246093,259.3410011291504,28.217125077715338,-2.222143486122662,0.7156323375666271,30353.902,4.33,4.3,323.364,329.793,20802.0,61.7,227000,4.26,1.72,2025-09-15 21:20:38,240.50999450683594,250.75999450683594,-0.0015360775841754552,0.04101622975651311,0.013763758807347709,0.08748900290062138,0.29920444,244.1954191715323,261.9543563287066,312.9523787707585
2025-08-08,241.2899932861328,242.9499969482422,237.8300018310547,240.50999450683594,8812000,0.0,0.0,CRM,-0.0015360775841755103,246.07400207519532,258.46300048828124,27.982402955200612,-2.399208262292655,-0.11969790813370362,30353.902,4.33,4.3,323.364,329.793,20802.0,61.7,227000,4.26,1.72,2025-09-15 21:20:38,232.67999267578125,252.27000427246094,-0.03255582724164978,0.04889613751702426,0.02484650714177508,0.09037618502649651,0.27945203,246.48582780301834,262.2463702711074,307.72101405416106
2025-08-11,238.9199981689453,241.8699951171875,231.57000732421875,232.67999267578125,10740100,0.0,0.0,CRM,-0.03255582724164974,242.1459991455078,257.1130004882813,23.52308721658983,-2.8534103622699103,0.21880390376758974,30353.902,4.33,4.3,323.364,329.793,20802.0,61.7,227000,4.26,1.72,2025-09-15 21:20:38,231.66000366210938,252.05999755859375,-0.00438365586117728,0.08329037946041541,5.54894563572894e-05,0.10136658177744029,0.3148457,232.69290396208007,256.26596818132504,305.938283469186
2025-08-12,233.0,233.6699981689453,226.47999572753906,231.66000366210938,13178000,0.0,0.0,CRM,-0.0043836558611772825,238.97999877929686,255.81700134277344,23.008696008541605,-3.016404135178264,0.2269904377054217,30353.902,4.33,4.3,323.364,329.793,20802.0,61.7,227000,4.26,1.72,2025-09-15 21:20:38,237.02999877929688,242.57000732421875,0.023180501736587963,0.047094895491853216,0.05216659900907013,0.12332736713830453,0.28975618,243.74491817959034,260.23002198500734,298.78492111698506
2025-08-13,233.00999450683594,237.35000610351562,229.61000061035156,237.02999877929688,10209200,0.0,0.0,CRM,0.023180501736588033,236.5519989013672,254.77100067138673,31.50136531642265,-2.5736609131690447,-0.2252845651843982,30353.902,4.33,4.3,323.364,329.793,20802.0,61.7,227000,4.26,1.72,2025-09-15 21:20:38,233.3699951171875,246.27999877929688,-0.015441098936667817,0.03902459624367146,0.02542582038435725,0.11781114270067693,0.3280355,243.05668095396368,264.9547737898259,314.7842467392584
2025-08-14,237.0,237.0,232.8699951171875,233.3699951171875,7544800,0.0,0.0,CRM,-0.015441098936667785,235.04999694824218,253.44550018310548,29.141904439256493,-2.344870341669294,-0.26098029228538966,30353.902,4.33,4.3,323.364,329.793,20802.0,61.7,227000,4.26,1.72,2025-09-15 21:20:38,242.44000244140625,242.75999450683594,0.03886535336157597,0.04023653248539179,0.021783320024555592,0.09607398757004583,0.31673893,238.45356840495418,255.79078112729783,307.2873653955903
2025-08-15,236.14999389648438,244.5,234.6300048828125,242.44000244140625,12942800,0.0,0.0,CRM,0.03886535336157593,235.43599853515624,252.44850006103516,40.94624481739904,-1.4444307310259328,0.71545965433146,30353.902,4.33,4.3,323.364,329.793,20802.0,61.7,227000,4.26,1.72,2025-09-15 21:20:38,243.97000122070312,242.52000427246094,0.006310834696789159,0.0003299861006808174,0.013534705567014763,0.09294274544073122,0.30167192,245.72135649211702,264.9730418729681,315.57735844829585
2025-08-18,239.77000427246094,244.52000427246094,239.49000549316406,243.97000122070312,8809200,0.0,0.0,CRM,0.006310834696789058,237.69400024414062,251.53300018310546,42.68092552079337,-0.6481106276352193,-0.3193744784745186,30353.902,4.33,4.3,323.364,329.793,20802.0,61.7,227000,4.26,1.72,2025-09-15 21:20:38,246.0,242.52000427246094,0.008320690122309229,0.0003299861006808174,0.018069404726114853,0.07516918845849381,0.30165806,248.37839391379077,262.3090282206811,317.5655122231219
2025-08-19,245.0,248.5,243.4499969482422,246.0,8642200,0.0,0.0,CRM,0.008320690122309182,240.56199951171874,250.65350036621095,44.98982196267812,0.07459097719179208,-0.018957453571266436,30353.902,4.33,4.3,323.364,329.793,20802.0,61.7,227000,4.26,1.72,2025-09-15 21:20:38,246.4499969482422,242.52000427246094,0.0018292558871633637,0.0003299861006808174,0.017264965979922747,0.05675144206176943,0.27242583,250.24718163106098,259.9608547471953,313.01676893234253
2025-08-20,245.6999969482422,247.57000732421875,244.4499969482422,246.4499969482422,8195100,0.0,0.0,CRM,0.0018292558871633169,242.4459991455078,249.6150001525879,45.513772750495384,0.6122626874028487,-0.05173451204554391,30353.902,4.33,4.3,323.364,329.793,20802.0,61.7,227000,4.26,1.72,2025-09-15 21:20:38,245.8300018310547,242.52000427246094,-0.0025157034890031156,0.0003299861006808174,0.01757862519734843,0.050348000820080195,0.26600367,250.782249074483,258.8582615967011,312.0065855014691
2025-08-21,245.0399932861328,246.2899932861328,240.02000427246094,245.8300018310547,5646800,0.0,0.0,CRM,-0.002515703489003096,244.93800048828126,248.52149963378906,44.879524787724606,0.9360957403519272,-0.3109541067223097,30353.902,4.33,4.3,323.364,329.793,20802.0,61.7,227000,4.26,1.72,2025-09-15 21:20:38,248.2899932861328,242.52000427246094,0.010006880513993326,0.0003299861006808174,0.011803460521547755,0.0508071383973943,0.25780615,248.73164655267956,258.3199207563168,309.20649600147044
2025-08-22,245.77999877929688,249.52999877929688,244.11000061035156,248.2899932861328,6694300,0.0,0.0,CRM,0.010006880513993233,246.10799865722657,247.4805000305176,47.97722759857608,1.3033469980148968,0.18550329390097042,30353.902,4.33,4.3,323.364,329.793,20802.0,61.7,227000,4.26,1.72,2025-09-15 21:20:38,247.8699951171875,242.52000427246094,-0.001691563012212501,0.0003299861006808174,0.014978448135469639,0.026778538432600692,0.24244371,252.00899207312523,254.93883641377568,308.48633315510415
2025-08-25,249.3699951171875,249.3699951171875,246.7899932861328,247.8699951171875,4957700,0.0,0.0,CRM,-0.0016915630122125158,246.88799743652345,246.36149978637695,47.48655037381199,1.4917952263887706,-0.2594147259608921,30353.902,4.33,4.3,323.364,329.793,20802.0,61.7,227000,4.26,1.72,2025-09-15 21:20:38,243.74000549316406,242.52000427246094,-0.016661918366000165,0.0003299861006808174,0.017323945425599424,0.029861465358979024,0.22999279,252.16408138524122,255.2717563899097,304.87829626911844
2025-08-26,246.6999969482422,248.8300018310547,242.85000610351562,243.74000549316406,8862300,0.0,0.0,CRM,-0.016661918366000172,246.43599853515624,245.1789993286133,42.84611770671572,1.3181313219405837,0.787582951771991,30353.902,4.33,4.3,323.364,329.793,20802.0,61.7,227000,4.26,1.72,2025-09-15 21:20:38,250.16000366210938,242.52000427246094,0.026339534029120912,0.0003299861006808174,0.006482839172011745,0.054861455828991185,0.23259768,245.32013274856152,257.11193703828536,300.4333722899082
2025-08-27,245.75,250.3699951171875,245.61000061035156,250.16000366210938,6506900,0.0,0.0,CRM,0.026339534029120815,247.1779998779297,244.44649963378907,50.881452817515296,1.59687758309334,-0.2657775069677172,30353.902,4.33,4.3,323.364,329.793,20802.0,61.7,227000,4.26,1.72,2025-09-15 21:20:38,254.52999877929688,242.52000427246094,0.017468800180743697,0.0003299861006808174,0.016034799947678292,0.02580852217330459,0.23231126,254.17126927574174,256.6162636634969,308.2749865074875
2025-08-28,252.47999572753906,255.64999389648438,250.2899932861328,254.52999877929688,8461200,0.0,0.0,CRM,0.017468800180743704,248.91799926757812,244.25650024414062,55.47063683593421,2.01010741917814,0.3003427131199188,30353.902,4.33,4.3,323.364,329.793,20802.0,61.7,227000,4.26,1.72,2025-09-15 21:20:38,256.25,242.52000427246094,0.006757557965473999,0.0003299861006808174,0.014592152196478967,0.01664406150407492,0.24387467,258.24413926005394,258.76641173361156,316.60341800126116
2025-08-29,255.39999389648438,257.6400146484375,252.8699951171875,256.25,7363200,0.0,0.0,CRM,0.006757557965473948,250.51000061035157,244.53199996948243,57.166932770787426,2.312268902797143,-0.129768827116721,30353.902,4.33,4.3,323.364,329.793,20802.0,61.7,227000,4.26,1.72,2025-09-15 21:20:38,252.86000061035156,242.52000427246094,-0.01322926591082317,0.0003299861006808174,0.014945185280132894,0.01159227895852845,0.287851,260.0797037280341,259.2205214831229,330.0118125975132
2025-09-02,254.82000732421875,254.99000549316406,248.75,252.86000061035156,9312500,0.0,0.0,CRM,-0.013229265910823185,251.50800170898438,244.55899963378906,52.89043887767603,2.197596660959789,0.26473544111255976,30353.902,4.33,4.3,323.364,329.793,20802.0,61.7,263000,4.26,1.72,2025-09-15 21:20:38,256.45001220703125,242.52000427246094,0.014197625516151802,0.0003299861006808174,0.006733893884003474,0.03129725648901734,0.34193462,254.56273302197076,260.7738249052668,339.32160424121685
2025-09-03,255.05999755859375,258.0,250.5500030517578,256.45001220703125,17417900,0.0,0.0,CRM,0.01419762551615178,254.0500030517578,245.00699996948242,56.593639594425,2.268111651072286,0.8703785234899328,30353.902,4.33,4.3,323.364,329.793,20802.0,61.7,263000,4.26,1.72,2025-09-15 21:20:38,244.00999450683594,242.52000427246094,-0.04850854789647086,0.0003299861006808174,0.021110198064891172,0.023681958597873736,0.37047848,261.8637227584654,262.5232507785424,351.45923083865637
2025-09-04,240.05999755859375,245.22000122070312,234.6199951171875,244.00999450683594,30967500,0.0,0.0,CRM,-0.048508547896470855,252.82000122070312,244.74899978637694,43.75758926846509,1.4228333922959888,0.7779123774967132,30353.902,4.33,4.3,323.364,329.793,20802.0,61.7,263000,4.26,1.72,2025-09-15 21:20:38,250.75999450683594,242.52000427246094,0.027662801327635368,0.0003299861006808174,-0.01810746445672442,0.05311774268608892,0.40100664,239.5915922042179,256.971254607884,341.85963683147565
2025-09-05,244.8300018310547,251.1300048828125,244.36000061035156,250.75999450683594,13029400,0.0,0.0,CRM,0.027662801327635433,252.06600036621094,245.2429992675781,50.33937079166544,1.2692837231962844,-0.579255671268265,30353.902,4.33,4.3,323.364,329.793,20802.0,61.7,263000,4.26,1.72,2025-09-15 21:20:38,252.27000427246094,242.52000427246094,0.006021733126110098,0.0003299861006808174,0.014482688387757157,0.03494336056105099,0.3694827,254.39167336739413,259.52239140917544,343.4114882867616
2025-09-08,250.8000030517578,252.94000244140625,247.3000030517578,252.27000427246094,12602200,0.0,0.0,CRM,0.006021733126110096,251.27000122070314,245.83099975585938,51.70105940522544,1.2200485709391187,-0.032787388521343996,30353.902,4.33,4.3,323.364,329.793,20802.0,61.7,263000,4.26,1.72,2025-09-15 21:20:38,252.05999755859375,242.52000427246094,-0.0008324680315158376,0.0003299861006808174,0.01451092029602114,0.03378491833060224,0.34740084,255.93067419753555,260.7929257640667,339.90883173356633
2025-09-09,251.32000732421875,255.33999633789062,251.2100067138672,252.05999755859375,10901900,0.0,0.0,CRM,-0.0008324680315158206,251.11000061035156,246.8,51.48960183956864,1.1262285540367132,-0.13492088682928383,30353.902,4.33,4.3,323.364,329.793,20802.0,61.7,263000,4.26,1.72,2025-09-15 21:20:38,242.57000732421875,242.52000427246094,-0.0376497275501598,0.0003299861006808174,0.01451092029602114,0.0346228799528685,0.35526937,255.7176200929818,260.7870405949853,341.6092097382643
2025-09-10,252.75,253.99000549316406,241.72999572753906,242.57000732421875,11363600,0.0,0.0,CRM,-0.03764972755015983,248.33399963378906,247.34550018310546,42.94234405018087,0.41458803681073175,0.042350415982535194,30353.902,4.33,4.3,323.364,329.793,20802.0,61.7,263000,4.26,1.72,2025-09-15 21:20:38,246.27999877929688,242.52000427246094,0.015294518460888511,0.0003299861006808174,0.008244575813584717,0.07035412822697328,0.3653643,244.56989413970507,259.6358087235247,331.1964314351062
2025-09-11,243.6999969482422,247.1699981689453,243.5,246.27999877929688,6944900,0.0,0.0,CRM,0.015294518460888584,248.78800048828126,247.80800018310546,46.66947743662027,0.19446203485565938,-0.3888468443099018,30353.902,4.33,4.3,323.364,329.793,20802.0,61.7,263000,4.26,1.72,2025-09-15 21:20:38,242.75999450683594,242.52000427246094,-0.014292692422884813,0.0003299861006808174,0.017106462806195308,0.0569436626375066,0.34780765,250.49297841832472,260.3040839441507,331.9380653617918
2025-09-12,246.10000610351562,247.58999633789062,241.25,242.75999450683594,8383400,0.0,0.0,CRM,-0.014292692422884778,247.18800048828126,248.2775001525879,43.74943966474544,-0.16789747743896566,0.20713041224495665,30353.902,4.33,4.3,323.364,329.793,20802.0,61.7,263000,4.26,1.72,2025-09-15 21:20:38,242.52000427246094,242.52000427246094,-0.0009885905412979486,0.0003299861006808174,0.0033108422235025347,0.07164081053697073,0.34797466,243.56373454682645,260.15151727925627,327.2343205744419
2025-09-15,243.25,244.7100067138672,240.83999633789062,242.52000427246094,6548018,0.0,0.0,CRM,-0.0009885905412979623,245.23800048828124,248.28150024414063,43.54937402338646,-0.39070520857521496,-0.2189305055228189,30353.902,4.33,4.3,323.364,329.793,20802.0,61.7,263000,4.26,1.72,2025-09-15 21:20:38,242.52000427246094,242.52000427246094,-0.0009885905412979486,0.0003299861006808174,0.011432776171442432,0.07270197584007111,0.33961013,245.29268119840523,260.1516877638113,324.8822471251042
2025-05-01,162.17993201602457,163.59695884625,160.59324751027046,162.44935607910156,21904300,0.0,0.0,GOOG,0.011809326020290944,162.06217041015626,156.47140045166014,52.832178310804515,1.4742485845864288,0.06128055427699319,30353.902,4.33,4.2,320.58,326.854,20617.5,52.2,229000,4.42,1.72,2025-09-15 21:20:38,165.46304321289062,172.48831176757812,0.01855154865816523,0.061797448329609185,0.028526005225641998,0.07728105057236381,0.29713762,167.0833872595162,175.00361298169855,210.7191708006194
2025-05-02,164.60983654805946,166.3511802953172,163.31754813877285,165.46304321289062,16844900,0.0,0.0,GOOG,0.01855154865816533,162.45335083007814,157.12902145385743,56.23354067847348,1.5909049614637942,-0.23097747930771584,30353.902,4.33,4.2,320.58,326.854,20617.5,52.2,229000,4.42,1.72,2025-09-15 21:20:38,165.70254516601562,170.01348876953125,0.0014474649352172757,0.02750128045684413,0.0284801961907512,0.06493479711678708,0.3127463,170.17546314591252,176.20735235424584,217.21099551287625
2025-05-05,164.1707534829321,166.75035109742606,164.12584947218224,165.70254516601562,15309300,0.0,0.0,GOOG,0.0014474649352171909,163.17783203125,158.0426055908203,56.501995983231126,1.6108237626017188,-0.0911611229511603,30353.902,4.33,4.2,320.58,326.854,20617.5,52.2,229000,4.42,1.72,2025-09-15 21:20:38,164.8543243408203,167.3590850830078,-0.005118936612261984,0.009997069841821185,0.021633633463595883,0.06366776937990354,0.31440204,169.28729329212214,176.25245659730854,217.79977390893328
2025-05-06,163.61692872306404,166.39111049603875,162.7886636287067,164.8543243408203,10691900,0.0,0.0,GOOG,-0.005118936612262037,163.8045196533203,158.83893585205078,55.210372860263604,1.4959778291298167,-0.30160751961226184,30353.902,4.33,4.2,320.58,326.854,20617.5,52.2,229000,4.42,1.72,2025-09-15 21:20:38,152.4802703857422,169.03555297851562,-0.07506053604936665,0.025363172330566397,0.015858468787795208,0.06731506988410879,0.346999,167.46866149791228,175.95150470452015,222.058598489235
2025-05-07,165.7225072906682,166.64058037151528,149.1771989680043,152.4802703857422,78729800,0.0,0.0,GOOG,-0.07506053604936669,162.18990783691407,159.14928512573243,40.62164839451194,0.5637230044585887,6.3634994715625846,30353.902,4.33,4.2,320.58,326.854,20617.5,52.2,229000,4.42,1.72,2025-09-15 21:20:38,155.42410278320312,169.4546661376953,0.01930631674520039,0.11132191534689416,-0.029390274285933105,0.10864948671536594,0.3963767,147.99883341591197,169.0471734973733,212.9199012000372
2025-05-08,155.59374524152167,157.08063299058793,153.7775613966295,155.42410278320312,38387500,0.0,0.0,GOOG,0.019306316745200336,160.78485717773438,158.88434066772462,44.38661988612772,0.14426934389962942,-0.5124146130181964,30353.902,4.33,4.2,320.58,326.854,20617.5,52.2,229000,4.42,1.72,2025-09-15 21:20:38,154.0569610595703,174.55397033691406,-0.008796201484526513,0.12308173063990385,0.03981462320788397,0.11574093689864562,0.5491186,161.6122548729398,173.41303405596244,240.7703558938956
2025-05-09,155.22451097958617,156.10265920444155,153.5081089022484,154.0569610595703,22871000,0.0,0.0,GOOG,-0.008796201484526533,158.5036407470703,158.83494415283204,43.02231184295068,-0.20722714380644391,-0.40420709866493,30353.902,4.33,4.2,320.58,326.854,20617.5,52.2,229000,4.42,1.72,2025-09-15 21:20:38,159.24607849121094,177.47137451171875,0.033683109130226915,0.15198542987677538,0.03309139796971021,0.11079784403234184,0.34849006,159.1549212679967,171.12614020314516,207.74427138395913
2025-05-12,158.767087161307,160.10427953850458,157.55961240306388,159.24607849121094,31884900,0.0,0.0,GOOG,0.033683109130226985,157.21234741210938,158.84392547607422,49.381924167196885,-0.07882591016038576,0.39411919024091646,30353.902,4.33,4.2,320.58,326.854,20617.5,52.2,229000,4.42,1.72,2025-09-15 21:20:38,160.55332946777344,179.8492431640625,0.008208999486506347,0.12937941623465904,0.031484697956622135,0.07669694487652964,0.36576504,164.25989317328325,171.45976619505484,217.49273548024212
2025-05-13,159.5853580204337,161.72087936029618,157.25025823538817,160.55332946777344,24944300,0.0,0.0,GOOG,0.00820899948650644,156.3521484375,158.81498489379882,50.86965974690783,0.09608292500352378,-0.21767670590153965,30353.902,4.33,4.2,320.58,326.854,20617.5,52.2,229000,4.42,1.72,2025-09-15 21:20:38,166.4609375,178.63034057617188,0.036795300675545,0.11259194168269733,0.03582617905616583,0.06849659351555239,0.35244232,166.30534179734948,171.55068561389606,217.13910848754313
2025-05-14,160.9724465842897,167.98773466385796,160.59323688479117,166.4609375,31769200,0.0,0.0,GOOG,0.03679530067554504,159.14828186035157,159.22063369750975,57.01782938396068,0.5843378612323322,0.27360559326178735,30353.902,4.33,4.2,320.58,326.854,20617.5,52.2,229000,4.42,1.72,2025-09-15 21:20:38,165.05389404296875,176.8119659423828,-0.008452694537006618,0.06218292770568358,0.03164483462926638,0.055704338580202795,0.38111544,171.72856633942015,175.73353392287797,229.90177036449313
2025-05-15,166.79025857078503,167.15947947237044,163.49716078272107,165.05389404296875,22717600,0.0,0.0,GOOG,-0.008452694537006589,161.0742401123047,159.71459732055663,55.24459404189793,0.7752611386557113,-0.28491746723241373,30353.902,4.33,4.2,320.58,326.854,20617.5,52.2,229000,4.42,1.72,2025-09-15 21:20:38,167.07965087890625,175.7229461669922,0.012273305320564757,0.06463980862666557,0.020405575441161637,0.06946393695137494,0.38569152,168.42191372972005,176.51918733234845,228.713781904582
2025-05-16,168.5765121778473,170.2929143521152,166.60065952676607,167.07965087890625,36271400,0.0,0.0,GOOG,0.012273305320564809,163.67877807617188,160.4166244506836,57.30339122809691,0.9871204970187165,0.5966211219495017,30353.902,4.33,4.2,320.58,326.854,20617.5,52.2,229000,4.42,1.72,2025-09-15 21:20:38,167.5187225341797,177.78109741210938,0.0026279181992764754,0.06404996944217448,0.029344643217873296,0.063331595975622,0.43680385,171.98254362291456,177.66107182411713,240.06068025098648
2025-05-19,165.36823314911408,167.59855695920197,165.06885786199535,167.5187225341797,21374700,0.0,0.0,GOOG,0.0026279181992765466,165.33330688476562,161.31523971557618,57.75697328387237,1.0974877789382458,-0.4107009930689193,30353.902,4.33,4.2,320.58,326.854,20617.5,52.2,229000,4.42,1.72,2025-09-15 21:20:38,164.97409057617188,177.0717315673828,-0.015190134687713002,0.05702651553622,0.023386847722919213,0.063331595975622,0.45011246,171.43645738882452,178.12795058806668,242.92098717246517
2025-05-20,167.4089723124178,169.32495306366755,163.9162957370762,164.97409057617188,33563300,0.0,0.0,GOOG,-0.01519013468771302,166.21745910644532,161.88504638671876,54.16560191949069,0.94554176750869,0.5702349038816918,30353.902,4.33,4.2,320.58,326.854,20617.5,52.2,229000,4.42,1.72,2025-09-15 21:20:38,169.7041473388672,173.8246307373047,0.028671512879238147,0.05364806152422061,0.005036819632142843,0.07122534133105805,0.4690829,165.80503531438086,176.7244264882406,242.36060424576863
2025-05-21,164.60483939502217,174.1647950905629,164.54496738120505,169.7041473388672,45567600,0.0,0.0,GOOG,0.02867151287923808,166.86610107421876,162.50075454711913,59.23928921033056,1.0992466848632974,0.3576614933573279,30353.902,4.33,4.2,320.58,326.854,20617.5,52.2,229000,4.42,1.72,2025-09-15 21:20:38,171.62013244628906,167.58021545410156,0.011290148988498283,-0.012515497812345937,0.028731686630440616,0.06146453120185596,0.51977694,174.58003372009364,180.13493319806136,257.91244980665033
2025-05-22,172.98727611426764,177.75727288119202,171.52035082957954,171.62013244628906,45024100,0.0,0.0,GOOG,0.011290148988498228,168.17934875488282,163.02515411376953,61.116891480268535,1.2543773327796612,-0.01192733433404436,30353.902,4.33,4.2,320.58,326.854,20617.5,52.2,229000,4.42,1.72,2025-09-15 21:20:38,169.23513793945312,165.86175537109375,-0.013896938971203482,-0.0335530394547241,0.027873714520577776,0.0646380649538048,0.47472343,176.40382302408068,182.71332571473286,253.09223523339642
2025-05-23,169.92369658602146,170.84676411617667,168.90582662036127,169.23513793945312,24963600,0.0,0.0,GOOG,-0.013896938971203476,168.61044616699218,163.31155395507812,57.56237528780131,1.1249319453009603,-0.4455502719654585,30353.902,4.33,4.2,320.58,326.854,20617.5,52.2,229000,4.42,1.72,2025-09-15 21:20:38,173.61593627929688,167.5902099609375,0.025885867398359425,-0.009719778046945116,0.0011957721245191605,0.06416955759788827,0.5065013,169.4375045998903,180.09488187104543,254.95295819256353
2025-05-27,170.9415515853457,173.92528515676113,170.8517435680547,173.61593627929688,24341300,0.0,0.0,GOOG,0.02588586739835952,169.82988891601562,163.88834381103516,61.940904619953834,1.2531186989962313,-0.02492829559839127,30353.902,4.33,4.2,320.58,326.854,20617.5,52.2,229000,4.42,1.72,2025-09-15 21:20:38,173.0172119140625,171.3368682861328,-0.003448556498127015,-0.013127066800467635,0.028741507316512455,0.03582091821466983,0.5642789,178.60591998213144,179.8350185335209,271.58373558535095
2025-05-28,173.61594729418155,176.1107161118287,172.65297018501624,173.0172119140625,25999200,0.0,0.0,GOOG,-0.003448556498127031,171.43851318359376,164.45316009521486,61.01435732938454,1.2154269092081553,0.06811057749586102,30353.902,4.33,4.2,320.58,326.854,20617.5,52.2,229000,4.42,1.72,2025-09-15 21:20:38,172.5980987548828,174.27423095703125,-0.0024223784127781495,0.007265283199645537,0.01484037214633437,0.07065416753039025,0.5436342,175.5848517265884,185.2415989902797,267.07528139077476
2025-05-29,174.63382348309548,175.0329804174553,171.42055991285764,172.5980987548828,21174700,0.0,0.0,GOOG,-0.002422378412778148,172.01730346679688,165.0553985595703,60.33399357746707,1.084433691653766,-0.1855634019508292,30353.902,4.33,4.2,320.58,326.854,20617.5,52.2,229000,4.42,1.72,2025-09-15 21:20:38,172.48831176757812,178.11080932617188,-0.0006360845692779198,0.03193957877321697,0.008872626299445378,0.08312138664196748,0.6002939,174.12949718512965,186.9446920551559,276.20768022931225
2025-05-30,172.04923004578563,173.0770735186819,168.17234979116824,172.48831176757812,36258300,0.0,0.0,GOOG,-0.0006360845692778838,172.1909393310547,165.55734634399414,60.14479779560125,0.919096657549785,0.7123406707060784,30353.902,4.33,4.2,320.58,326.854,20617.5,52.2,229000,4.42,1.72,2025-09-15 21:20:38,170.01348876953125,177.23159790039062,-0.01434777216314582,0.02749917420030123,0.021548005873368397,0.08679007130507008,0.6260222,176.2050909226333,187.45858464517738,280.4698275653609
2025-06-02,168.65633401739595,170.70404207052295,168.29708672339368,170.01348876953125,24742900,0.0,0.0,GOOG,-0.014347772163145867,172.34660949707032,165.78486862182618,55.890159136630615,0.5878749448701099,-0.31759348893908435,30353.902,4.33,4.1,321.5,327.6,20693.1,60.7,250000,4.38,1.72,2025-09-15 21:20:38,167.3590850830078,176.7520294189453,-0.015612900515921553,0.03963532951522904,0.004488405417626237,0.04207870340730516,0.64690554,170.77657823359394,177.16743593870555,279.99615677068505
2025-06-03,168.51166710695887,169.44470824759915,166.33122627831037,167.3590850830078,25386700,0.0,0.0,GOOG,-0.015612900515921568,171.0952392578125,165.8676956176758,51.66836687550646,0.15724281295646358,0.026019585416422464,30353.902,4.33,4.1,321.5,327.6,20693.1,60.7,250000,4.38,1.72,2025-09-15 21:20:38,169.03555297851562,179.59947204589844,0.010017190848505818,0.07313846724735357,0.0056644473492029335,0.04828728610761043,0.75530577,168.3070818088713,175.44040110711893,293.76636721597606
2025-06-04,167.92787503026992,169.22515784223899,167.44388927750356,169.03555297851562,18508700,0.0,0.0,GOOG,0.01001719084850583,170.2989074707031,166.07675704956054,54.03018898711143,-0.037095677410506234,-0.2709292661117829,30353.902,4.33,4.1,321.5,327.6,20693.1,60.7,250000,4.38,1.72,2025-09-15 21:20:38,169.4546661376953,180.38877868652344,0.0024794379158386676,0.06716472072269201,0.01603343449811163,0.03674061334712662,0.78045046,171.74577344504874,175.246022872417,300.9594286139218
2025-06-05,171.26087623375113,171.999333247985,168.9956372255751,169.4546661376953,25375400,0.0,0.0,GOOG,0.0024794379158386004,169.67022094726562,166.92547683715821,54.62713174450813,-0.15329923954049152,0.3709985034065062,30353.902,4.33,4.1,321.5,327.6,20693.1,60.7,250000,4.38,1.72,2025-09-15 21:20:38,174.55397033691406,177.4014434814453,0.030092438971702096,0.04689618483147944,0.015088230466402482,0.041453592800219506,0.7791036,172.01143719398814,176.4791708658645,301.4773925878435
2025-06-06,171.93945767537895,175.4620697761154,171.93945767537895,174.55397033691406,22258100,0.0,0.0,GOOG,0.030092438971702107,170.0833526611328,167.88197021484376,61.22464223794267,0.08459049873934754,-0.1228473245741939,30353.902,4.33,4.1,321.5,327.6,20693.1,60.7,250000,4.38,1.72,2025-09-15 21:20:38,177.47137451171875,175.0035858154297,0.016713479327761387,0.0025757963433762233,0.016462093901338275,0.03421177605286058,0.81227446,177.42749418745174,180.52577167921825,316.33970163919
2025-06-09,175.71293650196031,177.75610840952234,175.5031325772629,177.47137451171875,18817600,0.21,0.0,GOOG,0.01671347932776146,171.5749298095703,169.05269088745118,64.41285547396748,0.3925119235147596,-0.1545729419851649,30353.902,4.33,4.1,321.5,327.6,20693.1,60.7,250000,4.38,1.72,2025-09-15 21:20:38,179.8492431640625,177.50135803222656,0.013398603909425039,0.00016894848868053723,0.014553481569687807,0.047318858748878874,0.83955616,180.0542008898222,185.86911741420815,326.46857035692665
2025-06-10,177.6012524442818,182.2820814822952,176.3174115528641,179.8492431640625,32908000,0.0,0.0,GOOG,0.013398603909424933,174.07296142578124,170.08284912109374,66.80835592274533,0.692859592082856,0.7487883683360259,30353.902,4.33,4.1,321.5,327.6,20693.1,60.7,250000,4.38,1.72,2025-09-15 21:20:38,178.63034057617188,178.54042053222656,-0.006777357337993993,-0.007277331885361342,0.012694688901848569,0.04107795087210232,0.88558507,182.1323733552632,187.23708153914066,339.1210476991546
2025-06-11,181.06816418757248,181.587704115862,177.84105272420047,178.63034057617188,18994400,0.0,0.0,GOOG,-0.0067773573379940055,175.9919189453125,170.98669967651367,64.41474144354936,0.7415987509010975,-0.42280296584417165,30353.902,4.33,4.1,321.5,327.6,20693.1,60.7,250000,4.38,1.72,2025-09-15 21:20:38,176.8119659423828,181.14808654785156,-0.010179539645526611,0.014094727488951216,0.008868584507449742,0.03279486244754561,0.9571518,180.21453884716618,184.48849802432565,349.6066873400596
2025-06-12,177.32150502104858,177.97093371422645,175.95273331776258,176.8119659423828,17345900,0.0,0.0,GOOG,-0.010179539645526647,177.46337890625,171.5042510986328,60.90881639170848,0.5901324239755752,-0.0867887377332266,30353.902,4.33,4.1,321.5,327.6,20693.1,60.7,250000,4.38,1.72,2025-09-15 21:20:38,175.7229461669922,182.64674377441406,-0.0061591972556059955,0.03299990360342813,0.006404658260307049,0.03149980836940159,0.9947003,177.9443861605768,182.38150898698504,352.6868837392449
2025-06-13,173.4249969901244,178.18374417661255,173.41501140826213,175.7229461669922,20873200,0.0,0.0,GOOG,-0.006159197255605986,177.69717407226562,172.03770370483397,58.843195147456214,0.36632198434563135,0.20335064770349187,30353.902,4.33,4.1,321.5,327.6,20693.1,60.7,250000,4.38,1.72,2025-09-15 21:20:38,177.78109741210938,182.93649291992188,0.011712478592074681,0.04105068182771386,0.009349629915534657,0.03745639714028216,1.0313979,177.365890681321,182.30489462528348,356.9632096830901
2025-06-16,175.74791106095938,178.08581772153445,175.66299550545116,177.78109741210938,18132500,0.0,0.0,GOOG,0.011712478592074582,177.75911865234374,172.57277603149413,61.50055977464053,0.3089103497473613,-0.1313023398424774,30353.902,4.33,4.1,321.5,327.6,20693.1,60.7,250000,4.38,1.72,2025-09-15 21:20:38,177.0717315673828,183.60589599609375,-0.003990108369520307,0.03276388023684021,0.015397884549998492,0.03713570552110876,1.0379516,180.51855022523307,184.383123892825,362.309248706355
2025-06-17,176.84194122313968,178.5554060908411,175.78289022905207,177.0717315673828,17656100,0.0,0.0,GOOG,-0.0039901083695202955,177.2036163330078,173.0504264831543,60.061161765507244,0.18148333079376178,-0.02627326623466153,30353.902,4.33,4.1,321.5,327.6,20693.1,60.7,250000,4.38,1.72,2025-09-15 21:20:38,173.8246307373047,184.53506469726562,-0.018337770808111595,0.0421486426083924,0.009851738764913692,0.030438986325139604,1.0203435,178.8161960094356,182.46161558313116,357.74572936044933
2025-06-18,177.12168687013792,177.66520741745524,172.68564937270733,173.8246307373047,32531800,0.0,0.0,GOOG,-0.01833777080811161,176.2424743652344,173.49295349121093,53.84839850752164,-0.1455139951283333,0.8425246798556874,30353.902,4.33,4.1,321.5,327.6,20693.1,60.7,250000,4.38,1.72,2025-09-15 21:20:38,167.58021545410156,185.77395629882812,-0.03592365050175254,0.0687435693712593,0.006536732905703148,0.04073079739974562,1.0163004,174.96087592086693,180.90464655495146,350.48267940971346
2025-06-20,174.70885376714864,175.2084072749372,166.1215277486504,167.58021545410156,55402600,0.0,0.0,GOOG,-0.0359236505017525,174.39612426757813,173.38675689697266,44.34792831309112,-0.7714063332726204,0.7030290362045752,30353.902,4.33,4.1,321.5,327.6,20693.1,60.7,250000,4.38,1.72,2025-09-15 21:20:38,165.86175537109375,190.9792938232422,-0.010254552295157303,0.13962912212360404,0.005060046577133517,0.09211515280982037,1.0131202,168.4281791497054,183.01689260855875,337.3591125622843
2025-06-23,167.17059840849774,168.32955099660168,163.18415580302408,165.86175537109375,36975600,0.0,0.0,GOOG,-0.01025455229515726,172.42388610839845,173.09883804321288,42.144275102910036,-1.2612358854227392,-0.3326017190528965,30353.902,4.33,4.1,321.5,327.6,20693.1,60.7,250000,4.38,1.72,2025-09-15 21:20:38,167.5902099609375,191.93844604492188,0.010421055691690717,0.15721943021454812,0.009781032352682219,0.10971800114709529,0.95679903,167.48405456645108,184.05977563715865,324.55812207466806
2025-06-24,167.5352511496685,169.09885600930554,166.7609493398623,167.5902099609375,27310300,0.0,0.0,GOOG,0.010421055691690828,170.38570861816407,173.0165916442871,45.09923453069443,-1.4172575912523628,-0.2613967048540118,30353.902,4.33,4.1,321.5,327.6,20693.1,60.7,250000,4.38,1.72,2025-09-15 21:20:38,171.3368682861328,191.33897399902344,0.02235606916459259,0.14170734700804646,0.017687586284874088,0.09136180151368528,0.87675023,170.55447626012173,182.9015534590255,314.52496522219735
2025-06-25,168.49939276403427,173.2051935344053,168.41048297188135,171.3368682861328,23627400,0.0,0.0,GOOG,0.02235606916459254,169.23873596191407,172.90263824462892,50.94762091789266,-1.2238488260772762,-0.1348538829672321,30353.902,4.33,4.1,321.5,327.6,20693.1,60.7,250000,4.38,1.72,2025-09-15 21:20:38,174.27423095703125,193.0274658203125,0.017143786391572408,0.1265962063573869,0.01487628448690028,0.05640739920854208,0.8606266,173.8857242818519,181.0015354146901,318.79393098117544
2025-06-26,173.23016594590123,174.4940357220232,170.70742680723183,174.27423095703125,25909100,0.0,0.0,GOOG,0.017143786391572435,169.3286560058594,172.96548919677736,54.99536517317947,-0.8704205772941378,0.09657008388565824,30353.902,4.33,4.1,321.5,327.6,20693.1,60.7,250000,4.38,1.72,2025-09-15 21:20:38,178.11080932617188,193.9066925048828,0.02201460507426692,0.11265269363140731,0.01530158051908084,0.03842235689122641,0.8399838,176.94090213442115,180.9702576558063,320.66176536338025
2025-06-27,174.47406045255778,178.68029238922279,172.55577684017305,178.11080932617188,74053100,0.0,0.0,GOOG,0.02201460507426689,171.43477478027344,173.2411247253418,59.67583604631325,-0.3758527993981011,1.8581888216881328,30353.902,4.33,4.1,321.5,327.6,20693.1,60.7,250000,4.38,1.72,2025-09-15 21:20:38,177.23159790039062,193.2472686767578,-0.004936317055138199,0.08498338426426859,0.016880893950378027,0.03707796578734371,0.8193718,181.11747900982297,184.71479582072377,324.04978723569
2025-06-30,180.6235705829387,181.41785885338717,175.34328619730314,177.23159790039062,43964600,0.0,0.0,GOOG,-0.004936317055138195,173.7087432861328,173.47828903198243,58.18249642111812,-0.1188416023430574,-0.40630979661891264,30353.902,4.33,4.1,321.5,327.6,20693.1,60.7,250000,4.38,1.72,2025-09-15 21:20:38,176.7520294189453,196.25457763671875,-0.00270588589803746,0.10733401922505714,0.012529872665797304,0.04091627289032771,0.85650265,179.4522872544383,184.48325432487184,329.0309315500963
2025-07-01,176.64711220363492,177.06175016091657,174.50403858767385,176.7520294189453,25778500,0.0,0.0,GOOG,-0.002705885898037441,175.54110717773438,173.81521606445312,57.33963343659191,0.0015759235557848417,-0.4136532573934484,30353.902,4.33,4.2,322.132,328.656,20802.0,61.7,228000,4.39,1.72,2025-09-15 21:20:38,179.59947204589844,197.26368713378906,0.016109815747597404,0.1160476503849703,0.011633063050653362,0.030172562260773618,0.86272705,178.80819692150683,182.08509103130652,329.2407856363334
2025-07-02,176.38734664225254,179.77431882306013,175.93275111969743,179.59947204589844,19325900,0.0,0.0,GOOG,0.0161098157475974,177.1936279296875,174.42723541259767,60.95627072901317,0.2423851815297957,-0.25030936633240874,30353.902,4.33,4.2,322.132,328.656,20802.0,61.7,228000,4.39,1.72,2025-09-15 21:20:38,180.38877868652344,192.68777465820312,0.004394816040568787,0.07287495037268173,0.015322649501325539,0.020606530084876357,0.92667454,182.35141180668083,183.30039396984014,346.0297417573347
2025-07-03,179.65943481772604,180.60858345440707,178.03088546799643,180.38877868652344,13287400,0.0,0.0,GOOG,0.004394816040568683,178.41653747558593,174.99489669799806,61.91999506743538,0.4141321502469151,-0.3124563409724773,30353.902,4.33,4.2,322.132,328.656,20802.0,61.7,228000,4.39,1.72,2025-09-15 21:20:38,177.4014434814453,189.78036499023438,-0.016560537893931117,0.05206302948606065,0.015030693191575023,0.025933903812387683,0.95078444,183.10014707416352,185.0669639218138,351.899623479756
2025-07-07,179.9741410589373,180.1789598314395,176.48226683459202,177.4014434814453,20991400,0.0,0.0,GOOG,-0.016560537893931082,178.27466430664063,175.39223556518556,56.25990416579204,0.2916286035086051,0.5797974020500625,30353.902,4.33,4.2,322.132,328.656,20802.0,61.7,228000,4.39,1.72,2025-09-15 21:20:38,175.0035858154297,195.5751953125,-0.013516562317411022,0.10244421620478814,0.00101341474953837,0.03070301300623858,0.9742714,177.5812247208588,182.84820230798164,350.2385991403735
2025-07-08,178.62034827773374,178.63033385947716,173.76468764691197,175.0035858154297,24108600,0.0,0.0,GOOG,-0.013516562317411052,177.82906188964844,175.41471633911132,52.13999531726664,0.028070771448328813,0.14849890907705054,30353.902,4.33,4.2,322.132,328.656,20802.0,61.7,228000,4.39,1.72,2025-09-15 21:20:38,177.50135803222656,195.1455841064453,0.014272691643194044,0.11509477475655101,0.00508028484899424,0.03704355193624897,0.9950909,175.89265388096746,181.48634023561334,349.1480722828055
2025-07-09,175.95273909172283,180.11901356387378,173.72473469070374,177.50135803222656,31288000,0.0,0.0,GOOG,0.014272691643194113,177.9789276123047,175.4162155151367,55.773187516896904,0.002282666159852731,0.29779414814630467,30353.902,4.33,4.2,322.132,328.656,20802.0,61.7,228000,4.39,1.72,2025-09-15 21:20:38,178.54042053222656,196.74415588378906,0.005853828452463734,0.10840929931403026,0.014271459859255547,0.02550822098304942,0.9707525,180.03456153834682,182.02910189770398,349.81124112751786
2025-07-10,176.512234511381,179.4296251657738,175.5830723051054,178.54042053222656,24693700,0.0,0.0,GOOG,0.0058538284524636275,177.76711730957032,175.35077438354492,57.227811140001826,0.03377922536692157,-0.21076131424188183,30353.902,4.33,4.2,322.132,328.656,20802.0,61.7,228000,4.39,1.72,2025-09-15 21:20:38,181.14808654785156,197.10382080078125,0.014605465853903463,0.10397309591417699,0.014878039517057776,0.027141557474906788,0.9496348,181.19675196429714,183.38628561769602,348.0886153659412
2025-07-11,177.75112886809936,182.44692868840252,177.38245509455163,181.14808654785156,23975700,0.0,0.0,GOOG,0.014605465853903432,177.91897888183593,175.4766616821289,60.719510671726404,0.19955722294810752,-0.02907624211843507,30353.902,4.33,4.2,322.132,328.656,20802.0,61.7,228000,4.39,1.72,2025-09-15 21:20:38,182.64674377441406,201.90953063964844,0.008273105474766463,0.11461034166823833,0.015404978069449154,0.020606530084876357,0.9403125,183.9386688484439,184.88092004311764,351.4838975436596
2025-07-14,181.9074143693571,184.5650273381907,180.5496192082718,182.64674377441406,20990400,0.0,0.0,GOOG,0.008273105474766451,178.9680389404297,175.76840057373047,62.60872276812744,0.36958068672147926,-0.12451356998961449,30353.902,4.33,4.2,322.132,328.656,20802.0,61.7,228000,4.39,1.72,2025-09-15 21:20:38,182.93649291992188,201.449951171875,0.0015863909726509004,0.10294849505055874,0.014647765257446802,0.025933903812387683,0.9547107,185.32211040225872,187.38348685910552,357.0215483886823
2025-07-15,183.77573911870363,185.24442758915293,182.22712026096616,182.93649291992188,23911600,0.0,0.0,GOOG,0.0015863909726510084,180.55462036132812,176.12907791137695,62.97944724610591,0.4553601768875657,0.13916838173641288,30353.902,4.33,4.2,322.132,328.656,20802.0,61.7,228000,4.39,1.72,2025-09-15 21:20:38,183.60589599609375,203.97769165039062,0.003659210174455994,0.11501914349959287,0.014414390835329765,0.02321528021889643,0.9805339,185.5734110269142,187.18341486532003,362.31191448272875
2025-07-16,184.1554078901505,185.16950087616138,182.91650973311008,183.60589599609375,21152600,0.0,0.0,GOOG,0.003659210174455918,181.77552795410156,176.42031784057616,63.87067966757208,0.5070312428163439,-0.1153833285936533,30353.902,4.33,4.2,322.132,328.656,20802.0,61.7,228000,4.39,1.72,2025-09-15 21:20:38,184.53506469726562,202.84869384765625,0.0050606691911007215,0.10480490153743154,0.014647765257446802,0.022231707910348588,1.0095464,186.29531206052772,187.68776864649675,368.96454526798334
2025-07-17,182.95148859796868,185.02162933119868,181.33792526233427,184.53506469726562,21654400,0.0,0.0,GOOG,0.0050606691911008195,182.97445678710938,176.79348449707032,65.12568428812062,0.5500371351281994,0.023722852037101783,30353.902,4.33,4.2,322.132,328.656,20802.0,61.7,228000,4.39,1.72,2025-09-15 21:20:38,185.77395629882812,203.63800048828125,0.006713583695298953,0.10351927327391391,0.013164407356248771,0.019748239344381857,1.031266,186.96435946045213,188.17930732233825,374.8397979377114
2025-07-18,186.45334173485833,187.19268639627012,184.56503013215195,185.77395629882812,21033400,0.0,0.0,GOOG,0.0067135836952989525,183.89963073730468,177.39095077514648,66.78250614955766,0.6038695705921038,-0.028677774493867325,30353.902,4.33,4.2,322.132,328.656,20802.0,61.7,228000,4.39,1.72,2025-09-15 21:20:38,190.9792938232422,204.72702026367188,0.02801973768616402,0.1020221797632207,0.013073172125952824,0.019834153117948797,1.0617961,188.20261120604192,189.45862539338623,383.02803499245783
2025-07-21,186.9329227356617,191.08919620124823,186.88296433744753,190.9792938232422,24665000,0.0,0.0,GOOG,0.028019737686163948,185.5661407470703,178.5609046936035,72.65974067164225,0.9134188598917214,0.17265872374414037,30353.902,4.33,4.2,322.132,328.656,20802.0,61.7,228000,4.39,1.72,2025-09-15 21:20:38,191.93844604492188,204.10755920410156,0.005022283842809763,0.0687418259751763,0.013069363216263376,0.018855869992446303,1.0857147,193.4752715810036,194.58037455882246,398.3283428763316
2025-07-22,192.2481667751554,193.18732979274287,188.32666875796485,191.93844604492188,26212900,0.0,0.0,GOOG,0.005022283842809783,187.3665313720703,179.86473922729493,73.58709489440095,1.09395594136106,0.06275694303669166,30353.902,4.33,4.2,322.132,328.656,20802.0,61.7,228000,4.39,1.72,2025-09-15 21:20:38,191.33897399902344,202.30918884277344,-0.003123251533244857,0.05403160758853055,0.012592989210435595,0.017289893648842005,1.1058191,194.35552482503334,195.25704136416255,404.18766975776816
2025-07-23,192.1882210378446,193.18732802696937,190.010159874068,191.33897399902344,34068100,0.0,0.0,GOOG,-0.0031232515332448862,188.91314697265625,181.05217742919922,71.94458786877709,1.082205511808911,0.29966924682122165,30353.902,4.33,4.2,322.132,328.656,20802.0,61.7,228000,4.39,1.72,2025-09-15 21:20:38,193.0274658203125,200.01123046875,0.008824609989273174,0.04532404605540962,0.006201522178389668,0.009093832566099708,1.1309483,192.5255668898687,193.07897859193986,407.73346234853307
2025-07-24,197.9330847594232,198.79231737351353,191.77858209315576,193.0274658203125,45252100,0.0,0.0,GOOG,0.008824609989273258,190.61162719726562,182.1367073059082,73.72362778164998,1.0940949161445035,0.32828364364317353,30353.902,4.33,4.2,322.132,328.656,20802.0,61.7,228000,4.39,1.72,2025-09-15 21:20:38,193.9066925048828,200.4408416748047,0.00455493046460433,0.03840580832881695,0.012359614788318554,0.008255870943833446,1.1726307,195.41321094141688,194.6210756667402,419.3774149576784
2025-07-25,192.75771028339912,195.10061746773786,191.95843686256575,193.9066925048828,31101800,0.0,0.0,GOOG,0.004554930464604423,192.23817443847656,183.1183303833008,74.62591742031933,1.0660389740986522,-0.31269930014297675,30353.902,4.33,4.2,322.132,328.656,20802.0,61.7,228000,4.39,1.72,2025-09-15 21:20:38,193.2472686767578,206.535400390625,-0.003400727533467649,0.06512775666793544,0.011645221326098167,0.008255870943833446,1.1910864,196.16477885571385,195.5075611333487,424.86629592625104
2025-07-28,194.23639006720387,194.6460275845246,191.68366382649796,193.2472686767578,25553500,0.0,0.0,GOOG,-0.0034007275334676512,192.6917694091797,183.8751533508301,72.61201911066053,0.9137940020415662,-0.17839160434444312,30353.902,4.33,4.2,322.132,328.656,20802.0,61.7,228000,4.39,1.72,2025-09-15 21:20:38,196.25457763671875,208.9732208251953,0.015561973944331519,0.08137735791103001,0.006681410054857275,0.02603813791612132,1.2062545,194.53843292076843,198.279067710477,426.35265270439413
2025-07-29,193.1273831421187,196.4843832196581,192.817662416167,196.25457763671875,31891600,0.0,0.0,GOOG,0.015561973944331564,193.55499572753905,184.8263023376465,75.81719992864593,0.9236102839300289,0.2480325591406265,30353.902,4.33,4.2,322.132,328.656,20802.0,61.7,228000,4.39,1.72,2025-09-15 21:20:38,197.26368713378906,207.76429748535156,0.0051418392845758035,0.05864688603563748,0.013163150867479257,0.025710757058528273,1.2323892,198.8379062505843,201.3004314039605,438.11660185405344
2025-07-30,196.12470577159496,198.30275169861974,195.3853611085289,197.26368713378906,21150500,0.0,0.0,GOOG,0.0051418392845759,194.73993835449218,185.85188522338868,76.79839525620223,0.9048633181984291,-0.336800285968719,30353.902,4.33,4.2,322.132,328.656,20802.0,61.7,228000,4.39,1.72,2025-09-15 21:20:38,192.68777465820312,208.02407836914062,-0.023196932705016517,0.05454826172874687,0.013659016214482466,0.025710757058528273,1.2397548,199.9581150348781,202.33548587015542,441.822265824434
2025-07-31,196.4244402882278,196.65423062723093,191.90847242579005,192.68777465820312,27852000,0.0,0.0,GOOG,-0.02319693270501655,194.6720001220703,186.5063003540039,64.09799446861983,0.5107107879397681,0.31684830145859433,30353.902,4.33,4.2,322.132,328.656,20802.0,61.7,228000,4.39,1.72,2025-09-15 21:20:38,189.78036499023438,212.1803436279297,-0.0150887085240671,0.10116142035634186,0.003907322908980999,0.02863664530816928,1.246338,193.4406680144057,198.20570611631052,432.84184927493334
2025-08-01,189.6105186355703,191.44687467641603,188.5314812837375,189.78036499023438,21236700,0.0,0.0,GOOG,-0.015088708524067074,193.84673461914062,186.97587966918945,57.58220859225051,0.007239387655689988,-0.237516156828953,30353.902,4.33,4.3,323.364,329.793,20802.0,61.7,227000,4.26,1.72,2025-09-15 21:20:38,195.5751953125,213.3393096923828,0.030534403928266302,0.12413794600595653,0.003122938745488249,0.0222184998503128,1.2726815,190.37303744519528,193.9970000013622,431.31031977239036
2025-08-04,191.00428383507187,195.9049024520249,190.74950667153828,195.5751953125,23386000,0.0,0.0,GOOG,0.03053440392826623,194.31231994628905,187.8845672607422,65.17975501064525,0.01698196637662619,0.10120687300757658,30353.902,4.33,4.3,323.364,329.793,20802.0,61.7,227000,4.26,1.72,2025-09-15 21:20:38,195.1455841064453,211.8007049560547,-0.002196654874194209,0.0829630241075753,0.01799454291527125,0.020747343324033832,1.2032961,199.09448155771335,199.63286103531343,430.91008162265643
2025-08-05,195.37037403152394,198.5225553573162,194.5011558308944,195.1455841064453,19010200,0.0,0.0,GOOG,-0.0021966548741941816,194.09052124023438,188.89166717529298,64.26080678348771,-0.049381619788022135,-0.1871119473189088,30353.902,4.33,4.3,323.364,329.793,20802.0,61.7,227000,4.26,1.72,2025-09-15 21:20:38,196.74415588378906,230.8936309814453,0.008191688193527264,0.18318655294552116,0.007525344734652702,0.02389851519195383,1.1363058,196.61412190029145,199.80927381285588,416.8906449313945
2025-08-06,195.0756489615275,197.20375182865104,194.2933433951165,196.74415588378906,15383700,0.0,0.0,GOOG,0.008191688193527336,193.9866149902344,189.8538070678711,66.17196363977203,-0.03042173633853107,-0.19076600982630376,30353.902,4.33,4.3,323.364,329.793,20802.0,61.7,227000,4.26,1.72,2025-09-15 21:20:38,197.10382080078125,232.45223999023438,0.0018280843737215294,0.18149501796402542,0.012505966334378836,0.020747343324033832,1.1004231,199.2046316737575,200.8260744329073,413.2459693381861
2025-08-07,197.53344472313984,198.19284373359994,195.04566289247066,197.10382080078125,14660600,0.0,0.0,GOOG,0.0018280843737215058,194.86982421875,190.78197708129883,66.60466475573273,-0.03797146776985816,-0.04700429675565698,30353.902,4.33,4.3,323.364,329.793,20802.0,61.7,227000,4.26,1.72,2025-09-15 21:20:38,201.90953063964844,234.95999145507812,0.024381616852189095,0.1920620843395991,0.012505966334378836,0.020747343324033832,1.0850081,199.56879454809325,201.19320144141392,410.96307165778126
2025-08-08,197.80320024624658,203.24833036524188,197.72326985656238,201.90953063964844,24379900,0.0,0.0,GOOG,0.024381616852189092,197.2956573486328,191.82004928588867,71.79586884738558,0.222081601963378,0.6629537672400856,30353.902,4.33,4.3,323.364,329.793,20802.0,61.7,227000,4.26,1.72,2025-09-15 21:20:38,201.449951171875,234.16000366210938,-0.0022761653019423697,0.15972734382716652,0.01210994695037877,0.032046001278659905,1.0871913,204.35464434447044,208.37992371670023,421.42382448235367
2025-08-11,201.37500595004394,201.97947666721265,199.6215835153614,201.449951171875,16690200,0.0,0.0,GOOG,-0.002276165301942412,198.47060852050782,192.7602096557617,70.6645842862388,0.2997058797387888,-0.31541146600273173,30353.902,4.33,4.3,323.364,329.793,20802.0,61.7,227000,4.26,1.72,2025-09-15 21:20:38,203.97769165039062,239.94000244140625,0.012547734381722353,0.19106508115602341,0.007155573219281443,0.03271370458061317,1.0972598,202.89144104750602,208.04012536229067,422.4928762271884
2025-08-12,201.91453322711988,204.9468266736469,201.2201465346662,203.97769165039062,19854000,0.0,0.0,GOOG,0.012547734381722409,200.23703002929688,193.81226959228516,73.16878583175773,0.44887882176292937,0.18956034079879203,30353.902,4.33,4.3,323.364,329.793,20802.0,61.7,227000,4.26,1.72,2025-09-15 21:20:38,202.84869384765625,239.55999755859375,-0.005534908222559116,0.1744421442379578,0.012989319782715586,0.02561775361307511,1.1049035,206.6272231157777,209.20314189765412,429.35334882571624
2025-08-13,204.79694945685728,205.24654455972473,198.46261470892654,202.84869384765625,19573000,0.0,0.0,GOOG,-0.005534908222559087,201.45793762207032,194.77440948486327,70.28294559853475,0.40068960835702505,-0.014153319230381767,30353.902,4.33,4.3,323.364,329.793,20802.0,61.7,227000,4.26,1.72,2025-09-15 21:20:38,203.63800048828125,240.77999877929688,0.0038911102933587845,0.18699309427216648,0.006772645285153222,0.03231136094603768,1.1346918,204.22251609764308,209.40301121200017,433.019426203944
2025-08-14,202.37911588398708,205.2365625759638,202.14432512407217,203.63800048828125,17777100,0.0,0.0,GOOG,0.003891110293358757,202.7647735595703,195.72955627441405,71.13994579458483,0.3528322330611431,-0.09175394676339854,30353.902,4.33,4.3,323.364,329.793,20802.0,61.7,227000,4.26,1.72,2025-09-15 21:20:38,204.72702026367188,241.3800048828125,0.005347821982043547,0.1853387103783863,0.01293073789508211,0.032046001278659905,1.1539903,206.2711900980738,210.16378411231244,438.6342713907652
2025-08-15,204.53718749330082,207.14485738883576,201.9045460206804,204.72702026367188,21111400,0.0,0.0,GOOG,0.005347821982043532,203.328271484375,196.67720947265624,72.32578332654967,0.3260144262039093,0.18756152578317042,30353.902,4.33,4.3,323.364,329.793,20802.0,61.7,227000,4.26,1.72,2025-09-15 21:20:38,204.10755920410156,251.75999450683594,-0.0030257904343671716,0.2297350598010433,0.01269736347296507,0.032046001278659905,1.1542028,207.3265136526968,211.28770261681774,441.02354855633166
2025-08-18,204.88687667774633,205.95591322393057,203.22835542424343,204.10755920410156,13000200,0.0,0.0,GOOG,-0.003025790434367126,203.85979309082032,197.33362274169923,70.55000789040014,0.2040153386018888,-0.3842094792387052,30353.902,4.33,4.3,323.364,329.793,20802.0,61.7,227000,4.26,1.72,2025-09-15 21:20:38,202.30918884277344,251.75999450683594,-0.008810895433469995,0.2297350598010433,0.007620829721533275,0.03271370458061317,1.1627643,205.66302815767378,210.78467359857456,441.43654461863844
2025-08-19,203.72291858829,204.10756930819693,200.75056906348905,202.30918884277344,13476600,0.0,0.0,GOOG,-0.008810895433470023,203.52609252929688,197.8521598815918,65.52053854572168,-0.04694636775293759,0.03664559006784507,30353.902,4.33,4.3,323.364,329.793,20802.0,61.7,227000,4.26,1.72,2025-09-15 21:20:38,200.01123046875,251.75999450683594,-0.01135864558188367,0.2297350598010433,0.003804696354437907,0.03443775816012893,1.1764244,203.0789138760328,209.27626376171273,440.3106758455033
2025-08-20,201.49989012472352,201.9894580373513,197.28367265876727,200.01123046875,13971700,0.0,0.0,GOOG,-0.011358645581883708,202.95859985351564,198.28577270507813,59.667140867278256,-0.3973590573523893,0.036737752845673155,30353.902,4.33,4.3,323.364,329.793,20802.0,61.7,227000,4.26,1.72,2025-09-15 21:20:38,200.4408416748047,251.75999450683594,0.0021479354186654557,0.2297350598010433,0.005699669226923342,0.040333535477600956,1.1788026,201.15122832409182,208.07839052877992,435.784967020154
2025-08-21,200.54075847297617,203.17840034597594,200.22103691495778,200.4408416748047,11768900,0.0,0.0,GOOG,0.0021479354186655364,202.3191680908203,198.65644149780275,60.379773415971904,-0.6167637041756509,-0.15766155872227428,30353.902,4.33,4.3,323.364,329.793,20802.0,61.7,227000,4.26,1.72,2025-09-15 21:20:38,206.535400390625,251.75999450683594,0.030405772919813057,0.2297350598010433,0.013989324235576866,0.040399716178057016,1.1438974,203.24487359904546,208.53859478895765,429.7246260625907
2025-08-22,203.7778705571345,209.0431534739571,201.94950291655513,206.535400390625,25723700,0.0,0.0,GOOG,0.030405772919813057,202.68084411621095,199.28787689208986,68.80135598943988,-0.3796240487356144,1.1857352853707654,30353.902,4.33,4.3,323.364,329.793,20802.0,61.7,227000,4.26,1.72,2025-09-15 21:20:38,208.9732208251953,251.75999450683594,0.011803402370536037,0.2297350598010433,0.028801639730687556,0.03791624761209028,1.0868375,212.4839585843091,214.36644777249813,431.0058248368441
2025-08-25,206.8151460768586,210.90148999026277,205.7660806926536,208.9732208251953,22788800,0.0,0.0,GOOG,0.01180340237053601,203.6539764404297,200.0741744995117,71.41838011624716,-0.10126177626768307,-0.11409322920108689,30353.902,4.33,4.3,323.364,329.793,20802.0,61.7,227000,4.26,1.72,2025-09-15 21:20:38,207.76429748535156,251.75999450683594,-0.0057850634405209565,0.2297350598010433,0.012564253182962688,0.03220778813169534,1.0724134,211.59881328010223,215.70378604673118,433.0789123825816
2025-08-26,208.18392059569848,208.2738518119723,206.26563698618554,207.76429748535156,23051000,0.0,0.0,GOOG,-0.005785063440520988,204.7449981689453,200.64966049194337,68.35619379108326,-0.04415004850948723,0.011505651899178515,30353.902,4.33,4.3,323.364,329.793,20802.0,61.7,227000,4.26,1.72,2025-09-15 21:20:38,208.02407836914062,251.75999450683594,0.0012503634499925493,0.2297350598010433,0.00634787372444995,0.03443775816012893,1.0636256,209.08315901023764,214.91923411646118,428.7477176781722
2025-08-27,206.2756410923181,209.3828645197921,206.20569628356685,208.02407836914062,15249000,0.0,0.0,GOOG,0.0012503634499925198,206.34756774902343,201.18768005371095,68.6670900235904,-0.03487786769916923,-0.33846687779272044,30353.902,4.33,4.3,323.364,329.793,20802.0,61.7,227000,4.26,1.72,2025-09-15 21:20:38,212.1803436279297,251.75999450683594,0.019979731631901438,0.2297350598010433,0.012888894268507057,0.03377005485817566,1.096741,210.7052787205441,215.04906290748792,436.1726060064175
2025-08-28,207.6543902459798,212.70986910562976,207.4146143286289,212.1803436279297,20915700,0.0,0.0,GOOG,0.019979731631901476,208.69546813964843,202.16230850219728,73.20326121658641,0.1926673724806589,0.3716112531969309,30353.902,4.33,4.3,323.364,329.793,20802.0,61.7,227000,4.26,1.72,2025-09-15 21:20:38,213.3393096923828,251.75999450683594,0.005462174509837905,0.2297350598010433,0.013006015947966644,0.033873420506479256,1.1034949,214.93996456099956,219.3676176308478,446.3202670061837
2025-08-29,211.08133343259135,215.14769086553312,210.78159829310974,213.3393096923828,24682200,0.0,0.0,GOOG,0.0054621745098379915,210.05625,203.3402557373047,74.31971485398185,0.35337387987099333,0.18008003557136498,30353.902,4.33,4.3,323.364,329.793,20802.0,61.7,227000,4.26,1.72,2025-09-15 21:20:38,211.8007049560547,251.75999450683594,-0.007212007663035295,0.2297350598010433,0.01136666765449942,0.029021667350056495,1.1212224,215.76426672329646,219.53077217096583,452.5401430075726
2025-09-02,208.80338386353435,212.17936432543956,206.77519781054198,211.8007049560547,28900100,0.0,0.0,GOOG,-0.007212007663035314,210.6217468261719,204.15153121948242,70.1416447348551,0.2908045867169964,0.17088833248251767,30353.902,4.33,4.3,323.364,329.793,20802.0,61.7,263000,4.26,1.72,2025-09-15 21:20:38,230.8936309814453,251.75999450683594,0.09014571518707695,0.2297350598010433,0.0029067617778020765,0.0392365730884873,1.1400993,212.41635914973247,220.11103879625608,453.2745376695566
2025-09-03,226.27774633104264,231.59300282388122,224.91896021781164,230.8936309814453,72250300,0.0,0.0,GOOG,0.09014571518707704,215.24761352539062,205.9389335632324,82.95055265879456,1.4075636248091037,1.5000017300978197,30353.902,4.33,4.3,323.364,329.793,20802.0,61.7,263000,4.26,1.72,2025-09-15 21:20:38,232.45223999023438,251.75999450683594,0.006750333485440804,0.2297350598010433,0.026139297968256474,0.02716547878666676,1.1585429,236.92902840064195,237.16596701584825,498.3938012240287
2025-09-04,229.94947205835598,232.56214237085004,226.55749949973745,232.45223999023438,32196000,0.0,0.0,GOOG,0.006750333485440851,220.13324584960938,207.72433776855468,83.57017701766483,2.0827531885466355,-0.5543824731523606,30353.902,4.33,4.3,323.364,329.793,20802.0,61.7,263000,4.26,1.72,2025-09-15 21:20:38,234.95999145507812,251.75999450683594,0.010788243920338664,0.2297350598010433,-0.01523277338552933,0.02643518605229366,1.1363627,228.91134769550447,238.59715820264861,496.60226079307904
2025-09-05,232.4522383723282,235.9191408833356,232.17248963182874,234.95999145507812,26127700,0.0,0.0,GOOG,0.010788243920338614,224.68917541503907,209.61714630126954,84.54350917307733,2.50160604611324,-0.1884799353957013,30353.902,4.33,4.3,323.364,329.793,20802.0,61.7,263000,4.26,1.72,2025-09-15 21:20:38,234.16000366210938,251.75999450683594,-0.0034047830356756684,0.2297350598010433,-0.018319874281063603,0.01163895398442588,1.0924622,230.6555539505413,237.6946799838049,491.64486840394966
2025-09-08,235.7899932861328,238.39999389648438,233.72999572753906,234.16000366210938,23128800,0.21,0.0,GOOG,-0.003404783035675707,228.8533142089844,211.22966995239258,82.85718177884266,2.5210412052504587,-0.11477856833934863,30353.902,4.33,4.3,323.364,329.793,20802.0,61.7,263000,4.26,1.72,2025-09-15 21:20:38,239.94000244140625,251.75999450683594,0.024683971168865188,0.2297350598010433,-0.015509186286323617,0.017995371224352668,1.1236204,230.5283725445075,238.37379985390479,497.2669864222553
2025-09-09,234.19000244140625,240.58999633789062,233.3800048828125,239.94000244140625,22854800,0.0,0.0,GOOG,0.024683971168865115,234.48117370605468,213.15417251586913,85.16029809428309,2.703283673994374,-0.011846701947355709,30353.902,4.33,4.3,323.364,329.793,20802.0,61.7,263000,4.26,1.72,2025-09-15 21:20:38,239.55999755859375,251.75999450683594,-0.0015837495996746012,0.2297350598010433,-0.01196832989109028,0.004421976707106178,1.1595626,237.0683213381185,241.00101154330514,518.1654525742342
2025-09-10,239.25,242.0800018310547,238.11000061035156,239.55999755859375,19990100,0.0,0.0,GOOG,-0.0015837495996745554,236.21444702148438,214.93328781127929,84.35787138096818,2.578738785809943,-0.12534347270595236,30353.902,4.33,4.3,323.364,329.793,20802.0,61.7,263000,4.26,1.72,2025-09-15 21:20:38,240.77999877929688,251.75999450683594,0.0050926750423126305,0.2297350598010433,-0.021604183052332707,0.017831135227381088,1.1606295,234.3844995193215,243.8316242701321,517.6004003513226
2025-09-11,240.13999938964844,242.57000732421875,236.5800018310547,240.77999877929688,21308600,0.0,0.0,GOOG,0.005092675042312589,237.87999877929687,216.82985305786133,84.8513825381553,2.3646655589031713,0.06595764903627299,30353.902,4.33,4.3,323.364,329.793,20802.0,61.7,263000,4.26,1.72,2025-09-15 21:20:38,241.3800048828125,251.75999450683594,0.0024919266822723135,0.2297350598010433,-0.018611830590814116,0.0027969727885489575,1.1629837,236.29864223236018,241.45345388390945,520.8032020343599
2025-09-12,240.8000030517578,242.42300415039062,238.5,241.3800048828125,14521900,0.0,0.0,GOOG,0.002491926682272272,239.16400146484375,218.7169532775879,85.10035827981386,2.0607435849423847,-0.31849581858967746,30353.902,4.33,4.3,323.364,329.793,20802.0,61.7,263000,4.26,1.72,2025-09-15 21:20:38,251.75999450683594,251.75999450683594,0.043002690421946155,0.2297350598010433,-0.012048636930556312,0.009587663533803664,1.1758026,238.47170484168356,243.6942751534168,525.1952682019328
2025-09-15,245.52999877929688,252.74989318847656,245.0,251.75999450683594,29550291,0.0,0.0,GOOG,0.043002690421946266,242.68399963378906,221.0686019897461,88.59316854686215,2.335877098048318,1.0348777363843573,30353.902,4.33,4.3,323.364,329.793,20802.0,61.7,263000,4.26,1.72,2025-09-15 21:20:38,251.75999450683594,251.75999450683594,0.043002690421946155,0.2297350598010433,-0.004038871287380444,0.0155400275971887,1.1889852,250.74316829371122,255.67235176934022,551.0989391245312
2025-05-01,160.11279406942978,161.60964165853642,158.5760372443709,160.9610137939453,30203200,0.0,0.0,GOOGL,0.01574310476064844,160.22854919433593,154.32049179077148,53.52020210390156,1.5494227905606084,-0.13658518457109692,30353.902,4.33,4.2,320.58,326.854,20617.5,52.2,229000,4.42,1.72,2025-09-15 21:20:38,163.68527221679688,171.37905883789062,0.01692495815377399,0.06472402725595405,0.02809726825662298,0.07506771247226482,0.2984776,165.4835785773718,173.04398889667343,209.00427888267586
2025-05-02,163.0665800855699,164.62329914267073,161.5298080330937,163.68527221679688,25715000,0.0,0.0,GOOGL,0.01692495815377404,160.6416809082031,154.98459396362304,56.53702881737142,1.662184449012713,-0.14860014832865387,30353.902,4.33,4.2,320.58,326.854,20617.5,52.2,229000,4.42,1.72,2025-09-15 21:20:38,163.86488342285156,168.6747589111328,0.0010972960708205753,0.03048219688163204,0.02809726825662298,0.0655944478359248,0.30648154,168.28438121993057,174.4221172667307,213.85179631076608
2025-05-05,162.6574198030844,165.04239608560687,162.3780095025418,163.86488342285156,21341800,0.0,0.0,GOOGL,0.0010972960708206525,161.36016845703125,155.91313781738282,56.73640740922694,1.6721385859401492,-0.17006416488430875,30353.902,4.33,4.2,320.58,326.854,20617.5,52.2,229000,4.42,1.72,2025-09-15 21:20:38,162.88694763183594,165.8307342529297,-0.005967939991706901,0.011996779230637647,0.021633633463595883,0.0655944478359248,0.31488907,167.40987624837638,174.61350997067169,215.4641447220656
2025-05-06,161.82917778967573,164.45365539079762,160.8512416447926,162.88694763183594,21277200,0.0,0.0,GOOGL,-0.005967939991706861,161.9728759765625,156.73540573120118,55.250282842702774,1.5394500605940857,-0.003026923689660621,30353.902,4.33,4.2,320.58,326.854,20617.5,52.2,229000,4.42,1.72,2025-09-15 21:20:38,151.06185913085938,167.6968231201172,-0.07259690646118641,0.02952891903378739,0.01547554085366699,0.06924174834013005,0.34640032,165.40771124444154,174.16552466765145,219.31102879282844
2025-05-07,163.73516530126716,164.6532299684301,147.52929039730043,151.06185913085938,127490100,0.0,0.0,GOOGL,-0.07259690646118644,160.49199523925782,157.0687042236328,41.19796685676772,0.6285629666286077,4.991864531047319,30353.902,4.33,4.2,320.58,326.854,20617.5,52.2,229000,4.42,1.72,2025-09-15 21:20:38,153.95574951171875,167.8564910888672,0.019156989047463685,0.11117718300725556,-0.02653291992404222,0.11078841824903757,0.40752336,147.05374691896333,167.7977635617262,212.62310061207245
2025-05-08,154.6742375105505,155.60227562678833,152.57864497617126,153.95574951171875,57498700,0.0,0.0,GOOGL,0.019156989047463657,159.0909423828125,156.84766845703126,44.89191728268693,0.21556451657345466,-0.548994784693086,30353.902,4.33,4.2,320.58,326.854,20617.5,52.2,229000,4.42,1.72,2025-09-15 21:20:38,152.42898559570312,173.3149871826172,-0.009916900933273761,0.12574546733264325,0.039548768273472104,0.11514585869142215,0.54083353,160.04450977352644,171.68311648972713,237.2201722401078
2025-05-09,153.84599954293776,154.7241550362692,151.880138412371,152.42898559570312,32435300,0.0,0.0,GOOGL,-0.009916900933273798,156.83968505859374,156.84417648315429,43.344844781925985,-0.14632406089475292,-0.43589507241033276,30353.902,4.33,4.2,320.58,326.854,20617.5,52.2,229000,4.42,1.72,2025-09-15 21:20:38,158.12698364257812,175.93264770507812,0.03738132891593305,0.15419417781677838,0.03388592612728556,0.1160033392067146,0.3654573,157.59418294125618,170.11125691669687,208.135270560153
2025-05-12,157.15902099799507,158.7656379952877,155.92162152792991,158.12698364257812,44138800,0.0,0.0,GOOGL,0.03738132891593304,155.69210510253907,156.91003875732423,50.23740577284362,0.004193769078690512,0.3608260136332946,30353.902,4.33,4.2,320.58,326.854,20617.5,52.2,229000,4.42,1.72,2025-09-15 21:20:38,159.19473266601562,178.44041442871094,0.006752478285749024,0.12846277288162417,0.030865523243505166,0.06189011146313344,0.38097993,163.00765573162346,167.91348028554634,218.37018536096366
2025-05-13,158.45628235850566,160.23255554287942,155.83181988552568,159.19473266601562,42382100,0.0,0.0,GOOGL,0.006752478285749097,154.953662109375,156.93299102783203,51.42986105086621,0.17248638089084323,-0.03979945082331193,30353.902,4.33,4.2,320.58,326.854,20617.5,52.2,229000,4.42,1.72,2025-09-15 21:20:38,165.02244567871094,177.1915283203125,0.03660744872081684,0.11304893920110695,0.0366963300061393,0.06006953784894286,0.36287034,165.03659511116686,168.7574866852492,216.96177873092893
2025-05-14,159.6238271640479,166.64902486582008,159.27455664998826,165.02244567871094,48755900,0.0,0.0,GOOGL,0.03660744872081678,157.74577941894532,157.38503875732422,57.42630875656617,0.6464743551013596,0.15038896137756264,30353.902,4.33,4.2,320.58,326.854,20617.5,52.2,229000,4.42,1.72,2025-09-15 21:20:38,163.61541748046875,175.54299926757812,-0.008526283757674936,0.0637522583403599,0.030943283563562407,0.06340880180296204,0.3890953,170.12878200969985,175.4863212297924,229.23190474236617
2025-05-15,165.49145599350894,165.8606887311189,162.02874755770196,163.61541748046875,33146700,0.0,0.0,GOOGL,-0.008526283757674946,159.6777130126953,157.91542129516603,55.64022065935246,0.824041299092754,-0.3201499715931816,30353.902,4.33,4.2,320.58,326.854,20617.5,52.2,229000,4.42,1.72,2025-09-15 21:20:38,165.84072875976562,174.513916015625,0.013600865453663723,0.06661046191724099,0.020405575441161637,0.07041002378553786,0.39225435,166.95408422520362,175.13558291694926,227.79427713467157
2025-05-16,167.3774855147182,168.99409119137468,165.27191939302787,165.84072875976562,42846900,0.0,0.0,GOOGL,0.01360086545366368,162.3600616455078,158.66534194946288,57.87192296405805,1.0364381941951468,0.29264451664871616,30353.902,4.33,4.2,320.58,326.854,20617.5,52.2,229000,4.42,1.72,2025-09-15 21:20:38,166.1899871826172,176.61204528808594,0.0021059870241977347,0.06494976601268726,0.027863893834505937,0.063331595975622,0.44417644,170.46169721936482,176.34368678988182,239.5032725161218
2025-05-19,164.16425471766837,166.2897831099107,163.87487089127026,166.1899871826172,30426100,0.0,0.0,GOOGL,0.0021059870241977308,163.97266235351563,159.6068588256836,58.22713035861309,1.1374440688838643,-0.28988794988668953,30353.902,4.33,4.2,320.58,326.854,20617.5,52.2,229000,4.42,1.72,2025-09-15 21:20:38,163.63536071777344,175.7927703857422,-0.015371723099277992,0.05778196006822614,0.021146045838622965,0.063331595975622,0.4569824,169.704248269501,176.7150643060605,242.13588209214868
2025-05-20,166.08020853353494,168.1458653454169,162.55762871505934,163.63536071777344,46607700,0.0,0.0,GOOGL,-0.015371723099278034,164.86078796386718,160.2310432434082,54.60074359121303,0.9754257004820814,0.531832867176536,30353.902,4.33,4.2,320.58,326.854,20617.5,52.2,229000,4.42,1.72,2025-09-15 21:20:38,168.20574951171875,173.16513061523438,0.02793032492425639,0.05823783964333481,0.006478698123434774,0.06843304773070373,0.47802407,164.69550482218327,174.83342716820377,241.85699135332106
2025-05-21,163.34598924433868,172.77612594690945,163.21625758160502,168.20574951171875,73416000,0.0,0.0,GOOGL,0.0279303249242564,165.49744873046876,160.89015502929686,59.46472874296612,1.1095207387332073,0.575190365540458,30353.902,4.33,4.2,320.58,326.854,20617.5,52.2,229000,4.42,1.72,2025-09-15 21:20:38,170.51087951660156,166.4910888671875,0.013704228372539764,-0.010193828983305895,0.026356470232820856,0.06140919925006034,0.53344554,172.6390593417137,178.53512989848963,257.93436592751823
2025-05-22,171.48883082455436,176.3984886871392,170.3512273591593,170.51087951660156,74864400,0.0,0.0,GOOGL,0.013704228372539706,166.8765411376953,161.46843643188475,61.693875578715854,1.2750920940607764,0.01972866949983665,30353.902,4.33,4.2,320.58,326.854,20617.5,52.2,229000,4.42,1.72,2025-09-15 21:20:38,168.11593627929688,165.04238891601562,-0.014045691653778064,-0.03207121220703987,0.027873714520577776,0.05455369663566613,0.4833804,175.26365109489996,179.81287831083085,252.93250295307553
2025-05-23,168.70469265151235,169.60281030274047,167.5371534089642,168.11593627929688,35211400,0.0,0.0,GOOGL,-0.014045691653778114,167.33158264160156,161.79325256347656,58.11785775278988,1.1488587841990312,-0.5296642997205614,30353.902,4.33,4.2,320.58,326.854,20617.5,52.2,229000,4.42,1.72,2025-09-15 21:20:38,172.53662109375,166.62098693847656,0.026295453674950165,-0.008892371383143005,-0.0024056984249256853,0.06416955759788827,0.5140483,167.71150003618487,178.90386153549412,254.5356539042914
2025-05-27,169.80238932071725,172.80605791558804,169.6427219280191,172.53662109375,37995700,0.0,0.0,GOOGL,0.02629545367495023,168.6009094238281,162.4064613342285,62.445028825711816,1.2786843002399078,0.0790738226824268,30353.902,4.33,4.2,320.58,326.854,20617.5,52.2,229000,4.42,1.72,2025-09-15 21:20:38,171.9977569580078,170.52748107910156,-0.0031231870215505655,-0.011644716361732536,0.028741507316512455,0.03582091821466983,0.57390475,177.49558365128235,178.71704128698468,271.5562079596566
2025-05-28,172.79607866823434,174.90164475593082,171.5487057543554,171.9977569580078,34784000,0.0,0.0,GOOGL,-0.0031231870215505664,170.273388671875,163.01517868041992,61.609431975880334,1.2427756518330781,-0.08452798606158063,30353.902,4.33,4.2,320.58,326.854,20617.5,52.2,229000,4.42,1.72,2025-09-15 21:20:38,171.49880981445312,173.38491821289062,-0.0029008933161640145,0.008064996191906615,0.01484037214633437,0.06547602657607106,0.5564561,174.55026767959941,183.25948666361492,267.7069561150347
2025-05-29,173.63431165912297,174.0534271359213,170.27139911620654,171.49880981445312,29317300,0.0,0.0,GOOGL,-0.002900893316164055,170.93200073242187,163.66680603027345,60.79819165206359,1.104585302730328,-0.1571613385464582,30353.902,4.33,4.2,320.58,326.854,20617.5,52.2,229000,4.42,1.72,2025-09-15 21:20:38,171.37905883789062,178.37046813964844,-0.0006982612689386019,0.04006825664055542,0.008872626299445378,0.06547602657607106,0.6093958,173.02045466473643,182.7278704436288,276.00945434485766
2025-05-30,170.98987911151661,171.84807225515158,167.08809311971586,171.37905883789062,52639900,0.0,0.0,GOOGL,-0.0006982612689385714,171.1056365966797,164.1877082824707,60.59197362374013,0.9312127717723566,0.7955234622560741,30353.902,4.33,4.2,320.58,326.854,20617.5,52.2,229000,4.42,1.72,2025-09-15 21:20:38,168.6747589111328,176.07252502441406,-0.015779640436208955,0.027386462607214106,0.025794457498835754,0.06914471123917366,0.64008045,175.79968868727508,183.22901437367793,281.0754442762409
2025-06-02,167.4872574240746,169.5129898808019,167.03820620651766,168.6747589111328,38612300,0.0,0.0,GOOGL,-0.01577964043620894,171.21740112304687,164.4371826171875,55.97467439721896,0.5778149070813057,-0.2664822691532469,30353.902,4.33,4.1,321.5,327.6,20693.1,60.7,250000,4.38,1.72,2025-09-15 21:20:38,165.8307342529297,175.682861328125,-0.01686099732148729,0.04154802095009629,0.004488405417626237,0.042259569752289096,0.6613841,169.43183961284632,175.80288165078838,280.23356348476227
2025-06-03,167.1379938326745,168.12590341689224,164.93263186241904,165.8307342529297,45084900,0.0,0.0,GOOGL,-0.01686099732148727,169.8762237548828,164.5354751586914,51.52758467608415,0.1198724879144617,0.16763052188033356,30353.902,4.33,4.1,321.5,327.6,20693.1,60.7,250000,4.38,1.72,2025-09-15 21:20:38,167.6968231201172,178.48036193847656,0.011252973555199297,0.0762803574532409,0.005431072927085893,0.049047855448076126,0.76931727,166.73137306420955,173.96437613541573,293.4071818985958
2025-06-04,166.38957869951685,167.86646401479533,166.01037244863588,167.6968231201172,26900800,0.0,0.0,GOOGL,0.011252973555199386,169.0160369873047,164.77596893310547,54.10415125393513,-0.07927510644777991,-0.40333016153967294,30353.902,4.33,4.1,321.5,327.6,20693.1,60.7,250000,4.38,1.72,2025-09-15 21:20:38,167.8564910888672,179.36956787109375,0.00095212279981973,0.0696062366227156,0.018817169281656217,0.03674061334712662,0.79419494,170.85240262876437,173.8581072579149,300.88079095156354
2025-06-05,169.98200425737,170.57076063975376,167.23778374687686,167.8564910888672,36379100,0.0,0.0,GOOGL,0.0009521227998197102,168.2875732421875,165.61570053100587,54.32785244848152,-0.21449458356377082,0.35234268125854995,30353.902,4.33,4.1,321.5,327.6,20693.1,60.7,250000,4.38,1.72,2025-09-15 21:20:38,173.3149871826172,176.63201904296875,0.032518826399511376,0.05227994399963711,0.01553679080340326,0.039091756795531514,0.78771996,170.46444227590823,174.4182962150645,300.08040037123646
2025-06-06,170.47098587242346,174.13327118123485,170.47098587242346,173.3149871826172,35731800,0.0,0.0,GOOGL,0.032518826399511314,168.6747589111328,166.5836624145508,61.27662350613501,0.03609098159930024,-0.01779318344873837,30353.902,4.33,4.1,321.5,327.6,20693.1,60.7,250000,4.38,1.72,2025-09-15 21:20:38,175.93264770507812,174.20419311523438,0.015103486230551898,0.005130577263236075,0.01699644286322335,0.03138067487600617,0.82110494,176.26072545960685,178.75372844653407,315.624790315007
2025-06-09,174.38402968862113,176.31231302715454,174.21418342483807,175.93264770507812,28935900,0.21,0.0,GOOGL,0.01510348623055191,170.12633666992187,167.75884552001952,64.09763364591302,0.33397781548105643,-0.19019192987758804,30353.902,4.33,4.1,321.5,327.6,20693.1,60.7,250000,4.38,1.72,2025-09-15 21:20:38,178.44041442871094,176.46217346191406,0.014254129386131147,0.003009820881702409,0.015397884549998492,0.04772120238345436,0.8480727,178.64163830301646,184.32836519206913,325.1363350952961
2025-06-10,176.04254985052344,180.94816607880887,174.7537092641778,178.44041442871094,61766100,0.0,0.0,GOOGL,0.014254129386131131,172.6482727050781,168.77451705932617,66.60743690561792,0.6381220796435576,1.134583683244689,30353.902,4.33,4.1,321.5,327.6,20693.1,60.7,250000,4.38,1.72,2025-09-15 21:20:38,177.1915283203125,177.46127319335938,-0.006998897152289356,-0.005487216774778009,0.03145265270642942,0.042712656007937944,0.8903223,184.0528388125285,186.0620784681184,337.3098995432574
2025-06-11,179.60936400867158,180.20881870896204,176.59205837486806,177.1915283203125,31646800,0.0,0.0,GOOGL,-0.006998897152289407,174.54721374511718,169.67435684204102,64.20044288283147,0.6890494181649323,-0.48763480290968675,30353.902,4.33,4.1,321.5,327.6,20693.1,60.7,250000,4.38,1.72,2025-09-15 21:20:38,175.54299926757812,180.02899169921875,-0.009303656153099473,0.016013538603137468,0.01052347657272611,0.04338035930989121,0.9645271,179.05619921747683,184.87816048551642,348.09756461391225
2025-06-12,176.02256609234394,176.56209210971562,174.59385119423692,175.54299926757812,20941900,0.0,0.0,GOOGL,-0.009303656153099471,176.0845153808594,170.20038452148438,61.063597378425236,0.5515208360096304,-0.3382616883855556,30353.902,4.33,4.1,321.5,327.6,20693.1,60.7,250000,4.38,1.72,2025-09-15 21:20:38,174.513916015625,181.3977508544922,-0.0058622859142591355,0.03335223626884564,0.00678758619443527,0.03149980836940159,0.9944705,176.7345125059365,181.07257010509684,350.1153295015065
2025-06-13,172.28591297451578,176.9717245091389,172.2359546046385,174.513916015625,27663100,0.0,0.0,GOOGL,-0.005862285914259191,176.32430114746094,170.74530944824218,59.12163795481886,0.34135576562497416,0.32094509094208257,30353.902,4.33,4.1,321.5,327.6,20693.1,60.7,250000,4.38,1.72,2025-09-15 21:20:38,176.61204528808594,181.83737182617188,0.012022704666561277,0.041964881527792736,0.00959849258300154,0.03785874077485765,1.0313218,176.18898654413152,181.12079312366583,354.49391572206514
2025-06-16,174.57385966373928,176.78189154925582,174.49392932110277,176.61204528808594,27389200,0.0,0.0,GOOGL,0.012022704666561301,176.4601806640625,171.28387527465821,61.789749983929916,0.29547413062205585,-0.009901276429612027,30353.902,4.33,4.1,321.5,327.6,20693.1,60.7,250000,4.38,1.72,2025-09-15 21:20:38,175.7927703857422,182.80650329589844,-0.004638839332885623,0.035073813893657296,0.015397884549998492,0.03713570552110876,1.0448687,179.331497171571,183.17065819338504,361.1484448048832
2025-06-17,175.5429937823964,177.20151408744945,174.4239994778565,175.7927703857422,24973000,0.0,0.0,GOOGL,-0.004638839332885669,175.93065185546874,171.76401443481444,60.13911997981863,0.16811199718014347,-0.08821725351598442,30353.902,4.33,4.1,321.5,327.6,20693.1,60.7,250000,4.38,1.72,2025-09-15 21:20:38,173.16513061523438,183.41595458984375,-0.014947371070732778,0.04336460587869458,0.009851738764913692,0.03505161698960835,1.0277262,177.52463483634298,181.9545912428454,356.45960160582035
2025-06-18,175.85271405711507,176.4022256326498,173.04522747911062,173.16513061523438,28707500,0.0,0.0,GOOGL,-0.01494737107073274,175.12537231445313,172.2405029296875,55.05890890439335,-0.11943278311608019,0.14954150482521134,30353.902,4.33,4.1,321.5,327.6,20693.1,60.7,250000,4.38,1.72,2025-09-15 21:20:38,166.4910888671875,184.89462280273438,-0.038541487679042696,0.06773587815183438,0.003652308671853809,0.041818375517178416,1.0222322,173.7975831234431,180.40661507378348,350.1800780533813
2025-06-20,173.79455416726213,174.18420505107113,165.312150640077,166.4910888671875,75659900,0.0,0.0,GOOGL,-0.03854148767904275,173.314990234375,172.15476989746094,44.724648512745794,-0.7502630802809094,1.6355447182791951,30353.902,4.33,4.1,321.5,327.6,20693.1,60.7,250000,4.38,1.72,2025-09-15 21:20:38,165.04238891601562,189.9301300048828,-0.008701366307523674,0.1407825565751029,0.01705637353525066,0.08879442702670765,1.0174367,169.33082306919687,181.27456970820208,335.88524002654594
2025-06-23,166.1214256591391,167.19046158134836,161.85523705575486,165.04238891601562,57671000,0.0,0.0,GOOGL,-0.008701366307523717,171.42068481445312,171.88134536743163,42.84479470857923,-1.2280098148504237,-0.23776002876028124,30353.902,4.33,4.1,321.5,327.6,20693.1,60.7,250000,4.38,1.72,2025-09-15 21:20:38,166.62098693847656,191.1690216064453,0.009564803520047396,0.15830256010002758,0.009781032352682219,0.10545230152944236,0.9825713,166.65667386156713,182.4464886771268,327.2083140201212
2025-06-24,166.77084680791774,168.06968824197463,165.98155942026995,166.62098693847656,40524300,0.0,0.0,GOOGL,0.009564803520047294,169.42247314453124,171.8065979003906,45.53138395726667,-1.3887684977153416,-0.29731927658615254,30353.902,4.33,4.1,321.5,327.6,20693.1,60.7,250000,4.38,1.72,2025-09-15 21:20:38,170.52748107910156,190.0600128173828,0.02344539071820191,0.14067271062054698,0.017807244946410984,0.09136180151368528,0.8903427,169.58804766610277,181.843780475164,314.9707683924353
2025-06-25,167.48021861146748,172.2059878377665,167.40028826627824,170.52748107910156,35479000,0.0,0.0,GOOGL,0.023445390718201953,168.36941528320312,171.7061408996582,51.59505361112225,-1.1906917988572743,-0.12450060827700915,30353.902,4.33,4.1,321.5,327.6,20693.1,60.7,250000,4.38,1.72,2025-09-15 21:20:38,173.38491821289062,191.99827575683594,0.016756461279479055,0.12590812074315955,0.01574407728283496,0.05371129908612879,0.8635077,173.2122789200581,179.68673361774535,317.7792821781695
2025-06-26,172.275909497391,173.53479332021178,169.78814431449064,173.38491821289062,31796700,0.0,0.0,GOOGL,0.01675646127947905,168.4133728027344,171.77549896240234,55.49758960403819,-0.8423220823181974,-0.10378815637419314,30353.902,4.33,4.1,321.5,327.6,20693.1,60.7,250000,4.38,1.72,2025-09-15 21:20:38,178.37046813964844,193.0073699951172,0.028754230634041113,0.11317277179860097,0.015650506563983414,0.03842235689122641,0.84515643,176.0984800134772,180.04677542002239,319.9222969132752
2025-06-27,173.3849216100962,178.52032800475203,171.57654142712704,178.37046813964844,108140200,0.0,0.0,GOOGL,0.028754230634041145,170.78924865722655,172.11908187866212,61.35225877152095,-0.2802827209533516,2.40098815285863,30353.902,4.33,4.1,321.5,327.6,20693.1,60.7,250000,4.38,1.72,2025-09-15 21:20:38,176.07252502441406,192.4079132080078,-0.012882979672595168,0.07869825770356384,-0.008239513007005253,0.035282916481833994,0.82617813,176.9007823473462,184.6638984698453,325.7362379448823
2025-06-30,180.6184624108643,181.0680572633364,174.4240054836315,176.07252502441406,63378900,0.0,0.0,GOOGL,-0.012882979672595218,172.99527587890626,172.35375518798827,57.59139737386258,-0.07795908708505972,-0.4139191530994024,30353.902,4.33,4.1,321.5,327.6,20693.1,60.7,250000,4.38,1.72,2025-09-15 21:20:38,175.682861328125,195.5750732421875,-0.0022130863190326375,0.1107642899712447,0.009986695295785263,0.039337315199083595,0.8772352,177.8309076817924,182.998745439198,330.52953718235585
2025-07-01,175.5829598377131,175.9326379218849,173.37492804100808,175.682861328125,35904500,0.0,0.0,GOOGL,-0.002213086319032609,174.80765075683593,172.70416030883788,56.95384600297168,0.010255177386115921,-0.4334944279563072,30353.902,4.33,4.2,322.132,328.656,20802.0,61.7,228000,4.39,1.72,2025-09-15 21:20:38,178.48036193847656,196.35438537597656,0.01592358292210779,0.11766386255084443,0.0126764538756956,0.030508735665055145,0.8743354,177.9098970165012,181.0427233052653,329.28860760308453
2025-07-02,175.38312608280393,178.70016656024188,174.91356011283625,178.48036193847656,29128900,0.0,0.0,GOOGL,0.015923582922107826,176.39822692871093,173.33664169311524,60.34768361162378,0.22569756890350323,-0.1887117213719729,30353.902,4.33,4.2,322.132,328.656,20802.0,61.7,228000,4.39,1.72,2025-09-15 21:20:38,179.36956787109375,191.728515625,0.004982093956777738,0.07422751468360518,0.014939721567197318,0.020606530084876357,0.93398446,181.14680885105003,182.1582228863214,345.17825676517896
2025-07-03,178.34048951535135,179.50944215502514,176.89178830781478,179.36956787109375,21689700,0.0,0.0,GOOGL,0.004982093956777733,177.59515686035155,173.92027893066407,61.38970508047578,0.38729292084787303,-0.25538897795659976,30353.902,4.33,4.2,322.132,328.656,20802.0,61.7,228000,4.39,1.72,2025-09-15 21:20:38,176.63201904296875,188.96099853515625,-0.015262058445122502,0.05347300981934408,0.015030693191575023,0.025933903812387683,0.95379364,182.06561681366958,184.02132099113223,350.45112179591524
2025-07-07,178.89999490759814,179.13978593904164,175.52301029591823,176.63201904296875,34175600,0.0,0.0,GOOGL,-0.015262058445122517,177.24746704101562,174.35905532836915,56.46967666408799,0.27433316122769913,0.5756603364730726,30353.902,4.33,4.2,322.132,328.656,20802.0,61.7,228000,4.39,1.72,2025-09-15 21:20:38,174.20419311523438,194.86570739746094,-0.013745106583103513,0.10322980201033954,0.00101341474953837,0.030602094384910603,0.97249,176.81102053630764,182.037328761119,348.4049040037935
2025-07-08,177.691079951528,177.7909814447806,172.6555751408571,174.20419311523438,40442500,0.0,0.0,GOOGL,-0.013745106583103461,176.8738006591797,174.403515625,52.454581485965726,0.014349645119180021,0.1833735179484779,30353.902,4.33,4.2,322.132,328.656,20802.0,61.7,228000,4.39,1.72,2025-09-15 21:20:38,176.46217346191406,194.4960479736328,0.0129616876970697,0.11648315976513593,0.007832636219736053,0.03704355193624897,0.9903835,175.56867118785866,180.6573351904109,346.73315262145843
2025-07-09,175.09340252603724,179.27966092294577,172.61562283881983,176.46217346191406,43025600,0.0,0.0,GOOGL,0.012961687697069735,177.0296630859375,174.42999191284179,55.61540400367672,-0.025152243924573714,0.06387092786054271,30353.902,4.33,4.2,322.132,328.656,20802.0,61.7,228000,4.39,1.72,2025-09-15 21:20:38,177.46127319335938,195.91476440429688,0.005661835122193759,0.11023660516445626,0.014504834281372588,0.02550822098304942,0.9704746,179.02172804490993,180.96340957772978,347.7142308072416
2025-07-10,175.47306122205768,178.27054693495992,174.22417822695712,177.46127319335938,29252400,0.0,0.0,GOOGL,0.005661835122193759,176.82584533691406,174.38103485107422,56.97826853531189,-0.0046712591035493745,-0.3201163958201628,30353.902,4.33,4.2,322.132,328.656,20802.0,61.7,228000,4.39,1.72,2025-09-15 21:20:38,180.02899169921875,196.34439086914062,0.014469176624590224,0.10640697734207319,0.015007420877037695,0.027477730879188315,0.9495367,180.12450920954709,182.33750629964462,345.967261578513
2025-07-11,176.6320206592132,181.26787392679407,176.32230010231936,180.02899169921875,34282900,0.0,0.0,GOOGL,0.01446917662459013,176.95773010253907,174.52290802001954,60.34809636366961,0.15244841427503086,0.17196879572274404,30353.902,4.33,4.2,322.132,328.656,20802.0,61.7,228000,4.39,1.72,2025-09-15 21:20:38,181.3977508544922,201.24000549316406,0.007602992953269856,0.1178199888459263,0.015171603647332114,0.02268372163063704,0.9430799,182.76032020630814,184.1127192323681,349.81072390597546
2025-07-14,180.84823929966979,183.5058659137902,179.5194259926096,181.3977508544922,32536600,0.0,0.0,GOOGL,0.007602992953269938,177.91087646484374,174.81564559936524,62.05435956194332,0.31011185206378045,-0.0509379311551823,30353.902,4.33,4.2,322.132,328.656,20802.0,61.7,228000,4.39,1.72,2025-09-15 21:20:38,181.83737182617188,200.8203887939453,0.002423519418563952,0.10707209900873,0.014647765257446802,0.026336247446963165,0.95906526,184.0548225272376,186.17508690731864,355.3700208574628
2025-07-15,182.6466456022175,184.05538933948807,181.4377353487915,181.83737182617188,33448300,0.0,0.0,GOOGL,0.002423519418564002,179.43751220703126,175.18181838989258,62.610857468742424,0.3998488970342091,0.02802075201465426,30353.902,4.33,4.2,322.132,328.656,20802.0,61.7,228000,4.39,1.72,2025-09-15 21:20:38,182.80650329589844,203.15829467773438,0.005329660564237628,0.11725270024219397,0.014647765257446802,0.025933903812387683,0.9821824,184.5008829637127,186.55312473660916,360.4348351025583
2025-07-16,183.07626629854497,184.1652886399438,181.86734081977315,182.80650329589844,33104200,0.0,0.0,GOOGL,0.00532966056423767,180.7063781738281,175.4915412902832,63.868834178592365,0.4751876171930163,-0.010287518349213598,30353.902,4.33,4.2,322.132,328.656,20802.0,61.7,228000,4.39,1.72,2025-09-15 21:20:38,183.41595458984375,201.779541015625,0.003333860026625139,0.10378754244325757,0.014647765257446802,0.02321528021889643,1.0056291,185.48421004371144,187.05040749574934,366.64203585215
2025-07-17,181.9772389358081,183.89552139280437,180.31871865434178,183.41595458984375,31992600,0.0,0.0,GOOGL,0.0033338600266250573,181.897314453125,175.8727005004883,64.67377747190612,0.5135153688597605,-0.03357882081427732,30353.902,4.33,4.2,322.132,328.656,20802.0,61.7,228000,4.39,1.72,2025-09-15 21:20:38,184.89462280273438,202.75865173339844,0.008061829823895281,0.10545809489043079,0.013803362277136121,0.022231707910348588,1.0295625,185.9477114584541,187.49360451838294,372.2541384395154
2025-07-18,185.2343153104504,186.25340807875182,183.54583834733725,184.89462280273438,34014500,0.0,0.0,GOOGL,0.00806182982389525,182.8704406738281,176.45917510986328,66.61701079886856,0.5809371461400272,0.06319898976638338,30353.902,4.33,4.2,322.132,328.656,20802.0,61.7,228000,4.39,1.72,2025-09-15 21:20:38,189.9301300048828,203.71778869628906,0.02723447078026094,0.101804831358656,0.013164407356248771,0.019748239344381857,1.0585341,187.32865093528952,188.545966067332,380.61189433200343
2025-07-21,186.08356432217508,190.11994741222205,185.98364758555138,189.9301300048828,45803100,0.0,0.0,GOOGL,0.027234470780260978,184.57691650390626,177.63112716674806,72.22104548191443,0.8887252156581527,0.34657572505843093,30353.902,4.33,4.2,322.132,328.656,20802.0,61.7,228000,4.39,1.72,2025-09-15 21:20:38,191.1690216064453,203.3181610107422,0.0065228808169122505,0.07048924257312512,0.013069363216263376,0.019526537732351093,1.0842066,192.41239585962873,193.6388078549335,395.85362690834154
2025-07-22,191.328882294876,191.47874216205827,187.29249900550474,191.1690216064453,44660200,0.0,0.0,GOOGL,0.006522880816912213,186.44324645996093,178.93745880126954,73.40399645392964,1.0867187387020727,-0.024952459549681172,30353.902,4.33,4.2,322.132,328.656,20802.0,61.7,228000,4.39,1.72,2025-09-15 21:20:38,190.0600128173828,201.389892578125,-0.005801195087693588,0.0534651005994116,0.012592989210435595,0.017289893648842005,1.1046207,193.5764110329048,194.47431365897393,402.33827913764617
2025-07-23,191.32888225818212,192.35796066638142,189.01094801184496,190.0600128173828,58681900,0.0,0.0,GOOGL,-0.005801195087693611,187.89394836425782,180.10941009521486,70.50942429903186,1.0532016498106467,0.31396411122207235,30353.902,4.33,4.2,322.132,328.656,20802.0,61.7,228000,4.39,1.72,2025-09-15 21:20:38,191.99827575683594,199.1418914794922,0.010198162731449906,0.047784268387036276,0.006201522178389668,0.011402921640268763,1.1254759,191.23867420209484,192.22725225048788,403.96797365798557
2025-07-24,196.85393348830104,197.7731095502254,190.8293230940032,191.99827575683594,74881700,0.0,0.0,GOOGL,0.0101981627314498,189.61041259765625,181.18294982910157,72.54701362208833,1.0684045187788689,0.2760612727263432,30353.902,4.33,4.2,322.132,328.656,20802.0,61.7,228000,4.39,1.72,2025-09-15 21:20:38,193.0073699951172,199.57150268554688,0.005255746356593633,0.039444244480103356,0.01265157109806907,0.008255870943833446,1.1675854,194.4273555932802,193.58338874292292,416.1726541573007
2025-07-25,191.80844534575607,194.1563515198352,191.08908750710862,193.0073699951172,39785900,0.0,0.0,GOOGL,0.005255746356593649,191.23296203613282,182.1640724182129,73.57082676654983,1.0516146681425704,-0.4686832697441431,30353.902,4.33,4.2,322.132,328.656,20802.0,61.7,228000,4.39,1.72,2025-09-15 21:20:38,192.4079132080078,205.9058380126953,-0.0031058751130826788,0.06682888854402004,0.016803042753150633,0.008255870943833446,1.1791607,196.25048108481832,194.60081393300558,420.5940552264001
2025-07-28,193.47694913334269,193.87660084223495,190.6694625759226,192.4079132080078,38139500,0.0,0.0,GOOGL,-0.00310587511308269,191.7285186767578,182.86594467163087,71.8564444862102,0.9106017412540668,-0.04138149444903849,30353.902,4.33,4.2,322.132,328.656,20802.0,61.7,228000,4.39,1.72,2025-09-15 21:20:38,195.5750732421875,208.30369567871094,0.016460653729744177,0.08261501414195245,0.006681410054857275,0.0170689446794974,1.1895308,193.6934693739499,195.69211323445282,421.2830616485371
2025-07-29,192.2580327538162,195.7449194968108,191.90835466905762,195.5750732421875,41389200,0.0,0.0,GOOGL,0.016460653729744257,192.60972900390624,183.84107208251953,75.15107320324265,0.9374215678787188,0.08520562671246346,30353.902,4.33,4.2,322.132,328.656,20802.0,61.7,228000,4.39,1.72,2025-09-15 21:20:38,196.35438537597656,206.95489501953125,0.003984721165483153,0.058186463073705286,0.013163150867479257,0.025552843003924772,1.2164619,198.14945743719272,200.5725723842262,433.4846978240239
2025-07-30,195.42522371418744,197.42343657324804,194.51603320447785,196.35438537597656,32445400,0.0,0.0,GOOGL,0.003984721165483096,193.868603515625,184.8746482849121,75.89871542629227,0.9135063253864502,-0.21609018777845423,30353.902,4.33,4.2,322.132,328.656,20802.0,61.7,228000,4.39,1.72,2025-09-15 21:20:38,191.728515625,207.29458618164062,-0.023558779917846058,0.055716610478120585,0.013104568979845781,0.025710757058528273,1.2211193,198.92752496363124,201.40280527575493,436.1265353874842
2025-07-31,195.53512388567077,195.8148724632573,190.91924186518514,191.728515625,51329200,0.0,0.0,GOOGL,-0.02355877991784605,193.8146514892578,185.53705596923828,63.65565908398308,0.5120168549086088,0.5820177898870103,30353.902,4.33,4.2,322.132,328.656,20802.0,61.7,228000,4.39,1.72,2025-09-15 21:20:38,188.96099853515625,211.4508819580078,-0.014434561707329496,0.10286610872001223,0.0017556602474064476,0.02863664530816928,1.2322173,192.06512575817706,197.2189771224149,427.97971175517887
2025-08-01,188.86108179697592,190.65947636814528,187.65217158882444,188.96099853515625,34832200,0.0,0.0,GOOGL,-0.014434561707329485,193.00537719726563,186.0166275024414,57.66281652183345,0.012346650030258033,-0.3213960085097761,30353.902,4.33,4.3,323.364,329.793,20802.0,61.7,227000,4.26,1.72,2025-09-15 21:20:38,194.86570739746094,212.71974182128906,0.031248294135184276,0.12573358243400948,0.007771338939495403,0.022513631479997447,1.2581862,190.42947850111844,193.21519682026909,426.7091457475908
2025-08-04,190.11995195242244,195.0955128481526,189.95010569222902,194.86570739746094,31547400,0.0,0.0,GOOGL,0.031248294135184373,193.49693603515624,186.928311920166,65.19228365126222,0.030745260564303045,-0.09430354671826646,30353.902,4.33,4.3,323.364,329.793,20802.0,61.7,227000,4.26,1.72,2025-09-15 21:20:38,194.4960479736328,211.16114807128906,-0.0018969957760404876,0.08362395257463577,0.014367412679414488,0.020747343324033832,1.188946,197.6654234327063,198.9086531309168,426.5505124367155
2025-08-05,194.5360207683401,197.68319994217242,193.71674617353807,194.4960479736328,31602300,0.0,0.0,GOOGL,-0.001896995776040522,193.2811309814453,187.94290466308593,64.4198697209622,-0.0275907182490176,0.0017402384982596608,30353.902,4.33,4.3,323.364,329.793,20802.0,61.7,227000,4.26,1.72,2025-09-15 21:20:38,195.91476440429688,230.45388793945312,0.0072943200925933115,0.18487696968883913,0.010603466649448274,0.02389851519195383,1.1266174,196.55838033177073,199.14421473090565,413.6186860059388
2025-08-06,194.32618893507828,196.45429038129967,193.49692881868756,195.91476440429688,21562900,0.0,0.0,GOOGL,0.007294320092593232,193.19320678710938,188.91553421020507,66.0808969873504,-0.01677152877470167,-0.31767940941007455,30353.902,4.33,4.3,323.364,329.793,20802.0,61.7,227000,4.26,1.72,2025-09-15 21:20:38,196.34439086914062,232.09242248535156,0.002192925408914854,0.184660192359965,0.012888894268507057,0.020747343324033832,1.0980325,198.43988908834334,199.97947528364006,411.03553795772314
2025-08-07,196.88390160867925,197.36346840439734,194.15634544876863,196.34439086914062,26321800,0.0,0.0,GOOGL,0.002192925408914803,194.1163818359375,189.85969009399415,66.58956158569526,-0.02625756458357209,0.22069851457828027,30353.902,4.33,4.3,323.364,329.793,20802.0,61.7,227000,4.26,1.72,2025-09-15 21:20:38,201.24000549316406,234.79000854492188,0.024933814520254165,0.19580705873795212,0.012272591912261795,0.020747343324033832,1.0803678,198.7540454525392,200.418015356251,408.46854917643213
2025-08-08,197.04376174071106,202.42894452614235,196.99380337261508,201.24000549316406,39161800,0.0,0.0,GOOGL,0.024933814520254227,196.57218322753906,190.9202407836914,71.78243331484249,0.23709552870691475,0.4878085845192959,30353.902,4.33,4.3,323.364,329.793,20802.0,61.7,227000,4.26,1.72,2025-09-15 21:20:38,200.8203887939453,234.0399932861328,-0.0020851554748789946,0.16298940020692324,0.01210994695037877,0.029184451158446055,1.0883759,203.6770112839802,207.11308460460472,420.26480681328394
2025-08-11,200.76044484845534,201.29995560301907,198.8921207366326,200.8203887939453,25832400,0.0,0.0,GOOGL,-0.0020851554748789747,197.76311950683595,191.89137268066406,70.76714976882515,0.31790746365471545,-0.3403673988427498,30353.902,4.33,4.3,323.364,329.793,20802.0,61.7,227000,4.26,1.72,2025-09-15 21:20:38,203.15829467773438,239.6300048828125,0.01164177550810294,0.19325535779481215,0.007155573219281443,0.03271370458061317,1.0936992,202.25737378988495,207.3899676667143,420.45749074392006
2025-08-12,201.19005382143942,204.31726177746063,200.41075203769518,203.15829467773438,30397900,0.0,0.0,GOOGL,0.011641775508102858,199.49556884765624,192.9574188232422,73.05392573065161,0.45532391555417107,0.17673541753766586,30353.902,4.33,4.3,323.364,329.793,20802.0,61.7,227000,4.26,1.72,2025-09-15 21:20:38,201.779541015625,239.1699981689453,-0.006786597929936664,0.17725933144071487,0.012989319782715586,0.02561775361307511,1.1045141,205.79718273381462,208.36275381524106,427.5495001526142
2025-08-13,203.94760013613634,204.3472366094903,197.33350521250262,201.779541015625,28342900,0.0,0.0,GOOGL,-0.006786597929936633,200.66852416992188,193.90607070922852,69.59626234005314,0.38278907985774957,-0.0676033541790716,30353.902,4.33,4.3,323.364,329.793,20802.0,61.7,227000,4.26,1.72,2025-09-15 21:20:38,202.75865173339844,240.3699951171875,0.0048523785555524635,0.19125057925755817,0.004462369655217727,0.034035414525553455,1.1357595,202.67995591649688,208.6471913368677,430.9525420968421
2025-08-14,201.31993610316366,204.2573113073674,201.05017311120625,202.75865173339844,25230400,0.0,0.0,GOOGL,0.004852378555552539,201.95137634277344,194.87320556640626,70.65833378912484,0.3320641830536415,-0.10981586217359551,30353.902,4.33,4.3,323.364,329.793,20802.0,61.7,227000,4.26,1.72,2025-09-15 21:20:38,203.71778869628906,240.8000030517578,0.004730436677749104,0.18761888083759237,0.01293073789508211,0.032046001278659905,1.1542337,205.38047071492323,209.25625574610626,436.7895193296172
2025-08-15,203.66784557245273,206.25552748751167,201.10013480886678,203.71778869628906,34931400,0.0,0.0,GOOGL,0.004730436677749195,202.44693298339843,195.814363861084,71.70119927696989,0.29563689651077585,0.38449648043629914,30353.902,4.33,4.3,323.364,329.793,20802.0,61.7,227000,4.26,1.72,2025-09-15 21:20:38,203.3181610107422,251.61000061035156,-0.001961672999222746,0.23509096687409167,0.011914876317414341,0.032046001278659905,1.1513333,206.1450609522625,210.2461292133361,438.26486915624264
2025-08-18,204.01753247133055,205.08658368227987,202.30906899226142,203.3181610107422,18526600,0.0,0.0,GOOGL,-0.0019616729992227855,202.9464874267578,196.48376541137696,70.57566653137023,0.1826936518130342,-0.46962904435550823,30353.902,4.33,4.3,323.364,329.793,20802.0,61.7,227000,4.26,1.72,2025-09-15 21:20:38,201.389892578125,251.61000061035156,-0.009483995050079706,0.23509096687409167,0.01506459333423105,0.03271370458061317,1.1594615,206.38106642383272,209.96945126592115,439.0577405998265
2025-08-19,202.84857944432244,203.2582167438639,199.7813305987235,201.389892578125,24240200,0.0,0.0,GOOGL,-0.009483995050079685,202.59280700683593,196.99480895996095,65.25300513410195,-0.07025831866089227,0.30839981432103025,30353.902,4.33,4.3,323.364,329.793,20802.0,61.7,227000,4.26,1.72,2025-09-15 21:20:38,199.1418914794922,251.61000061035156,-0.011162432582165201,0.23509096687409167,0.003571321932320875,0.03443775816012893,1.1683617,202.109120718437,208.3253089946248,436.6861225469038
2025-08-20,200.55061989251405,201.10013145192505,196.4243208994537,199.1418914794922,28955500,0.0,0.0,GOOGL,-0.011162432582165205,202.06527709960938,197.44890289306642,59.608857562760996,-0.41794934462733657,0.19452397257448362,30353.902,4.33,4.3,323.364,329.793,20802.0,61.7,227000,4.26,1.72,2025-09-15 21:20:38,199.57150268554688,251.61000061035156,0.002157312069615093,0.23509096687409167,0.005466294804806303,0.040333535477600956,1.1770757,200.23045976630584,207.17398802455682,433.5470052291712
2025-08-21,199.57150268554688,202.29905887913935,199.25178132101763,199.57150268554688,19774600,0.0,0.0,GOOGL,0.0021573120696150028,201.42784729003907,197.82756423950195,60.315312673197454,-0.6349628840691981,-0.3170692959886723,30353.902,4.33,4.3,323.364,329.793,20802.0,61.7,227000,4.26,1.72,2025-09-15 21:20:38,205.9058380126953,251.61000061035156,0.03173967847067363,0.23509096687409167,0.014372252169705087,0.040399716178057016,1.1398102,202.43979464803056,207.6341347512713,427.04511418433685
2025-08-22,202.54883983863883,208.353645687597,201.12012497867053,205.9058380126953,42827000,0.0,0.0,GOOGL,0.031739678470673605,201.8654571533203,198.47248764038085,68.94103612686538,-0.3804211905170538,1.1657580937161813,30353.902,4.33,4.3,323.364,329.793,20802.0,61.7,227000,4.26,1.72,2025-09-15 21:20:38,208.30369567871094,251.61000061035156,0.01164540883910141,0.23509096687409167,0.029335988692572625,0.03791624761209028,1.0817647,211.9462893483704,213.7130147515596,428.64750469281717
2025-08-25,206.2455237198617,210.3318804204715,205.0965574752735,208.30369567871094,29928900,0.0,0.0,GOOGL,0.011645408839101368,202.86256408691406,199.26727676391602,71.46913759083701,-0.09401105981286229,-0.30116748779975244,30353.902,4.33,4.3,323.364,329.793,20802.0,61.7,227000,4.26,1.72,2025-09-15 21:20:38,206.95489501953125,251.61000061035156,-0.006475164325745267,0.23509096687409167,0.012947181117090908,0.03220778813169534,1.0712875,211.0006413540226,215.01269697618,431.4568685568156
2025-08-26,207.32455950181813,207.66426725745978,205.5161793925774,206.95489501953125,28464100,0.0,0.0,GOOGL,-0.006475164325745242,203.9755645751953,199.8362678527832,68.11073942362535,-0.04152921363300255,-0.04894266077269793,30353.902,4.33,4.3,323.364,329.793,20802.0,61.7,227000,4.26,1.72,2025-09-15 21:20:38,207.29458618164062,251.61000061035156,0.0016413777604889067,0.23509096687409167,0.00634787372444995,0.03443775816012893,1.0623232,208.26861855977205,214.08195764426875,426.80785929391277
2025-08-27,205.51617805576655,208.72331622375268,205.46621968804243,207.29458618164062,23022900,0.0,0.0,GOOGL,0.0016413777604888935,205.606103515625,200.3832778930664,68.51204870974902,-0.030570012459637752,-0.19116009288893732,30353.902,4.33,4.3,323.364,329.793,20802.0,61.7,227000,4.26,1.72,2025-09-15 21:20:38,211.4508819580078,251.61000061035156,0.02005018969827441,0.23509096687409167,0.012505966334378836,0.03377005485817566,1.098067,209.8870052977272,214.29493572879744,434.9179399185159
2025-08-28,207.0648053873533,212.0303655105851,206.71511204255788,211.4508819580078,32339300,0.0,0.0,GOOGL,0.020050189698274323,207.9819793701172,201.3693962097168,72.99076829577639,0.1974255652559549,0.40465797097672307,30353.902,4.33,4.3,323.364,329.793,20802.0,61.7,227000,4.26,1.72,2025-09-15 21:20:38,212.71974182128906,251.61000061035156,0.006000731004438344,0.23509096687409167,0.011793608953378838,0.032046001278659905,1.1050395,213.9446509726676,218.22703719160788,445.1124792486371
2025-08-29,210.3218773757616,214.45817715575657,210.01215683893824,212.71974182128906,39728400,0.0,0.0,GOOGL,0.00600073100443832,209.34476013183593,202.55733337402344,74.19737372893927,0.36478404697155575,0.22848670193850817,30353.902,4.33,4.3,323.364,329.793,20802.0,61.7,227000,4.26,1.72,2025-09-15 21:20:38,211.16114807128906,251.61000061035156,-0.0073269821439958865,0.23509096687409167,0.01136666765449942,0.03347107687190377,1.1200447,215.13765643012258,219.83970065196095,450.97536298894556
2025-09-02,208.25374472878948,211.4908397743193,206.01574085860813,211.16114807128906,47523000,0.0,0.0,GOOGL,-0.007326982143995853,209.91625061035157,203.37210540771486,70.05727911719768,0.30409026270809036,0.19619717884435306,30353.902,4.33,4.3,323.364,329.793,20802.0,61.7,263000,4.26,1.72,2025-09-15 21:20:38,230.45388793945312,251.61000061035156,0.09136500745700973,0.23509096687409167,0.0029067617778020765,0.0392365730884873,1.1377977,211.77494322545948,219.4463878910371,451.4198446526934
2025-09-03,226.00786746880672,231.1033010071871,224.5891229524102,230.45388793945312,103336100,0.0,0.0,GOOGL,0.09136500745700982,214.61604919433594,205.16999740600585,82.82922874214304,1.433629720472462,1.1744439534541171,30353.902,4.33,4.3,323.364,329.793,20802.0,61.7,263000,4.26,1.72,2025-09-15 21:20:38,232.09242248535156,251.61000061035156,0.00711003212203965,0.23509096687409167,0.04639853164294276,0.02716547878666676,1.1556246,241.146609951251,236.71427814357725,496.77207647608157
2025-09-04,229.4447813472723,232.16235200669,225.90795135774627,232.09242248535156,51684200,0.0,0.0,GOOGL,0.0071100321220396445,219.57561645507812,206.9788803100586,83.47396340828787,2.12005431848789,-0.49984371386185467,30353.902,4.33,4.3,323.364,329.793,20802.0,61.7,263000,4.26,1.72,2025-09-15 21:20:38,234.79000854492188,251.61000061035156,0.01162289587347717,0.23509096687409167,-0.012591620275308477,0.02643518605229366,1.1305015,229.17000283263954,238.22782885507934,494.4732562658428
2025-09-05,231.9925075217388,235.54932393536487,231.69277254690593,234.79000854492188,46588900,0.0,0.0,GOOGL,0.011622895873477201,224.24344177246093,208.90116119384766,84.50547447294313,2.5555137561136467,-0.09858525429434917,30353.902,4.33,4.3,323.364,329.793,20802.0,61.7,263000,4.26,1.72,2025-09-15 21:20:38,234.0399932861328,251.61000061035156,-0.003194408754602365,0.23509096687409167,-0.018319874281063603,0.01163895398442588,1.0900666,230.48868510592905,237.5227186503792,490.7267156524613
2025-09-08,235.47000122070312,238.1300048828125,233.6699981689453,234.0399932861328,32474700,0.21,0.0,GOOGL,-0.003194408754602418,228.5074920654297,210.5411605834961,82.95513105988479,2.5850031952373955,-0.3029519907102336,30353.902,4.33,4.3,323.364,329.793,20802.0,61.7,263000,4.26,1.72,2025-09-15 21:20:38,239.6300048828125,251.61000061035156,0.02388485625123671,0.23509096687409167,-0.015126258352195396,0.017995371224352668,1.1195875,230.4998438829407,238.25162984666176,496.06822587786155
2025-09-09,234.1699981689453,240.47000122070312,233.22999572753906,239.6300048828125,38061000,0.0,0.0,GOOGL,0.02388485625123682,234.20126342773438,212.48164138793945,85.14291295871617,2.7572065764010425,0.1720200648504837,30353.902,4.33,4.3,323.364,329.793,20802.0,61.7,263000,4.26,1.72,2025-09-15 21:20:38,239.1699981689453,251.61000061035156,-0.0019196540687471378,0.23509096687409167,-0.016622621861788665,0.004421976707106178,1.152364,235.64672592490695,240.68964318272802,515.7709995628393
2025-09-10,238.89999389648438,241.66000366210938,237.85000610351562,239.1699981689453,35141100,0.0,0.0,GOOGL,-0.0019196540687471675,235.94448547363282,214.2822265625,84.18531580011555,2.617450839667251,-0.07671632379601168,30353.902,4.33,4.3,323.364,329.793,20802.0,61.7,263000,4.26,1.72,2025-09-15 21:20:38,240.3699951171875,251.61000061035156,0.005017338953168079,0.23509096687409167,-0.021604183052332707,0.017995371224352668,1.1592673,234.00292574787736,243.4739510717232,516.4319862119737
2025-09-11,239.8800048828125,242.25,236.25,240.3699951171875,30599300,0.0,0.0,GOOGL,0.005017338953168027,237.6,216.2117492675781,84.66969533386246,2.3894632538678326,-0.12924467361579461,30353.902,4.33,4.3,323.364,329.793,20802.0,61.7,263000,4.26,1.72,2025-09-15 21:20:38,240.8000030517578,251.61000061035156,0.0017889418118125387,0.23509096687409167,-0.018611830590814116,0.0027969727885489575,1.1597884,235.89626948895162,241.04230345271395,519.1483199828945
2025-09-12,240.3699951171875,242.0800018310547,238.0,240.8000030517578,26761900,0.0,0.0,GOOGL,0.001788941811812439,238.8019989013672,218.1138168334961,84.84877815574252,2.063540170276225,-0.12540809757085947,30353.902,4.33,4.3,323.364,329.793,20802.0,61.7,263000,4.26,1.72,2025-09-15 21:20:38,251.61000061035156,251.61000061035156,0.04489201587040777,0.23509096687409167,-0.018611830590814116,0.009587663533803664,1.1699454,236.318274188691,243.10871245995696,522.5228204191444
2025-09-15,244.77000427246094,252.40499877929688,244.7100067138672,251.61000061035156,57480464,0.0,0.0,GOOGL,0.04489201587040781,242.31600036621094,220.50842742919923,88.48914109085051,2.3510419033960357,1.1478469017521178,30353.902,4.33,4.3,323.364,329.793,20802.0,61.7,263000,4.26,1.72,2025-09-15 21:20:38,251.61000061035156,251.61000061035156,0.04489201587040777,0.23509096687409167,-0.004038871287380444,0.0155400275971887,1.188872,250.59378020326864,255.52002696356507,550.7420501574306
2025-05-01,241.67568327691322,247.258786353575,241.00889746026036,245.70626831054688,8689600,0.0,0.0,JPM,0.00927967082499892,243.4073516845703,232.3282272338867,58.22873310746282,2.139281149385458,-0.3311421907833463,30353.902,4.33,4.2,320.58,326.854,20617.5,52.2,229000,4.42,1.72,2025-09-15 21:20:38,251.29933166503906,262.7342529296875,0.022763209880437986,0.06930219866275061,0.019617029672701528,0.07131929831288268,0.1939826,250.52629546676366,263.22986695753195,293.3690093601617
2025-05-02,250.0553248082222,252.4040103613177,248.2639670829103,251.29933166503906,7165000,0.0,0.0,JPM,0.022763209880438007,245.19075927734374,233.58318099975585,62.5524364442168,2.364732672800964,-0.17545111397532687,30353.902,4.33,4.2,320.58,326.854,20617.5,52.2,229000,4.42,1.72,2025-09-15 21:20:38,251.34909057617188,263.3910827636719,0.00019800653986273611,0.048116925017333924,0.019758682136925894,0.04388703528570417,0.22526073,256.2646752806305,262.3281143010965,307.90720370986674
2025-05-05,249.97570217088762,253.93663086730422,249.38853458930066,251.34909057617188,5450700,0.0,0.0,JPM,0.00019800653986279393,247.0498016357422,235.68704528808593,62.589536720163935,2.383439920202871,-0.2392602930914166,30353.902,4.33,4.2,320.58,326.854,20617.5,52.2,229000,4.42,1.72,2025-09-15 21:20:38,248.05496215820312,264.99334716796875,-0.013105790080312454,0.05428408975150819,0.01239856751080493,0.04388703528570417,0.26408863,254.46545924445996,262.38005698331796,317.72752772815875
2025-05-06,248.80136625697406,251.43865466504587,247.80616079194616,248.05496215820312,6369900,0.0,0.0,JPM,-0.01310579008031243,247.9713623046875,237.41920013427733,58.460307343283006,2.052751776769443,0.1686388904177445,30353.902,4.33,4.2,320.58,326.854,20617.5,52.2,229000,4.42,1.72,2025-09-15 21:20:38,248.1942901611328,262.95318603515625,0.0005616819825633145,0.060060172742891625,0.009484598034998853,0.07215725993514895,0.32362518,250.40766376486056,265.9539285408561,328.3318006209629
2025-05-07,248.65209135643752,251.23961645251856,247.6369775307655,248.1942901611328,8724100,0.0,0.0,JPM,0.0005616819825633446,248.92078857421876,239.03740463256835,58.58476167187239,1.7348411212622086,0.3695819400618534,30353.902,4.33,4.2,320.58,326.854,20617.5,52.2,229000,4.42,1.72,2025-09-15 21:20:38,252.25473022460938,260.694091796875,0.016359925366697364,0.05036297018608712,0.02070283603701118,0.07059186421939007,0.36421573,253.33261585566112,265.7147877922154,338.5905551362721
2025-05-08,250.3638459168891,254.653179037873,250.3439375556287,252.25473022460938,8320100,0.0,0.0,JPM,0.01635992536669728,250.23048095703126,239.98931884765625,62.14432779629382,1.6878867069639014,-0.04630850173656886,30353.902,4.33,4.2,320.58,326.854,20617.5,52.2,229000,4.42,1.72,2025-09-15 21:20:38,251.86660766601562,264.4559631347656,-0.0015386136000231313,0.048368698177799034,0.027624851853110893,0.04315960119221156,0.38730866,259.22322977631063,263.14194377995244,349.9551560169639
2025-05-09,253.2797976419781,254.2849497217852,251.130150135318,251.86660766601562,5087600,0.0,0.0,JPM,-0.0015386136000231643,250.34393615722655,241.2815933227539,61.5993317324166,1.5254799342299803,-0.3885169649403253,30353.902,4.33,4.2,320.58,326.854,20617.5,52.2,229000,4.42,1.72,2025-09-15 21:20:38,258.80316162109375,265.4610900878906,0.027540585944907197,0.05397492961791022,0.018591075417106702,0.07281470955361272,0.41097295,256.54907876418537,270.2062015494703,355.376971140995
2025-05-12,261.63950318945587,262.33615914353067,257.4596585787861,258.80316162109375,9603900,0.0,0.0,JPM,0.02754058594490716,251.83475036621093,242.4683753967285,67.14498931141048,1.7631903572833743,0.8877073669313624,30353.902,4.33,4.2,320.58,326.854,20617.5,52.2,229000,4.42,1.72,2025-09-15 21:20:38,261.7489929199219,267.31219482421875,0.011382516660059322,0.03287839742693264,0.03577393996787511,0.03950939346466943,0.433214,268.06157038842304,269.028317563482,370.9203013333172
2025-05-13,259.7784752118559,262.40583215594387,259.14155952227264,261.7489929199219,8589000,0.0,0.0,JPM,0.011382516660059405,254.57355651855468,243.87609405517577,69.1805670758245,1.9805280495766713,-0.1056758191984506,30353.902,4.33,4.2,320.58,326.854,20617.5,52.2,229000,4.42,1.72,2025-09-15 21:20:38,264.36639404296875,266.8643493652344,0.009999660720175642,0.01954298424703955,0.021325446639465895,0.04023682755816205,0.49027526,267.33090710136963,272.28094201156335,390.0780494695391
2025-05-14,261.73903703972616,265.3615995069981,261.03244966421823,264.36639404296875,8643100,0.0,0.0,JPM,0.009999660720175552,257.8079772949219,245.49380111694336,70.9053945196206,2.148229637361176,0.006298754220514624,30353.902,4.33,4.2,320.58,326.854,20617.5,52.2,229000,4.42,1.72,2025-09-15 21:20:38,266.2074890136719,266.95391845703125,0.006964179306405651,0.009787644997124473,0.01717386197862652,0.04023682755816205,0.5225971,268.9065860060499,275.00365905224885,402.5234981682297
2025-05-15,265.6899931271043,268.22775480853,263.4905976451181,266.2074890136719,9214600,0.0,0.0,JPM,0.006964179306405693,260.59852905273436,247.37871932983398,72.08868638080438,2.221590787169731,0.06612210896553328,30353.902,4.33,4.2,320.58,326.854,20617.5,52.2,229000,4.42,1.72,2025-09-15 21:20:38,266.27716064453125,263.6796875,0.00026171927438073243,-0.009495606314599407,0.015395842502099868,0.04023682755816205,0.5780386,270.30597758740583,276.91883384380634,420.0856861556131
2025-05-16,266.2174507488304,267.1728394513035,263.44081911370307,266.27716064453125,8932900,0.0,0.0,JPM,0.00026171927438078946,263.4806396484375,249.1501838684082,72.13487180305205,2.1138639114699567,-0.030571050289757595,30353.902,4.33,4.2,320.58,326.854,20617.5,52.2,229000,4.42,1.72,2025-09-15 21:20:38,263.6100158691406,269.063720703125,-0.010016423372303983,0.01046488572977421,0.010298612214312018,0.04023682755816205,0.6271246,269.0194458635373,276.9913088400623,433.26610464537225
2025-05-19,264.27678649101705,267.03352493533146,260.6741477387632,263.6100158691406,12145000,0.0,0.0,JPM,-0.010016423372304017,264.4420104980469,250.9360794067383,67.52822144876961,1.718806637684379,0.3595808751917071,30353.902,4.33,4.2,320.58,326.854,20617.5,52.2,229000,4.42,1.72,2025-09-15 21:20:38,264.40618896484375,268.2277526855469,0.003020268759812053,0.017517304117528498,0.010564501525616917,0.040347355086935696,0.6737455,266.39492428395806,274.2459827838856,441.2160812329057
2025-05-20,261.2613359520205,265.3815012848607,261.0423895279866,264.40618896484375,8436300,0.0,0.0,JPM,0.0030202687598119837,264.97344970703125,252.43336639404296,68.1814511835824,1.3814691395714913,-0.3053684643886373,30353.902,4.33,4.2,320.58,326.854,20617.5,52.2,229000,4.42,1.72,2025-09-15 21:20:38,259.7884521484375,272.646484375,-0.017464556463238606,0.0311652894450663,0.024746402409514437,0.03950939346466943,0.6968092,270.9492909165339,274.85271711914953,448.64684673576994
2025-05-21,263.082579922779,264.3763349238983,259.4799408732281,259.7884521484375,7464000,0.0,0.0,JPM,-0.017464556463238634,264.057861328125,253.43653411865233,60.57067975522506,0.749341337385566,-0.11525194694356533,30353.902,4.33,4.2,320.58,326.854,20617.5,52.2,229000,4.42,1.72,2025-09-15 21:20:38,259.42022705078125,273.6814880371094,-0.001417403639811727,0.053478265772697604,0.013847584932538345,0.07911150237429984,0.6897468,263.3858948040557,280.3407068973943,438.97672042204067
2025-05-22,258.19611337099025,261.04238647892464,257.62883895562896,259.42022705078125,6514100,0.0,0.0,JPM,-0.0014174036398116874,262.7004089355469,254.23419265747071,59.99557028813811,0.2350678773484498,-0.12726420150053586,30353.902,4.33,4.2,320.58,326.854,20617.5,52.2,229000,4.42,1.72,2025-09-15 21:20:38,259.46002197265625,276.9358215332031,0.00015339945665536012,0.06751822971380414,0.02959474511018982,0.06566997883079961,0.6700474,267.0977025467767,276.45634786948733,433.24407631147915
2025-05-23,255.5787265285213,260.73388382025087,254.7726124890187,259.46002197265625,6671800,0.0,0.0,JPM,0.00015339945665537869,261.33698120117185,255.08807907104492,60.03972890366752,-0.15287458248051777,0.024209023502862914,30353.902,4.33,4.2,320.58,326.854,20617.5,52.2,229000,4.42,1.72,2025-09-15 21:20:38,264.01806640625,279.9114990234375,0.017567424834620992,0.0788232302429103,0.02950565587891312,0.06432154150939551,0.6341458,267.11556009531665,276.14889054599917,423.99548874923494
2025-05-27,260.7836486438675,264.0279978084463,260.73387014784373,264.01806640625,7506600,0.0,0.0,JPM,0.017567424834620926,261.41859130859376,256.18628845214846,64.82859471346502,-0.15260607354844957,0.125123654785815,30353.902,4.33,4.2,320.58,326.854,20617.5,52.2,229000,4.42,1.72,2025-09-15 21:20:38,262.2266845703125,282.69805908203125,-0.006785072932020735,0.0707527061691224,0.02984975648389087,0.049259154441579966,0.6150353,271.8989413958243,277.02337311472274,426.3984958921792
2025-05-28,264.9634996649843,265.4412092333447,261.63951697637066,262.2266845703125,5535400,0.0,0.0,JPM,-0.006785072932020686,260.9826904296875,257.12526473999026,61.69907843973361,-0.31388625696848393,-0.26259558255401916,30353.902,4.33,4.2,320.58,326.854,20617.5,52.2,229000,4.42,1.72,2025-09-15 21:20:38,263.10247802734375,287.3655700683594,0.0033398334668583965,0.09586699972674301,0.021420215573176964,0.04980094551306335,0.63088655,267.84363668284806,275.2858214006699,427.6619741540053
2025-05-29,263.5304091111322,264.1375002703833,261.2713035181273,263.10247802734375,5081200,0.0,0.0,JPM,0.0033398334668583995,261.64549560546874,258.10803070068357,62.64840998891354,-0.39703915085701524,-0.08205369079018676,30353.902,4.33,4.2,320.58,326.854,20617.5,52.2,229000,4.42,1.72,2025-09-15 21:20:38,262.7342529296875,285.7334289550781,-0.001399550093245344,0.0860157270179051,0.03460288616670096,0.05082768078950778,0.64915395,272.20658312470084,276.47536679544606,433.89649032270245
2025-05-30,262.18690205125534,264.057862886016,261.47035287386933,262.7342529296875,10977700,0.0,0.0,JPM,-0.0013995500932453275,262.30830078125,258.9594299316406,61.95311640643091,-0.5053497865115135,1.1604542234117923,30353.902,4.33,4.2,320.58,326.854,20617.5,52.2,229000,4.42,1.72,2025-09-15 21:20:38,263.3910827636719,288.52001953125,0.002499977930780707,0.09814390896516734,0.04257459986223177,0.05086211081616374,0.6671232,273.92005861827136,276.09747161739926,438.01036810207006
2025-06-02,261.7589312182056,263.75930392737183,260.644305953624,263.3910827636719,6011200,0.0,0.0,JPM,0.002499977930780606,263.0945129394531,259.56401748657225,62.74733434222941,-0.5571825794152776,-0.4524171729961649,30353.902,4.33,4.1,321.5,327.6,20693.1,60.7,250000,4.38,1.72,2025-09-15 21:20:38,264.99334716796875,289.0176086425781,0.0060832143119078546,0.09729458419782455,0.01909618739343585,0.026731033885657323,0.6740597,268.42084823788696,270.43179872220753,440.93237840923393
2025-06-03,262.46554716432524,265.30185843117926,261.61961644821946,264.99334716796875,6998400,0.0,0.0,JPM,0.006083214311907836,263.28956909179686,260.2462303161621,64.68401460511019,-0.5092936366122176,0.16422677668352414,30353.902,4.33,4.1,321.5,327.6,20693.1,60.7,250000,4.38,1.72,2025-09-15 21:20:38,262.95318603515625,290.6000061035156,-0.007698914537349962,0.09663132757561582,0.013808356448293086,0.026731033885657323,0.6725497,268.65246976209033,272.07689331058947,443.2145498210157
2025-06-04,264.64504745394464,265.83927577491863,262.9133693130791,262.95318603515625,5915700,0.0,0.0,JPM,-0.0076989145373499435,263.43486938476565,260.99114151000975,60.37967701454179,-0.6327017645042972,-0.15470679012345678,30353.902,4.33,4.1,321.5,327.6,20693.1,60.7,250000,4.38,1.72,2025-09-15 21:20:38,260.694091796875,296.0,-0.00859124117240859,0.1256756552872703,0.006184863870779881,0.026664853185201263,0.7226521,264.57951569517155,269.96479413536457,452.9768522546874
2025-06-05,263.4706932630997,263.4706932630997,259.06194020541,260.694091796875,8173800,0.0,0.0,JPM,-0.008591241172408615,262.95319213867185,261.6161315917969,55.94061551649365,-0.8695360637657306,0.3817130686140271,30353.902,4.33,4.1,321.5,327.6,20693.1,60.7,250000,4.38,1.72,2025-09-15 21:20:38,264.4559631347656,291.9700012207031,0.014430213250946101,0.11997168485198112,0.0056886193776591884,0.03033175201879134,0.756505,262.177081259112,268.60140034202186,457.91047897352837
2025-06-06,263.0626511657531,265.37153516846195,262.99300986431126,264.4559631347656,7738100,0.0,0.0,JPM,0.014430213250946178,263.2975341796875,262.2261932373047,61.07285801565198,-0.7788226389176955,-0.05330446059360394,30353.902,4.33,4.1,321.5,327.6,20693.1,60.7,250000,4.38,1.72,2025-09-15 21:20:38,265.4610900878906,282.7799987792969,0.0038007346902319294,0.06928955364562303,0.015178090160471324,0.026731033885657323,0.7600627,268.46989958669934,271.52514444658516,465.45907506467483
2025-06-09,264.7246477790378,266.6155320460647,262.0873594299272,265.4610900878906,8285000,0.0,0.0,JPM,0.0038007346902320105,263.71153564453124,262.9059173583984,62.33528169256609,-0.661717885923605,0.07067626419922202,30353.902,4.33,4.1,321.5,327.6,20693.1,60.7,250000,4.38,1.72,2025-09-15 21:20:38,267.31219482421875,283.1600036621094,0.006973167840587292,0.06667234572252707,0.014886133850720807,0.026731033885657323,0.7600847,269.4127794070972,272.55713948235353,467.2339842768997
2025-06-10,264.60523473595094,267.6107443161649,264.57537978675634,267.31219482421875,7538100,0.0,0.0,JPM,0.006973167840587324,264.17530517578126,263.3313690185547,64.61147838731931,-0.47871386971154184,-0.09015087507543751,30353.902,4.33,4.1,321.5,327.6,20693.1,60.7,250000,4.38,1.72,2025-09-15 21:20:38,266.8643493652344,288.19000244140625,-0.0016753648642138183,0.078102712938018,0.014041730870410126,0.026731033885657323,0.7905578,271.0657207223191,274.45772616211434,478.6379518713802
2025-06-11,267.39180706659846,268.32730266845346,264.51567895803186,266.8643493652344,7434100,0.0,0.0,JPM,-0.0016753648642138241,264.95753784179686,263.58713684082034,63.609907494099815,-0.4096213898799652,-0.013796580040063122,30353.902,4.33,4.1,321.5,327.6,20693.1,60.7,250000,4.38,1.72,2025-09-15 21:20:38,266.95391845703125,286.8599853515625,0.000335635284405447,0.07492808999737095,0.012344679244902899,0.026664853185201263,0.8291633,270.1587041600479,273.98024806142257,488.1384773830141
2025-06-12,265.58052998264776,267.00369695569367,263.86880564792295,266.95391845703125,6618000,0.0,0.0,JPM,0.00033563528440549995,266.2095031738281,263.7165130615234,63.73100139242526,-0.38031824504330913,-0.10977791528228031,30353.902,4.33,4.1,321.5,327.6,20693.1,60.7,250000,4.38,1.72,2025-09-15 21:20:38,263.6796875,288.70001220703125,-0.012265154135799915,0.08146010321066045,0.014886133850720807,0.026731033885657323,0.8594396,270.92783021915704,274.0898726972151,496.3846904067759
2025-06-13,263.80903869240996,265.7397396319499,261.4504067124717,263.6796875,7098300,0.0,0.0,JPM,-0.012265154135799872,266.054248046875,263.59012298583986,56.349195155958334,-0.5912934422624723,0.07257479601087935,30353.902,4.33,4.1,321.5,327.6,20693.1,60.7,250000,4.38,1.72,2025-09-15 21:20:38,269.063720703125,286.54998779296875,0.020418839441794318,0.08673516155076887,0.006820032578112489,0.025616142877526397,0.8801272,265.47799155893654,270.4341440489015,495.7513503264636
2025-06-16,265.7198450958534,270.42717762989383,265.5705703582536,269.063720703125,8566000,0.0,0.0,JPM,0.020418839441794345,266.7747741699219,263.72945098876954,63.7786881387105,-0.38791291208029044,0.20676781764647867,30353.902,4.33,4.1,321.5,327.6,20693.1,60.7,250000,4.38,1.72,2025-09-15 21:20:38,268.2277526855469,285.82000732421875,-0.003106951823135239,0.06227627633077303,0.014248201606263342,0.026731033885657323,0.87157303,272.89739484063443,276.25607213864123,503.5723872372182
2025-06-17,266.88424967146057,269.2926297693676,266.5159981558218,268.2277526855469,6739300,0.0,0.0,JPM,-0.003106951823135251,266.9578857421875,263.96033782958983,62.01378143864553,-0.3315455976848467,-0.2132500583703012,30353.902,4.33,4.1,321.5,327.6,20693.1,60.7,250000,4.38,1.72,2025-09-15 21:20:38,272.646484375,289.8999938964844,0.016473804985546608,0.08079790772562097,0.008728041240791927,0.025603687882100868,0.84825695,270.5688555729113,275.09537234662497,495.7538069064358
2025-06-18,268.7054791842507,276.3884666928138,268.4268228651323,272.646484375,9586400,0.0,0.0,JPM,0.016473804985546625,268.11431274414065,264.37235260009766,67.18313166379201,-0.03417986774047321,0.42246227352989174,30353.902,4.33,4.1,321.5,327.6,20693.1,60.7,250000,4.38,1.72,2025-09-15 21:20:38,273.6814880371094,291.2699890136719,0.0037961379347397827,0.06830641767255274,0.011800390505567668,0.0222242707626299,0.84686846,275.8638193605952,278.70585366622913,503.5422077216208
2025-06-20,274.2487624105066,275.9704483340071,272.4971911682662,273.6814880371094,13969700,0.0,0.0,JPM,0.003796137934739763,269.45982666015624,265.06700439453124,68.27225736434477,0.18278688235059448,0.4572415088041393,30353.902,4.33,4.1,321.5,327.6,20693.1,60.7,250000,4.38,1.72,2025-09-15 21:20:38,276.9358215332031,290.9700012207031,0.011890952213956408,0.06317019579069792,0.012632131719938926,0.0222242707626299,0.8636636,277.13866864330305,279.76385952996554,510.05024733705795
2025-06-23,273.7412204054367,277.214477856322,270.80535205332694,276.9358215332031,8094600,0.0,0.0,JPM,0.011890952213956307,272.1110534667969,265.94278411865236,71.47758229034221,0.4792031908632195,-0.4205602124598238,30353.902,4.33,4.1,321.5,327.6,20693.1,60.7,250000,4.38,1.72,2025-09-15 21:20:38,279.9114990234375,291.42999267578125,0.010745007539147864,0.05233765376517155,0.016847519905306595,0.016341133958988282,0.8825748,281.60150329897624,281.46126689091966,521.352397915347
2025-06-24,278.86651506161456,281.3545287260588,278.1698894583265,279.9114990234375,9267900,0.0,0.0,JPM,0.010745007539147755,274.2806091308594,266.9653579711914,74.05829623928113,0.7910029343963076,0.1449484841746349,30353.902,4.33,4.1,321.5,327.6,20693.1,60.7,250000,4.38,1.72,2025-09-15 21:20:38,282.69805908203125,296.760009765625,0.00995514678144904,0.06019227791987475,0.013356247535220812,0.017636188037132305,0.90404934,283.65006629234927,284.8480708539704,532.9653207931551
2025-06-25,280.1503355472526,282.9170054969541,279.5631679734277,282.69805908203125,6826900,0.0,0.0,JPM,0.009955146781448931,277.17467041015624,267.8993576049805,76.22747836052436,1.0822277708274584,-0.26338221172002285,30353.902,4.33,4.1,321.5,327.6,20693.1,60.7,250000,4.38,1.72,2025-09-15 21:20:38,287.3655700683594,296.54998779296875,0.016510587308184315,0.048999023042171116,0.01399110275217512,0.017656082573071004,0.94557077,286.6533166744884,287.6893993564305,550.0090627665486
2025-06-26,283.3350001951252,288.0224093016382,283.1060920108545,287.3655700683594,8942100,0.0,0.0,JPM,0.016510587308184332,280.1184875488281,269.1563018798828,79.34322206265786,1.462861444899147,0.3098331599994142,30353.902,4.33,4.1,321.5,327.6,20693.1,60.7,250000,4.38,1.72,2025-09-15 21:20:38,285.7334289550781,298.6199951171875,-0.005679668280695532,0.03916413871763026,0.013546319696438327,0.016548994491269738,0.9770774,291.2583159502546,292.12118130440126,568.1439982965821
2025-06-27,284.4396739878663,287.31583238485587,283.67337670682673,285.7334289550781,17868600,0.0,0.0,JPM,-0.005679668280695549,282.52887573242185,270.28784942626953,75.61131921654223,1.4742181631042053,0.9982554433522326,30353.902,4.33,4.1,321.5,327.6,20693.1,60.7,250000,4.38,1.72,2025-09-15 21:20:38,288.52001953125,298.2799987792969,0.00975241359179563,0.043910052352296766,0.018838086721002734,0.015730328937928247,1.011885,291.11610006882336,290.2281097811037,574.8628471931006
2025-06-30,289.0076604894998,291.24687278209086,287.5347758413133,288.52001953125,12689200,0.0,0.0,JPM,0.009752413591795683,284.84571533203126,271.57713775634767,77.55259312509695,1.5321569935818111,-0.28986042555096647,30353.902,4.33,4.1,321.5,327.6,20693.1,60.7,250000,4.38,1.72,2025-09-15 21:20:38,289.0176086425781,297.0400085449219,0.0017246259449744368,0.029529975173002036,0.014162622052683585,0.016548994491269738,1.0417421,292.606219522504,293.2947357450937,589.0834666489391
2025-07-01,289.4953181761386,289.7341577572893,285.2159166625477,289.0176086425781,9338300,0.0,0.0,JPM,0.0017246259449743562,286.66693725585935,272.858464050293,77.89100830247855,1.4666845186798723,-0.2640749613844845,30353.902,4.33,4.2,322.132,328.656,20802.0,61.7,228000,4.39,1.72,2025-09-15 21:20:38,290.6000061035156,299.6300048828125,0.005475090145439605,0.036718856993099326,0.013412502760131898,0.008555124850176359,1.0288106,292.89405811622345,291.49019036841474,586.3619594164775
2025-07-02,290.63982282748304,291.4160819029091,288.3110456012049,290.6000061035156,8158700,0.0,0.0,JPM,0.005475090145439676,288.24732666015626,274.1387969970703,78.97647993930299,1.3931794676269433,-0.1263184948009809,30353.902,4.33,4.2,322.132,328.656,20802.0,61.7,228000,4.39,1.72,2025-09-15 21:20:38,296.0,296.239990234375,0.018582222240424953,0.019408066112876602,0.013029574826003677,0.008555124850176359,1.0753788,294.3864006274785,293.0861254371932,603.1051194977044
2025-07-03,292.1499938964844,296.3999938964844,291.2099914550781,296.0,6541600,1.4,0.0,JPM,0.01858222224042505,289.9742126464844,275.7911376953125,82.18996754440427,1.5589477577943223,-0.19820559647983138,30353.902,4.33,4.2,322.132,328.656,20802.0,61.7,228000,4.39,1.72,2025-09-15 21:20:38,291.9700012207031,289.3699951171875,-0.013614860740867821,-0.022398665144636825,0.01270396006530354,0.008555124850176359,1.0881643,299.76037217932986,298.53231695565216,618.0966415405273
2025-07-07,295.25,296.0400085449219,290.0799865722656,291.9700012207031,8825700,0.0,0.0,JPM,-0.013614860740867818,291.2215270996094,277.3549331665039,73.19777856147726,1.2606448353851594,0.34916534181240055,30353.902,4.33,4.2,322.132,328.656,20802.0,61.7,228000,4.39,1.72,2025-09-15 21:20:38,282.7799987792969,294.260009765625,-0.03147584478879196,0.007843300802642509,-0.009358962779081832,0.009163240846083534,1.1012669,289.2374648466701,294.6453926617197,613.5068879600731
2025-07-08,289.2699890136719,289.70001220703125,280.30999755859375,282.7799987792969,15440900,0.0,0.0,JPM,-0.03147584478879195,290.0735229492187,278.2711349487305,57.69582588911104,0.35493595601282824,0.7495382802497252,30353.902,4.33,4.2,322.132,328.656,20802.0,61.7,228000,4.39,1.72,2025-09-15 21:20:38,283.1600036621094,291.3699951171875,0.0013438181075496958,0.03037695867802487,0.0033930136503112886,0.01686563510464663,1.1193235,283.73947517519,287.5492630536009,599.3022944948825
2025-07-09,287.17999267578125,287.20001220703125,282.4800109863281,283.1600036621094,11273800,0.0,0.0,JPM,0.001343818107549799,288.902001953125,279.1560806274414,58.0910590948883,-0.2740779143958054,-0.2698741653660085,30353.902,4.33,4.2,322.132,328.656,20802.0,61.7,228000,4.39,1.72,2025-09-15 21:20:38,288.19000244140625,291.3500061035156,0.0177638039067802,0.028923585024314587,0.015007420877037695,0.016568720020891076,1.074845,287.40950501261017,287.85160248390133,587.5130716966669
2025-07-10,283.0,288.30999755859375,283.0,288.19000244140625,8410900,0.0,0.0,JPM,0.01776380390678023,288.4200012207031,280.1999710083008,63.016464833356736,-0.3993143409289832,-0.2539427699622133,30353.902,4.33,4.2,322.132,328.656,20802.0,61.7,228000,4.39,1.72,2025-09-15 21:20:38,286.8599853515625,286.94000244140625,-0.004615070191805714,-0.004337416251121152,0.014664208479455603,0.01974865303835718,0.95205474,292.41608071890187,293.88136680874493,562.5626599977113
2025-07-11,285.5199890136719,287.3800048828125,283.6499938964844,286.8599853515625,7384700,0.0,0.0,JPM,-0.004615070191805737,286.5919982910156,281.1997528076172,60.97582192402571,-0.6071989614655218,-0.122008346312523,30353.902,4.33,4.2,322.132,328.656,20802.0,61.7,228000,4.39,1.72,2025-09-15 21:20:38,288.70001220703125,288.760009765625,0.006414372688521535,0.006623525451742308,0.007831231625647984,0.01968247233790112,0.89307135,289.1064523409806,292.50609907809536,543.0464378141623
2025-07-14,287.07000732421875,289.29998779296875,285.260009765625,288.70001220703125,9079900,0.0,0.0,JPM,0.006414372688521519,285.93800048828126,282.2870574951172,62.77194048805527,-0.6522994854741979,0.22955570300756967,30353.902,4.33,4.2,322.132,328.656,20802.0,61.7,228000,4.39,1.72,2025-09-15 21:20:38,286.54998779296875,289.55999755859375,-0.007447261250964839,0.0029788199348803326,0.013755949813459829,0.02490377615826285,0.867875,292.6713550860964,295.8897326879229,539.255529519367
2025-07-15,288.0,291.95001220703125,285.4800109863281,286.54998779296875,12526100,0.0,0.0,JPM,-0.007447261250964843,286.69199829101564,283.4305725097656,59.335418254258585,-0.84615487549772,0.3795416249077632,30353.902,4.33,4.2,322.132,328.656,20802.0,61.7,228000,4.39,1.72,2025-09-15 21:20:38,285.82000732421875,292.8500061035156,-0.0025474803693846535,0.02198575668793472,0.004907361385300779,0.024892927409602413,0.85744923,287.9561921380224,293.68305583832154,532.2520722743502
2025-07-16,288.3999938964844,290.7300109863281,283.010009765625,285.82000732421875,9979800,0.0,0.0,JPM,-0.0025474803693846804,287.2239990234375,284.2683868408203,58.170990377981845,-1.0305322685737597,-0.20327955229480843,30353.902,4.33,4.2,322.132,328.656,20802.0,61.7,228000,4.39,1.72,2025-09-15 21:20:38,289.8999938964844,290.5299987792969,0.014274671008728613,0.016478872487521022,0.0077336256568780876,0.025032113733829516,0.8439144,288.0304322661104,292.97468625496253,527.0276243436456
2025-07-17,283.44000244140625,290.29998779296875,283.44000244140625,289.8999938964844,8509500,0.0,0.0,JPM,0.014274671008728701,287.5659973144531,285.3519989013672,62.58994106378589,-0.8899940180753063,-0.14732760175554616,30353.902,4.33,4.2,322.132,328.656,20802.0,61.7,228000,4.39,1.72,2025-09-15 21:20:38,291.2699890136719,294.1600036621094,0.00472575076243944,0.014694756313607019,0.014165728922541851,0.02490377615826285,0.8137664,294.00663862466854,297.1195984527642,525.8108913344331
2025-07-18,289.5199890136719,292.5,288.2300109863281,291.2699890136719,12217000,0.0,0.0,JPM,0.004725750762439418,288.447998046875,286.2831741333008,63.96649444289621,-0.7240890314004051,0.43568952347376455,30353.902,4.33,4.2,322.132,328.656,20802.0,61.7,228000,4.39,1.72,2025-09-15 21:20:38,290.9700012207031,290.489990234375,-0.0010299303199227605,-0.002677923605992455,0.011604287151885277,0.02490377615826285,0.8108238,294.649969604913,298.52371162168805,527.4386278014754
2025-07-21,291.0,294.17999267578125,290.5799865722656,290.9700012207031,7898100,0.0,0.0,JPM,-0.0010299303199227117,288.90199584960936,287.1475997924805,63.416226380655544,-0.6559057420427923,-0.35351559302611113,30353.902,4.33,4.2,322.132,328.656,20802.0,61.7,228000,4.39,1.72,2025-09-15 21:20:38,291.42999267578125,291.5299987792969,0.0015808896214328904,0.0019245886388438624,0.014372252169705087,0.02483759545780679,0.83394134,295.15189545206647,298.1969964013805,533.6219140684079
2025-07-22,291.5,293.6300048828125,289.17999267578125,291.42999267578125,6717500,0.0,0.0,JPM,0.0015808896214328794,289.87799682617185,287.8723083496094,63.92863357077777,-0.6025517580530293,-0.14947898861751563,30353.902,4.33,4.2,322.132,328.656,20802.0,61.7,228000,4.39,1.72,2025-09-15 21:20:38,296.760009765625,290.6600036621094,0.018289185134672967,-0.002642106279460726,0.013989324235576866,0.024415753843513858,0.83941066,295.5069013352946,298.5454756395702,536.0594359441529
2025-07-23,292.8399963378906,296.989990234375,292.54998779296875,296.760009765625,7083500,0.0,0.0,JPM,0.018289185134672925,292.0659973144531,288.71473388671876,69.29519998119555,-0.2491224032973074,0.05448455526609597,30353.902,4.33,4.2,322.132,328.656,20802.0,61.7,228000,4.39,1.72,2025-09-15 21:20:38,296.54998779296875,292.239990234375,-0.0007077165579759924,-0.015231228543292674,0.012564253182962688,0.02492354379770926,0.8531484,300.48857766289876,304.1563208664272,549.9403552019503
2025-07-24,297.4200134277344,299.5899963378906,296.20001220703125,296.54998779296875,7001200,0.0,0.0,JPM,-0.0007077165579759681,293.39599609375,289.40733032226564,68.86046490778817,-0.07912352044001114,-0.011618550151761164,30353.902,4.33,4.2,322.132,328.656,20802.0,61.7,228000,4.39,1.72,2025-09-15 21:20:38,298.6199951171875,291.4700012207031,0.006980298126546847,-0.017130287578403576,0.012505966334378836,0.022846538373520603,0.88151336,300.25863195676806,303.3251284687479,557.9627630988398
2025-07-25,296.70001220703125,298.8999938964844,295.9599914550781,298.6199951171875,5918500,0.0,0.0,JPM,0.006980298126546769,294.8659973144531,289.97005157470704,70.80460566389729,0.11267955559138354,-0.15464491801405478,30353.902,4.33,4.2,322.132,328.656,20802.0,61.7,228000,4.39,1.72,2025-09-15 21:20:38,298.2799987792969,296.239990234375,-0.0011385585139976986,-0.007970011793344629,0.010332656894197165,0.022846538373520603,0.9160336,301.70553306848024,305.44242829473285,572.165951921852
2025-07-28,297.6600036621094,299.42999267578125,296.82000732421875,298.2799987792969,5840400,0.0,0.0,JPM,-0.0011385585139976895,296.3279968261719,290.59738006591795,70.03122317795152,0.15403682029403765,-0.013195911126129944,30353.902,4.33,4.2,322.132,328.656,20802.0,61.7,228000,4.39,1.72,2025-09-15 21:20:38,297.0400085449219,294.8999938964844,-0.004157135039056014,-0.011331651121915925,0.013395994397333947,0.02351424167547387,0.94247794,302.2757559717811,305.2938267575533,579.4023180233271
2025-07-29,300.0,301.2900085449219,296.20001220703125,297.0400085449219,7635700,0.0,0.0,JPM,-0.004157135039056015,297.45,291.02337951660155,67.15044112115876,0.04114295992448991,0.30739332922402585,30353.902,4.33,4.2,322.132,328.656,20802.0,61.7,228000,4.39,1.72,2025-09-15 21:20:38,299.6300048828125,298.57000732421875,0.008719351815864682,0.005150817180459011,0.0063680458764812115,0.02351424167547387,0.9699112,298.9315729464863,304.024679093132,585.1424449352307
2025-07-30,297.4200134277344,300.6099853515625,297.3800048828125,299.6300048828125,8061700,0.0,0.0,JPM,0.008719351815864584,298.0239990234375,291.55399932861326,69.9325894918348,0.08181258777642952,0.05579056275128669,30353.902,4.33,4.2,322.132,328.656,20802.0,61.7,228000,4.39,1.72,2025-09-15 21:20:38,296.239990234375,299.2799987792969,-0.011314002580493764,-0.0011681276835159248,0.012525843447360477,0.022846538373520603,0.9772808,303.38312341610646,306.47551328722585,592.4526722919254
2025-07-31,299.1400146484375,300.9800109863281,295.5,296.239990234375,14749700,0.0,0.0,JPM,-0.011314002580493754,297.9619995117188,291.83599853515625,62.47429976217285,-0.1652159322569302,0.8296016969125619,30353.902,4.33,4.2,322.132,328.656,20802.0,61.7,228000,4.39,1.72,2025-09-15 21:20:38,289.3699951171875,301.07000732421875,-0.023190640506544014,0.016304406052749344,0.007149468797411709,0.026225955492991566,0.9689701,298.3579488011012,304.00916703350595,583.2876714494196
2025-08-01,290.3999938964844,291.79998779296875,284.239990234375,289.3699951171875,12007100,0.0,0.0,JPM,-0.02319064050654407,296.11199951171875,291.50449829101564,50.67859831397071,-0.8013260976473955,-0.185942764937592,30353.902,4.33,4.3,323.364,329.793,20802.0,61.7,227000,4.26,1.72,2025-09-15 21:20:38,294.260009765625,301.4200134277344,0.016898831015486483,0.041642252181906154,0.004084056843830027,0.04460584674108447,0.9566354,290.55179862614494,302.2775887708531,566.1915978927864
2025-08-04,290.260009765625,294.32000732421875,290.260009765625,294.260009765625,6649500,0.0,0.0,JPM,0.016898831015486504,295.30800170898436,291.6189987182617,56.914408028139874,-0.8956364206083816,-0.4462026634241407,30353.902,4.33,4.3,323.364,329.793,20802.0,61.7,227000,4.26,1.72,2025-09-15 21:20:38,291.3699951171875,299.70001220703125,-0.009821295971339654,0.018487059949937316,0.018599336201302098,0.026139125043180476,0.8427862,299.7330506178543,301.9517089560961,542.258283116942
2025-08-05,294.69000244140625,295.7900085449219,287.239990234375,291.3699951171875,7182300,0.0,0.0,JPM,-0.009821295971339628,294.1739990234375,292.0484985351562,52.67562028905179,-1.1398751533600926,0.08012632528761565,30353.902,4.33,4.3,323.364,329.793,20802.0,61.7,227000,4.26,1.72,2025-09-15 21:20:38,291.3500061035156,299.510009765625,-6.860354191184142e-05,0.027937038078212646,0.005385810833768032,0.03620310776740606,0.73960304,292.93925879352463,301.91849445060365,506.8681300289463
2025-08-06,292.29998779296875,293.2900085449219,290.1600036621094,291.3500061035156,6330200,0.0,0.0,JPM,-6.860354191184914e-05,292.51799926757815,292.45799865722654,52.64641481552615,-1.2795263736613371,-0.11863887612603208,30353.902,4.33,4.3,323.364,329.793,20802.0,61.7,227000,4.26,1.72,2025-09-15 21:20:38,286.94000244140625,303.82000732421875,-0.015136446094813247,0.04280075839872328,0.014320455235825997,0.03626928846786212,0.6770623,295.52227082387867,301.91706351999744,488.6121034819589
2025-08-07,292.94000244140625,293.4599914550781,286.4100036621094,286.94000244140625,8057100,0.0,0.0,JPM,-0.015136446094813238,290.6580017089844,292.39549865722654,46.518501932615244,-1.6235475991860397,0.27280338693880135,30353.902,4.33,4.3,323.364,329.793,20802.0,61.7,227000,4.26,1.72,2025-09-15 21:20:38,288.760009765625,294.3800048828125,0.006342814904625922,0.02592877388340273,0.00681953239729145,0.059966071148257076,0.6205344,288.89679908413433,304.14666704308866,464.9961504350358
2025-08-08,288.9800109863281,291.2300109863281,284.7099914550781,288.760009765625,6634100,0.0,0.0,JPM,0.006342814904625849,290.5360046386719,292.49049987792966,49.14913914726685,-1.6763446834754063,-0.17661441461568061,30353.902,4.33,4.3,323.364,329.793,20802.0,61.7,227000,4.26,1.72,2025-09-15 21:20:38,289.55999755859375,292.9100036621094,0.00277042445599745,0.014371775024709134,0.01385835009407629,0.04895282862254503,0.60604787,292.76174707412594,302.8956290367261,463.76239825814264
2025-08-11,289.3999938964844,291.32000732421875,288.7799987792969,289.55999755859375,5510100,0.0,0.0,JPM,0.0027704244559974,289.59600219726565,292.5334991455078,50.306195603145746,-1.6051149424956295,-0.16942765409023075,30353.902,4.33,4.3,323.364,329.793,20802.0,61.7,227000,4.26,1.72,2025-09-15 21:20:38,292.8500061035156,297.8500061035156,0.011362096189602733,0.028629674729999107,0.01385835009407629,0.04472899381753288,0.5710661,293.57282137800064,302.5117248991969,454.91790798956936
2025-08-12,291.5,294.75,290.3399963378906,292.8500061035156,8570900,0.0,0.0,JPM,0.011362096189602822,289.8920043945312,292.84850006103517,54.85563741710515,-1.2973158820772919,0.5554890110887281,30353.902,4.33,4.3,323.364,329.793,20802.0,61.7,227000,4.26,1.72,2025-09-15 21:20:38,290.5299987792969,300.5400085449219,-0.007922169287572703,0.026259184842523153,0.011387022521578492,0.032434136172424514,0.5505192,296.1846957184607,302.34834307957243,454.06956537802034
2025-08-13,293.95001220703125,294.54998779296875,287.1600036621094,290.5299987792969,8420400,0.0,0.0,JPM,-0.007922169287572722,289.7280029296875,293.08399963378906,51.28978196015253,-1.2124363521384738,-0.01755941616399681,30353.902,4.33,4.3,323.364,329.793,20802.0,61.7,227000,4.26,1.72,2025-09-15 21:20:38,294.1600036621094,305.55999755859375,0.01249442363289327,0.051733035632972685,0.005845515017976359,0.04140254319997399,0.5272833,292.2282962503339,302.55867960464514,443.72161844856964
2025-08-14,290.5799865722656,294.20001220703125,289.6400146484375,294.1600036621094,6322400,0.0,0.0,JPM,0.012494423632893215,291.1720031738281,293.2970001220703,56.09845062238773,-0.8892487240149469,-0.2491568096527481,30353.902,4.33,4.3,323.364,329.793,20802.0,61.7,227000,4.26,1.72,2025-09-15 21:20:38,290.489990234375,306.9100036621094,-0.012476248919108604,0.0433437579591733,0.014772210592715277,0.02975884046497885,0.52827895,298.50539718415996,302.9138642822677,449.5585406099235
2025-08-15,294.8399963378906,295.5,289.82000732421875,290.489990234375,7340500,0.0,0.0,JPM,-0.01247624891910859,291.51799926757815,293.2580001831055,50.65389144593784,-0.8974795629394285,0.161030621283057,30353.902,4.33,4.3,323.364,329.793,20802.0,61.7,227000,4.26,1.72,2025-09-15 21:20:38,291.5299987792969,308.8999938964844,0.003580187200539229,0.06337569031984784,0.005540928745335295,0.043083411129097714,0.51357234,292.0995745714969,303.00528991253015,439.6776128838246
2025-08-18,290.0,291.8999938964844,288.4100036621094,291.5299987792969,5386900,0.0,0.0,JPM,0.003580187200539209,291.91199951171876,293.28600006103517,52.07341396786097,-0.8103774658995277,-0.2661399087255637,30353.902,4.33,4.3,323.364,329.793,20802.0,61.7,227000,4.26,1.72,2025-09-15 21:20:38,290.6600036621094,308.8999938964844,-0.0029842387432866928,0.06337569031984784,0.01566248760814801,0.036974126233069796,0.51913714,296.096083772581,302.3090657548893,442.8740497617764
2025-08-19,290.8299865722656,292.4800109863281,289.5299987792969,290.6600036621094,6031500,0.0,0.0,JPM,-0.0029842387432866824,291.4739990234375,293.24750061035155,50.75801174790039,-0.7881335247909589,0.11966065826356531,30353.902,4.33,4.3,323.364,329.793,20802.0,61.7,227000,4.26,1.72,2025-09-15 21:20:38,292.239990234375,308.8999938964844,0.00543585822734094,0.06337569031984784,0.008199657738132865,0.043083411129097714,0.5039583,293.04331621030315,303.18262809866906,437.1405032588955
2025-08-20,290.80999755859375,293.3299865722656,287.2699890136719,292.239990234375,7374200,0.0,0.0,JPM,0.0054358582273410505,291.8159973144531,293.02149963378906,53.076242004577885,-0.6495590599152319,0.22261460664842914,30353.902,4.33,4.3,323.364,329.793,20802.0,61.7,227000,4.26,1.72,2025-09-15 21:20:38,291.4700012207031,308.8999938964844,-0.0026347831898514223,0.06337569031984784,0.014819855489811464,0.03291646131205781,0.49143648,296.57094465799236,301.859496566761,435.8573827816872
2025-08-21,291.94000244140625,292.7699890136719,289.4700012207031,291.4700012207031,6624000,0.0,0.0,JPM,-0.0026347831898514418,291.2779968261719,292.76750030517576,51.79645745336149,-0.5938246543044772,-0.10173306934989557,30353.902,4.33,4.3,323.364,329.793,20802.0,61.7,227000,4.26,1.72,2025-09-15 21:20:38,296.239990234375,308.8999938964844,0.01636528285482116,0.06337569031984784,0.009121467064090899,0.0379108001876993,0.4675579,294.1286352370083,302.5198621976897,427.74910497519886
2025-08-22,293.20001220703125,297.1600036621094,290.1300048828125,296.239990234375,8552800,0.0,0.0,JPM,0.016365282854821084,292.42799682617186,292.6485000610352,58.47608867683395,-0.23803258078939415,0.2911835748792271,30353.902,4.33,4.3,323.364,329.793,20802.0,61.7,227000,4.26,1.72,2025-09-15 21:20:38,294.8999938964844,308.8999938964844,-0.004523347225438623,0.06337569031984784,0.014271459859255547,0.024007902333389224,0.45762494,300.4677673637111,303.35209098716604,431.8067897738656
2025-08-25,296.239990234375,297.3500061035156,294.1400146484375,294.8999938964844,5856300,0.0,0.0,JPM,-0.004523347225438679,293.10199584960935,292.47949981689453,56.123275438815824,-0.1022038492232471,-0.3152768683939763,30353.902,4.33,4.3,323.364,329.793,20802.0,61.7,227000,4.26,1.72,2025-09-15 21:20:38,298.57000732421875,308.8999938964844,0.012444942365860547,0.06337569031984784,0.008849328267108806,0.026716275890269186,0.46007097,297.50966074844274,302.77862349346157,430.57491945557194
2025-08-26,294.1600036621094,298.739990234375,293.5,298.57000732421875,6714700,0.0,0.0,JPM,0.012444942365860578,294.6839965820312,292.5559997558594,60.7779388014732,0.20859581664422855,0.14657719037617611,30353.902,4.33,4.3,323.364,329.793,20802.0,61.7,227000,4.26,1.72,2025-09-15 21:20:38,299.2799987792969,308.8999938964844,0.002377973130794553,0.06337569031984784,0.015171603647332114,0.02331578062115695,0.47534502,303.09979313632283,305.53140011504746,440.49377209129307
2025-08-27,297.25,301.07000732421875,297.0400085449219,299.2799987792969,6056500,0.0,0.0,JPM,0.002377973130794464,296.0919982910156,292.5384994506836,61.626065165136325,0.4233941231200402,-0.09802373896078753,30353.902,4.33,4.3,323.364,329.793,20802.0,61.7,227000,4.26,1.72,2025-09-15 21:20:38,301.07000732421875,308.8999938964844,0.005981049693340554,0.06337569031984784,0.014647765257446802,0.023333900636600294,0.51113665,303.663781947665,306.2633685333348,452.25297507833966
2025-08-28,300.0199890136719,301.239990234375,298.70001220703125,301.07000732421875,6410500,0.0,0.0,JPM,0.005981049693340568,298.0119995117187,292.7800003051758,63.75408598103256,0.6347197219283369,0.05844959960373153,30353.902,4.33,4.3,323.364,329.793,20802.0,61.7,227000,4.26,1.72,2025-09-15 21:20:38,301.4200134277344,308.8999938964844,0.00116254058857051,0.06337569031984784,0.014556530027150854,0.019280800079689193,0.53954136,305.45254192610827,306.87487794542756,463.5097296499516
2025-08-29,302.0400085449219,302.95001220703125,299.7300109863281,301.4200134277344,6796400,0.0,0.0,JPM,0.0011625405885704598,299.0480041503906,293.38250122070315,64.17245716014233,0.7394464114203991,0.06019811247172613,30353.902,4.33,4.3,323.364,329.793,20802.0,61.7,227000,4.26,1.72,2025-09-15 21:20:38,299.70001220703125,308.8999938964844,-0.005706327198195472,0.06337569031984784,0.014556530027150854,0.018215342019591907,0.5806067,305.8076429039794,306.9104820638705,476.42649243349297
2025-09-02,300.260009765625,300.4599914550781,294.5,299.70001220703125,7221900,0.0,0.0,JPM,-0.005706327198195527,300.0080078125,293.6545013427734,60.47810173845725,0.6380806441379914,0.06260667412159382,30353.902,4.33,4.3,323.364,329.793,20802.0,61.7,263000,4.26,1.72,2025-09-15 21:20:38,299.510009765625,308.8999938964844,-0.0006339754209786193,0.06337569031984784,0.007309105701999898,0.02855489496994705,0.611318,301.8905512751431,308.25791457809487,482.9120219348624
2025-09-03,300.57000732421875,300.57000732421875,296.3800048828125,299.510009765625,6316900,0.0,0.0,JPM,-0.0006339754209786497,300.1960083007813,294.06150207519534,60.066725621744325,0.50904051152376,-0.12531328320802004,30353.902,4.33,4.3,323.364,329.793,20802.0,61.7,263000,4.26,1.72,2025-09-15 21:20:38,303.82000732421875,308.8999938964844,0.014390161991468814,0.06337569031984784,0.01355843354222473,0.02659213758984974,0.6189867,303.5708963282633,307.47462115484973,484.9027300569287
2025-09-04,300.0,304.42999267578125,298.2799987792969,303.82000732421875,6605800,0.0,0.0,JPM,0.014390161991468808,301.1040100097656,294.6850021362305,65.75679829394457,0.6554384007269016,0.045734458357738816,30353.902,4.33,4.3,323.364,329.793,20802.0,61.7,263000,4.26,1.72,2025-09-15 21:20:38,294.3800048828125,308.8999938964844,-0.031071036185357066,0.06337569031984784,0.012275796720481265,0.02685221162881045,0.606601,307.54963997374597,311.9782464579554,488.117527536102
2025-09-05,303.6499938964844,305.1499938964844,294.30999755859375,294.3800048828125,9837700,0.0,0.0,JPM,-0.031071036185357115,299.76600952148436,295.05700225830077,49.21564353178905,0.08781433243116865,0.48925186956916655,30353.902,4.33,4.3,323.364,329.793,20802.0,61.7,263000,4.26,1.72,2025-09-15 21:20:38,292.9100036621094,308.8999938964844,-0.004993549821049519,0.06337569031984784,0.0010996800775872183,0.055602946812923576,0.6208477,294.7037287094222,310.7484006370997,477.1451544368174
2025-09-08,294.8900146484375,296.4599914550781,291.44000244140625,292.9100036621094,8188500,0.0,0.0,JPM,-0.004993549821049492,298.0640075683594,295.264501953125,47.22353087897223,-0.3891623624038716,-0.16764081035201317,30353.902,4.33,4.3,323.364,329.793,20802.0,61.7,263000,4.26,1.72,2025-09-15 21:20:38,297.8500061035156,308.8999938964844,0.016865256835355006,0.06337569031984784,0.0095614033995533,0.06259017823559718,0.583894,295.7106343668874,311.2432929983102,463.93840154614736
2025-09-09,292.6000061035156,299.0,292.30999755859375,297.8500061035156,7848200,0.0,0.0,JPM,0.016865256835355114,297.6940063476562,295.6790023803711,53.96687517284662,-0.37436069465349453,-0.041558282957806725,30353.902,4.33,4.3,323.364,329.793,20802.0,61.7,263000,4.26,1.72,2025-09-15 21:20:38,300.5400085449219,308.8999938964844,0.009031399651780967,0.06337569031984784,0.013415502566150516,0.040401936620922944,0.481584,301.8458136247253,309.8837231726514,441.28982492173964
2025-09-10,296.70001220703125,301.5400085449219,295.3999938964844,300.5400085449219,7787300,0.0,0.0,JPM,0.009031399651781014,297.90000610351564,296.0635025024414,57.17562755385963,-0.19483430428800075,-0.007759741087128291,30353.902,4.33,4.3,323.364,329.793,20802.0,61.7,263000,4.26,1.72,2025-09-15 21:20:38,305.55999755859375,308.8999938964844,0.016703230421721154,0.06337569031984784,0.013535161227687402,0.03283293727941476,0.43564573,304.607866015948,310.4076197954321,431.4689707955222
2025-09-11,301.239990234375,305.7300109863281,300.7900085449219,305.55999755859375,7942500,0.0,0.0,JPM,0.01670323042172117,298.2480041503906,296.81500244140625,62.437656183499804,0.22766564748713458,0.019929885839764738,30353.902,4.33,4.3,323.364,329.793,20802.0,61.7,263000,4.26,1.72,2025-09-15 21:20:38,306.9100036621094,308.8999938964844,0.0044181375648059094,0.06337569031984784,0.013850389851975247,0.03107535750708519,0.43946016,309.7921226479489,315.05538372259116,439.84144247053337
2025-09-12,305.0,307.54998779296875,303.70001220703125,306.9100036621094,6846200,0.0,0.0,JPM,0.004418137564805802,300.75400390625,297.45250244140624,63.72841867796727,0.5455799431140846,-0.13802958766131568,30353.902,4.33,4.3,323.364,329.793,20802.0,61.7,263000,4.26,1.72,2025-09-15 21:20:38,308.8999938964844,308.8999938964844,0.006483953636668901,0.06337569031984784,0.01355843354222473,0.025469698453543427,0.4719519,311.071222550206,314.7269089077592,451.75678189973405
2025-09-15,307.1700134277344,309.94000244140625,307.1700134277344,308.8999938964844,7116796,0.0,0.0,JPM,0.006483953636668982,303.952001953125,298.37300262451174,65.60467827532742,0.820875187984933,0.03952499196634629,30353.902,4.33,4.3,323.364,329.793,20802.0,61.7,263000,4.26,1.72,2025-09-15 21:20:38,308.8999938964844,308.8999938964844,0.006483953636668901,0.06337569031984784,0.011983840410730752,0.024183111018727423,0.5150496,312.6018021262156,316.37015674256725,467.99880501383086
2025-05-01,591.6247987166439,592.4941249415356,570.0613733373625,571.7700805664062,31159000,0.0,0.0,META,0.042276950121830525,554.1056518554688,529.9167678833007,55.240166608723385,9.261558415337014,0.06548351798659557,30353.902,4.33,4.2,320.58,326.854,20617.5,52.2,229000,4.42,1.72,2025-09-15 21:20:38,596.56103515625,646.9921875,0.04335825786002192,0.13156006144826135,-0.00673926468094184,0.026115914436187434,-1.2868752,567.9167706568257,586.7023790676504,-164.02668363592238
2025-05-02,583.0114624189366,603.8754149154345,577.8854014442142,596.56103515625,24739300,0.0,0.0,META,0.04335825786002201,564.0480102539062,533.1842575073242,60.40074549068047,11.4232277023794,-0.2060303604095125,30353.902,4.33,4.2,320.58,326.854,20617.5,52.2,229000,4.42,1.72,2025-09-15 21:20:38,598.8092651367188,670.3842163085938,0.003768650394472878,0.12374790977256525,0.010430091718116161,0.016439019037910566,-1.2891425,602.783221468384,606.3679133704593,-172.4911428039777
2025-05-05,590.765405664398,602.7462382701667,587.5978600254365,598.8092651367188,13887700,0.0,0.0,META,0.003768650394472939,573.9463989257813,537.9076232910156,60.8416720578196,12.462013497018104,-0.43863811829760746,30353.902,4.33,4.2,320.58,326.854,20617.5,52.2,229000,4.42,1.72,2025-09-15 21:20:38,586.8584594726562,666.3372802734375,-0.019957616489674587,0.1127704914874704,0.013736961384167301,0.019231558943898688,-1.3509226,607.0350848883835,610.3253008153482,-210.13569496449782
2025-05-06,592.0744779246842,595.5717870403006,586.1290402304902,586.8584594726562,10600700,0.0,0.0,META,-0.019957616489674534,580.5153442382813,541.4578918457031,57.19593333454586,11.807990071755817,-0.23668426017267075,30353.902,4.33,4.2,320.58,326.854,20617.5,52.2,229000,4.42,1.72,2025-09-15 21:20:38,596.3511352539062,687.4210815429688,0.01617540929678342,0.1713575402162164,-0.006058243986685958,0.02464376387693351,-1.4322506,583.3031277395203,601.3208607770813,-253.66993233407993
2025-05-07,589.9060821921285,602.6163340287609,586.2189168396308,596.3511352539062,13139100,0.0,0.0,META,0.016175409296783405,590.0699951171875,545.7725708007813,59.28299998968793,11.468791703371672,0.23945588498872716,30353.902,4.33,4.2,320.58,326.854,20617.5,52.2,229000,4.42,1.72,2025-09-15 21:20:38,597.5502319335938,684.0936279296875,0.0020107225572346147,0.14713226401157675,0.011838039531155408,0.02055168319639914,-1.4468895,603.4107635674915,608.6071548594575,-266.5030724010794
2025-05-08,605.8238341716766,610.8299920094227,596.1612859928888,597.5502319335938,14622800,0.0,0.0,META,0.0020107225572345566,595.226025390625,546.3841003417969,59.55129104135754,10.78928438129438,0.11292249849685287,30353.902,4.33,4.2,320.58,326.854,20617.5,52.2,229000,4.42,1.72,2025-09-15 21:20:38,592.0344848632812,697.173583984375,-0.009230599831689914,0.16671962745025337,0.010248081289870958,0.020496351244603514,-1.411967,603.6739752852304,609.7978313735989,-246.17099976814643
2025-05-09,603.2558317407384,606.5033331458584,591.2551162399334,592.0344848632812,10427300,0.0,0.0,META,-0.009230599831689945,594.3207153320312,548.6923248291016,57.66891233184027,9.47898229399973,-0.2869149547282326,30353.902,4.33,4.2,320.58,326.854,20617.5,52.2,229000,4.42,1.72,2025-09-15 21:20:38,638.9383544921875,693.5263671875,0.07922489454265114,0.1714290044230385,-0.009599557875072764,0.022846979688387812,-1.430896,586.3512155617973,605.5606847137778,-255.10531730741786
2025-05-12,630.434887813048,639.8976383332824,620.5525382829127,638.9383544921875,21965100,0.0,0.0,META,0.07922489454265125,602.346533203125,553.4816375732422,67.17173739110518,11.165691426892336,1.1064992855293316,30353.902,4.33,4.2,320.58,326.854,20617.5,52.2,229000,4.42,1.72,2025-09-15 21:20:38,655.525634765625,701.8599853515625,0.025960689567025075,0.09847840627658605,0.04120324482198493,0.00010015846041295823,-1.4146502,665.2646879384854,639.0023495740722,-264.9359176263388
2025-05-13,645.0436488654467,660.4118286945162,642.335771505551,655.525634765625,18570800,0.0,0.0,META,0.02596068956702502,616.0799682617187,559.7043518066406,69.757354856347,12.682266274006938,-0.15453150679942274,30353.902,4.33,4.2,320.58,326.854,20617.5,52.2,229000,4.42,1.72,2025-09-15 21:20:38,658.85302734375,693.6063232421875,0.005075915268080504,0.05809183723254053,0.009785679098426689,0.00029125917396856046,-1.332723,661.9403982682339,655.716562620522,-218.1084698746854
2025-05-14,660.7016415387022,662.1604799651236,653.8069223034624,658.85302734375,12348200,0.0,0.0,META,0.0050759152680806,628.5803466796875,566.5910491943359,70.26332205986952,13.137582381941344,-0.3350744179033752,30353.902,4.33,4.2,320.58,326.854,20617.5,52.2,229000,4.42,1.72,2025-09-15 21:20:38,643.3849487304688,692.826904296875,-0.023477282445893557,0.05156518304255961,0.008735741312464122,0.0030837990799566783,-1.4274038,664.6085969535587,660.8847977032992,-281.59629256190965
2025-05-15,653.7769769402204,656.8046155684391,638.0890359072837,643.3849487304688,14341800,0.0,0.0,META,-0.023477282445893533,637.7472900390625,573.6641067504883,64.83311382080376,11.674427379907957,0.16144863218930694,30353.902,4.33,4.2,320.58,326.854,20617.5,52.2,229000,4.42,1.72,2025-09-15 21:20:38,639.8477172851562,682.344970703125,-0.005497846121971283,0.06055476126622547,0.015321601389520373,0.011449228988171396,-1.4670234,653.242636454934,650.7512103360268,-300.4758086684451
2025-05-16,637.4695422101522,639.9476160073406,625.6686244756826,639.8477172851562,18519000,0.0,0.0,META,-0.005497846121971239,647.3099365234375,580.6017700195313,63.622213567676546,9.820303268196804,0.29126051123289964,30353.902,4.33,4.2,320.58,326.854,20617.5,52.2,229000,4.42,1.72,2025-09-15 21:20:38,639.9376220703125,702.1199951171875,0.00014050965991988182,0.0973235914574324,0.005767452084975997,0.0061275910279356026,-1.4566051,643.5380083362796,643.768442416838,-292.1577160848028
2025-05-19,627.7669935255635,642.5056535406882,627.3173272935575,639.9376220703125,9592400,0.0,0.0,META,0.00014050965991985187,647.5097900390625,588.3842819213867,63.64080144531801,8.027416445586216,-0.48202386737944813,30353.902,4.33,4.2,320.58,326.854,20617.5,52.2,229000,4.42,1.72,2025-09-15 21:20:38,636.6101684570312,697.22998046875,-0.005199653057615746,0.08952803589369615,0.01582603976048863,0.006409575902652378,-1.4130251,650.0653003214297,644.039350831935,-264.310326434701
2025-05-20,635.521040610427,638.8584386405468,631.7739236379011,636.6101684570312,6743500,0.0,0.0,META,-0.005199653057615716,643.7266967773437,595.2200225830078,62.37055774587222,6.130514123991784,-0.2969955381343564,30353.902,4.33,4.2,320.58,326.854,20617.5,52.2,229000,4.42,1.72,2025-09-15 21:20:38,635.0114135742188,695.77001953125,-0.0025113561831527826,0.09292947867547581,0.005388431249680732,0.007247537524918644,-1.3440325,640.0404985826096,641.2240245416683,-219.01460434189357
2025-05-21,631.304243948337,646.1128573238404,629.6854943191497,635.0114135742188,11464600,0.0,0.0,META,-0.002511356183152791,638.9583740234375,600.9770935058593,61.732994445395285,4.364204489588857,0.7000963891154446,30353.902,4.33,4.2,320.58,326.854,20617.5,52.2,229000,4.42,1.72,2025-09-15 21:20:38,636.08056640625,682.3499755859375,0.0016836749846958299,0.07454757662585842,-0.03924100163724044,0.005099038729912307,-1.2716471,610.0929296544865,638.2493613659701,-172.49900622123823
2025-05-22,633.5624844477077,642.7554230220385,630.2250866339274,636.08056640625,8228400,0.0,0.0,META,0.0016836749846957932,637.4974975585938,606.1441162109375,62.01265116401426,2.9326534240633357,-0.28227761980356925,30353.902,4.33,4.2,320.58,326.854,20617.5,52.2,229000,4.42,1.72,2025-09-15 21:20:38,626.577880859375,698.530029296875,-0.014939436997051492,0.09817854245013982,0.008102624083710583,0.0053171307266882675,-1.1892989,641.2344881227936,639.4626899305379,-120.40933129156474
2025-05-23,623.5202359878101,631.9637513811242,622.1712983340897,626.577880859375,8454100,0.0,0.0,META,-0.01493943699705147,634.8435302734375,610.1305480957031,57.95841948435014,1.1046126785718045,0.027429390890088,30353.902,4.33,4.2,320.58,326.854,20617.5,52.2,229000,4.42,1.72,2025-09-15 21:20:38,641.826171875,712.2000122070312,0.024335827167584336,0.1366504212217359,-0.004456444320317329,0.020677780771375873,-1.1121777,623.7855714209828,639.5341209159784,-70.2880840965372
2025-05-27,634.9214503428936,642.5855973216567,632.2635222678258,641.826171875,9508400,0.0,0.0,META,0.024335827167584423,635.221240234375,614.755990600586,62.225991291039975,0.7009206652218296,0.1247087212121929,30353.902,4.33,4.2,320.58,326.854,20617.5,52.2,229000,4.42,1.72,2025-09-15 21:20:38,643.085205078125,708.6799926757812,0.001961642043120369,0.10416188016371743,0.016536927217910793,0.005109980843817233,-1.0711834,652.4400045658472,645.1058913183418,-45.68739676615223
2025-05-28,642.1059170723001,650.3795803263449,642.0559677120978,643.085205078125,9042900,0.0,0.0,META,0.0019616420431203263,636.5162475585937,619.2095642089844,62.56389515079309,0.31678575325251046,-0.048956711959951216,30353.902,4.33,4.2,320.58,326.854,20617.5,52.2,229000,4.42,1.72,2025-09-15 21:20:38,644.5540771484375,726.0900268554688,0.0022841017935314725,0.12907282133362086,0.02111235230819275,0.012516570584439193,-0.920391,656.6622464919209,651.134426439294,51.19535519783676
2025-05-29,651.1490397001155,652.8177387372123,639.0083561535087,644.5540771484375,8858800,0.0,0.0,META,0.0022841017935315566,638.4247802734375,624.0083740234375,62.97996701701045,-0.022284752145942832,-0.020358513308783688,30353.902,4.33,4.2,320.58,326.854,20617.5,52.2,229000,4.42,1.72,2025-09-15 21:20:38,646.9921875,733.6300048828125,0.0037826311833274086,0.13819775701125736,0.021023263076916043,0.011998358315543408,-0.8200325,658.1047070796279,652.2876679198089,115.99880045976897
2025-05-30,642.0060336659102,648.9106942904369,632.2935358628563,646.9921875,16241000,0.0,0.0,META,0.003782631183327334,640.6071044921875,627.7694793701172,63.70111606861132,-0.25342981011804966,0.8333182823858762,30353.902,4.33,4.2,320.58,326.854,20617.5,52.2,229000,4.42,1.72,2025-09-15 21:20:38,670.3842163085938,738.0900268554688,0.036155040602547844,0.14080207012618487,0.012920629671273439,0.01461981710499215,-0.73349154,655.3517339548946,656.4510949496088,172.42889155168086
2025-06-02,643.8945882353455,672.7423872324788,643.7646833041948,670.3842163085938,15766300,0.0,0.0,META,0.03615504060254793,649.3683715820313,631.4606384277344,69.78300778018419,0.9329954589357037,-0.029228495782279373,30353.902,4.33,4.1,321.5,327.6,20693.1,60.7,250000,4.38,1.72,2025-09-15 21:20:38,666.3372802734375,719.219970703125,-0.0060367412249654594,0.072847410792934,0.010870552520422235,0.009346168672807652,-0.66153824,677.6716631408384,676.6497402698018,226.89941951994115
2025-06-03,670.933780241162,675.0606098458437,664.5187332165345,666.3372802734375,11585000,0.0,0.0,META,-0.006036741224965447,654.2705932617188,634.8370391845704,67.6705489960163,1.192514853709973,-0.2652048990568491,30353.902,4.33,4.1,321.5,327.6,20693.1,60.7,250000,4.38,1.72,2025-09-15 21:20:38,687.4210815429688,713.5700073242188,0.03164133524223547,0.07088411296963434,0.005524561177232998,0.007459677924820896,-0.6777755,670.0185013429791,671.3079417735784,214.7101954982645
2025-06-04,668.8054003474581,688.4702620523693,668.0559769852821,687.4210815429688,14031900,0.0,0.0,META,0.03164133524223556,663.1377685546875,639.8651702880859,72.36426525741271,2.458530130355271,0.21121277514026748,30353.902,4.33,4.1,321.5,327.6,20693.1,60.7,250000,4.38,1.72,2025-09-15 21:20:38,684.0936279296875,719.010009765625,-0.004840488170383905,0.04595280690512503,0.010617319352858746,0.008641955645648708,-0.7193885,694.7196506955979,693.3617440395469,192.89827116575907
2025-06-05,691.128193299702,693.8461337530863,681.7254549732214,684.0936279296875,13083100,0.0,0.0,META,-0.00484048817038385,671.0456787109375,644.252294921875,70.62163970088906,2.7255581689437456,-0.06761735759234311,30353.902,4.33,4.1,321.5,327.6,20693.1,60.7,250000,4.38,1.72,2025-09-15 21:20:38,697.173583984375,718.3499755859375,0.019120125551047938,0.050075525129391986,0.004907963781938115,0.009479917267914974,-0.6740752,687.451134679021,690.5787789259688,222.96308826877066
2025-06-06,695.634728988938,702.2696384274917,691.3380472640042,697.173583984375,11728000,0.0,0.0,META,0.01912012555104803,681.0819580078125,649.2334625244141,73.33950023093998,3.393312765209892,-0.10357636951487037,30353.902,4.33,4.1,321.5,327.6,20693.1,60.7,250000,4.38,1.72,2025-09-15 21:20:38,693.5263671875,720.6699829101562,-0.005231432860710255,0.03370236547331353,0.013326153693217909,0.010645534236384977,-0.7102596,706.4642263154024,704.5953692413839,201.99934167687024
2025-06-09,697.9230086279447,704.6478147285023,693.4064643289632,693.5263671875,12773200,0.0,0.0,META,-0.005231432860710261,685.7103881835938,654.308056640625,71.35716464685022,3.202007065266848,0.08912005457025929,30353.902,4.33,4.1,321.5,327.6,20693.1,60.7,250000,4.38,1.72,2025-09-15 21:20:38,701.8599853515625,732.780029296875,0.012016296075170628,0.05660010053916592,0.006569574366688075,0.011483495858651242,-0.69289577,698.0825402319973,701.490474352963,212.9848809292307
2025-06-10,700.8107438516906,702.6893032959509,691.0282928322797,701.8599853515625,10850100,0.0,0.0,META,0.01201629607517063,692.8149291992188,657.4541381835937,73.14343194241268,3.2395784513231263,-0.1505574170920364,30353.902,4.33,4.1,321.5,327.6,20693.1,60.7,250000,4.38,1.72,2025-09-15 21:20:38,693.6063232421875,727.239990234375,-0.011759698916644652,0.03616106547248113,0.013252997708484515,0.010645534236384977,-0.72376615,711.1617341291037,709.3316598547711,193.87748725490383
2025-06-11,703.1689726406868,708.3249785260691,691.4579518801445,693.6063232421875,9582500,0.0,0.0,META,-0.011759698916644634,694.0519775390625,659.3581726074219,68.58163405077197,2.352690875927305,-0.11682841632796015,30353.902,4.33,4.1,321.5,327.6,20693.1,60.7,250000,4.38,1.72,2025-09-15 21:20:38,692.826904296875,717.510009765625,-0.0011237194921597466,0.03446290168132019,0.002598455873092741,0.00942852932306749,-0.70912635,695.4086286664304,700.1460107995416,201.75180064070446
2025-06-12,692.7669528666453,694.8453707616588,686.471808739605,692.826904296875,7322700,0.0,0.0,META,-0.0011237194921597249,695.7986328125,661.0568664550781,68.1493874184193,1.4044889245830383,-0.23582572397599788,30353.902,4.33,4.1,321.5,327.6,20693.1,60.7,250000,4.38,1.72,2025-09-15 21:20:38,682.344970703125,720.9199829101562,-0.015129224238755184,0.040548481069441006,0.01168265378716188,0.007459677924820896,-0.7415638,700.9209611542066,697.9951698605804,179.05155448475853
2025-06-13,687.4210820231808,694.0359873588837,680.4864154008052,682.344970703125,9274400,0.0,0.0,META,-0.015129224238755179,692.83291015625,663.0048675537109,62.44899958253333,-0.1548303090080232,0.2665273737828944,30353.902,4.33,4.1,321.5,327.6,20693.1,60.7,250000,4.38,1.72,2025-09-15 21:20:38,702.1199951171875,710.3900146484375,0.028980977750426226,0.04110097553208808,0.000783181495684551,0.030359873757360753,-0.72903085,682.8793706578531,703.0608778726419,184.89443839032901
2025-06-16,699.3300170898438,707.1500244140625,693.510009765625,702.1199951171875,13720300,0.525,0.0,META,0.028980977750426185,694.5516357421875,666.1184814453125,67.90355854432025,-0.08416266104330106,0.4793733287328561,30353.902,4.33,4.1,321.5,327.6,20693.1,60.7,250000,4.38,1.72,2025-09-15 21:20:38,697.22998046875,702.9099731445312,-0.006964642343822342,0.0011251325027595868,0.009383942651079138,0.021751175027191535,-0.74116135,708.7086488855431,717.3919300210723,181.73579417681322
2025-06-17,702.0,705.969970703125,696.0599975585938,697.22998046875,10066100,0.0,0.0,META,-0.006964642343822325,693.625634765625,668.9830993652344,65.3746937443695,-0.5694286759034597,-0.26633528421390207,30353.902,4.33,4.1,321.5,327.6,20693.1,60.7,250000,4.38,1.72,2025-09-15 21:20:38,695.77001953125,701.4099731445312,-0.0020939445783993158,0.005995141908514931,0.00309933810234031,0.026043533242418714,-0.67336804,699.3909319133107,715.3883126426988,227.73759735937347
2025-06-18,698.1799926757812,701.5900268554688,694.9000244140625,695.77001953125,10068300,0.0,0.0,META,-0.002093944578399287,694.0583740234375,671.9410919189453,64.60114259521012,-1.1575088362971293,0.0002185553491422798,30353.902,4.33,4.1,321.5,327.6,20693.1,60.7,250000,4.38,1.72,2025-09-15 21:20:38,682.3499755859375,704.280029296875,-0.019288045717108897,0.012231067057701498,0.005165767783008972,0.03292565982751766,-0.7009447,699.3642058825282,718.6787065125212,208.07369682457647
2025-06-20,700.75,701.8200073242188,678.6699829101562,682.3499755859375,22538600,0.0,0.0,META,-0.019288045717108848,691.96298828125,674.3080200195312,57.82765506762887,-2.5398291373522,1.2385705630543389,30353.902,4.33,4.1,321.5,327.6,20693.1,60.7,250000,4.38,1.72,2025-09-15 21:20:38,698.530029296875,712.969970703125,0.023712250736205573,0.0448743258045755,0.008187201439479127,0.037688738514619236,-0.690652,687.9365122882832,708.0668853912526,211.08359149641183
2025-06-23,683.6900024414062,699.0499877929688,678.75,698.530029296875,11080100,0.0,0.0,META,0.02371225073620553,695.2,677.4304931640625,62.881001686013654,-2.45270239167278,-0.5083944876789153,30353.902,4.33,4.1,321.5,327.6,20693.1,60.7,250000,4.38,1.72,2025-09-15 21:20:38,712.2000122070312,704.8099975585938,0.019569642444600636,0.00899026240581243,0.010180836098189035,0.037461491978740304,-0.68128675,705.6416490348097,724.6980063862892,222.63077430629346
2025-06-24,704.8900146484375,713.1900024414062,702.1099853515625,712.2000122070312,13823200,0.0,0.0,META,0.019569642444600577,697.2160034179688,681.7115997314453,66.53004609372512,-1.603718682640178,0.24756996778007423,30353.902,4.33,4.1,321.5,327.6,20693.1,60.7,250000,4.38,1.72,2025-09-15 21:20:38,708.6799926757812,713.5800170898438,-0.004942459240265719,0.0019376647839923693,0.009556765774242212,0.027689115930853884,-0.56775266,719.0063409081063,731.9202009109873,307.84656130816074
2025-06-25,713.3200073242188,716.5800170898438,705.3800048828125,708.6799926757812,9320400,0.0,0.0,META,-0.004942459240265706,699.506005859375,685.0542907714844,64.76448954305346,-1.41509351506037,-0.3257422304531512,30353.902,4.33,4.1,321.5,327.6,20693.1,60.7,250000,4.38,1.72,2025-09-15 21:20:38,726.0900268554688,714.7999877929688,0.024566848732319912,0.00863576675006737,0.005548695717137193,0.03292565982751766,-0.52975523,712.6122423159621,732.0137490411917,333.2530568156435
2025-06-26,714.3599853515625,728.219970703125,711.0499877929688,726.0900268554688,13964800,0.0,0.0,META,0.024566848732319846,705.5700073242188,689.2045318603516,69.12827982840528,-0.31132391519007285,0.4983047937856744,30353.902,4.33,4.1,321.5,327.6,20693.1,60.7,250000,4.38,1.72,2025-09-15 21:20:38,733.6300048828125,712.6799926757812,0.010384356964655863,-0.01846883125190869,0.009150273189912477,0.029311967881646174,-0.57801116,732.7339489616671,747.3731544018399,306.4018917054709
2025-06-27,726.52001953125,735.4299926757812,725.8599853515625,733.6300048828125,18775700,0.0,0.0,META,0.010384356964655783,715.8260131835938,693.6583282470704,70.81410105537213,0.6790047040134723,0.34450189046746105,30353.902,4.33,4.1,321.5,327.6,20693.1,60.7,250000,4.38,1.72,2025-09-15 21:20:38,738.0900268554688,717.6300048828125,0.006079388714981305,-0.021809358795999333,0.011371151733851042,0.02735872027840119,-0.5671934,741.9722229848409,753.7011829742435,317.51991618606553
2025-06-30,744.5499877929688,747.9000244140625,734.25,738.0900268554688,15402100,0.0,0.0,META,0.00607938871498126,723.7380126953125,698.2132202148438,71.79522730309209,1.3482128624527192,-0.17967905324435307,30353.902,4.33,4.1,321.5,327.6,20693.1,60.7,250000,4.38,1.72,2025-09-15 21:20:38,719.219970703125,700.0,-0.025566063035341414,-0.05160620719635799,0.011066056391866998,0.02461489955693087,-0.64490867,746.257772714926,756.2580387304885,262.0893717974395
2025-07-01,736.8800048828125,737.75,715.3699951171875,719.219970703125,13431200,0.0,0.0,META,-0.02556606303534137,725.1420043945312,700.6550079345703,62.25903343453852,0.28912400729281273,-0.12796306997097795,30353.902,4.33,4.2,322.132,328.656,20802.0,61.7,228000,4.39,1.72,2025-09-15 21:20:38,713.5700073242188,695.2100219726562,-0.007855682001408725,-0.03338331763368042,0.00215560152972827,0.0327309157206757,-0.72652453,720.7703223721838,742.7606989488359,196.68901819713938
2025-07-02,715.3300170898438,720.2999877929688,712.7999877929688,713.5700073242188,9336700,0.0,0.0,META,-0.007855682001408737,726.1200073242187,703.0166442871093,59.70206157458218,-0.9546922813081338,-0.30484990172136517,30353.902,4.33,4.2,322.132,328.656,20802.0,61.7,228000,4.39,1.72,2025-09-15 21:20:38,719.010009765625,773.4400024414062,0.0076236422293104065,0.08390206217003299,0.0033647266835792997,0.035259824813641004,-0.7952848,715.9709753684643,738.7303607747393,146.07862128170746
2025-07-03,726.6099853515625,729.030029296875,714.4199829101562,719.010009765625,8601700,0.0,0.0,META,0.0076236422293103345,724.70400390625,704.5960906982422,61.34807309019876,-1.5391775939737542,-0.07872160399284545,30353.902,4.33,4.2,322.132,328.656,20802.0,61.7,228000,4.39,1.72,2025-09-15 21:20:38,718.3499755859375,750.010009765625,-0.00091797634347629,0.04311483787284831,0.011271453758104595,0.035326005514097064,-0.822858,727.1142978423127,744.4097613352965,127.36688843506272
2025-07-07,717.5999755859375,727.0,713.510009765625,718.3499755859375,9457100,0.0,0.0,META,-0.0009179763434763455,721.647998046875,706.3089080810547,61.022392940390446,-2.065549327660797,0.09944545845588659,30353.902,4.33,4.2,322.132,328.656,20802.0,61.7,228000,4.39,1.72,2025-09-15 21:20:38,720.6699829101562,776.3699951171875,0.003229633748266486,0.08076845758075614,0.012473276067408638,0.03972947626440759,-0.8019304,727.3101531444372,746.8896438905168,142.2832725328626
2025-07-08,721.5700073242188,722.9099731445312,714.8099975585938,720.6699829101562,7770700,0.0,0.0,META,0.0032296337482664583,718.1639892578125,707.4837280273438,61.79023577189098,-2.333016228228786,-0.178321049793277,30353.902,4.33,4.2,322.132,328.656,20802.0,61.7,228000,4.39,1.72,2025-09-15 21:20:38,732.780029296875,763.4600219726562,0.016803872332543747,0.059375359148036704,0.010685032638726376,0.03979565696486365,-0.77337587,728.3703651993017,749.349518334923,163.3212087608772
2025-07-09,722.719970703125,737.530029296875,722.719970703125,732.780029296875,11418000,0.0,0.0,META,0.016803872332543657,720.8760009765625,709.4464111328125,65.59967334997245,-1.794090700764741,0.46936569421030283,30353.902,4.33,4.2,322.132,328.656,20802.0,61.7,228000,4.39,1.72,2025-09-15 21:20:38,727.239990234375,771.989990234375,-0.007560303011827216,0.053508501009672936,0.006925832842776292,0.032188174541612546,-0.7330159,737.8551412903099,756.3668807804908,195.6406203644292
2025-07-10,731.5499877929688,735.7999877929688,719.5999755859375,727.239990234375,9913600,0.0,0.0,META,-0.007560303011827196,723.6099975585937,710.7154113769532,62.52841987240917,-1.9002835124465491,-0.1317568751094763,30353.902,4.33,4.2,322.132,328.656,20802.0,61.7,228000,4.39,1.72,2025-09-15 21:20:38,717.510009765625,761.8300170898438,-0.013379325393827999,0.04756342791919497,0.0025701837781636765,0.037566032553271164,-0.69067305,729.1091306601073,754.5595113815601,224.9549257230683
2025-07-11,722.5,725.1599731445312,709.7000122070312,717.510009765625,10873900,0.0,0.0,META,-0.013379325393828023,723.3099975585938,711.910595703125,57.441836945704225,-2.66831833998922,0.0968669302775984,30353.902,4.33,4.2,322.132,328.656,20802.0,61.7,228000,4.39,1.72,2025-09-15 21:20:38,720.9199829101562,769.2999877929688,0.004752509509442411,0.07218014706758025,0.0008448470415095408,0.04065080029208136,-0.7235607,718.1161959746289,746.6773658801768,198.3479713864217
2025-07-14,717.5999755859375,728.0,716.5499877929688,720.9199829101562,8939400,0.0,0.0,META,0.004752509509442504,723.8239990234375,713.3152496337891,58.70955283864948,-2.9662784867717917,-0.1779030522627576,30353.902,4.33,4.2,322.132,328.656,20802.0,61.7,228000,4.39,1.72,2025-09-15 21:20:38,710.3900146484375,765.8699951171875,-0.014606292669558355,0.06235090339094275,0.011273929328947942,0.04071698099253742,-0.7462567,729.0475838493116,750.2736681514494,182.92860894004843
2025-07-15,723.9000244140625,724.469970703125,709.8200073242188,710.3900146484375,11529500,0.0,0.0,META,-0.014606292669558374,721.7680053710938,714.7175018310547,53.41795194925127,-3.836839112877719,0.28973980356623485,30353.902,4.33,4.2,322.132,328.656,20802.0,61.7,228000,4.39,1.72,2025-09-15 21:20:38,702.9099731445312,790.0,-0.010529485704564728,0.11206518068945608,-0.00041519025569951957,0.04312966879671649,-0.7187017,710.0950676366093,741.0289006967191,199.83148908089788
2025-07-16,713.3699951171875,713.969970703125,699.27001953125,702.9099731445312,13067600,0.0,0.0,META,-0.01052948570456469,715.793994140625,714.7570007324218,49.972315816902146,-4.817274266805491,0.13340561169174725,30353.902,4.33,4.2,322.132,328.656,20802.0,61.7,228000,4.39,1.72,2025-09-15 21:20:38,701.4099731445312,780.0800170898438,-0.00213398594031838,0.10978652586203229,0.0023059167541593026,0.05531398020829477,-0.73987114,704.5308250282709,741.7907214872608,182.84716697790282
2025-07-17,704.3900146484375,705.9000244140625,697.1099853515625,701.4099731445312,11803300,0.0,0.0,META,-0.002133985940318328,710.6279907226562,714.9660003662109,49.28576043425798,-5.4225687944871375,-0.09675074229391778,30353.902,4.33,4.2,322.132,328.656,20802.0,61.7,228000,4.39,1.72,2025-09-15 21:20:38,704.280029296875,782.1300048828125,0.004091838243298476,0.11508252638097038,0.00470218599565215,0.0524163273222997,-0.70187724,704.7081332974623,738.1753078840005,209.1062796341066
2025-07-18,702.1900024414062,704.7100219726562,691.6500244140625,704.280029296875,12779800,0.0,0.0,META,0.004091838243298396,707.9819946289062,715.3915008544922,50.68192319818471,-5.469756000426438,0.08273110062440159,30353.902,4.33,4.2,322.132,328.656,20802.0,61.7,228000,4.39,1.72,2025-09-15 21:20:38,712.969970703125,785.22998046875,0.012338758795880794,0.1149400065378713,0.010626904183463999,0.04825867321774362,-0.6474796,711.7643456865401,738.2676490844958,248.27308203880966
2025-07-21,706.7999877929688,717.0,705.760009765625,712.969970703125,9404400,0.0,0.0,META,0.012338758795880755,706.3919921875,716.9225006103516,54.74438887663311,-4.78078055719055,-0.264119939279175,30353.902,4.33,4.2,322.132,328.656,20802.0,61.7,228000,4.39,1.72,2025-09-15 21:20:38,704.8099975585938,767.3699951171875,-0.011445044644003664,0.07630058298305839,0.010277321031364113,0.04033075313672873,-0.6076872,720.2973919777633,741.7245865854535,279.7072631514311
2025-07-22,716.1900024414062,716.5999755859375,701.4099731445312,704.8099975585938,8921100,0.0,0.0,META,-0.011445044644003644,705.2759887695313,717.2364990234375,50.534880482483395,-4.730935674720557,-0.051390838330994004,30353.902,4.33,4.2,322.132,328.656,20802.0,61.7,228000,4.39,1.72,2025-09-15 21:20:38,713.5800170898438,751.47998046875,0.012443097517953286,0.06621640310412365,0.0025392911762763416,0.048192492517287557,-0.58501685,706.5997153663455,738.7765480920458,292.4842752946788
2025-07-23,706.3699951171875,714.6300048828125,704.9299926757812,713.5800170898438,8771600,0.0,0.0,META,0.01244309751795325,707.4099975585938,717.3054992675782,54.57746963465815,-3.99308305643466,-0.016758023113741527,30353.902,4.33,4.2,322.132,328.656,20802.0,61.7,228000,4.39,1.72,2025-09-15 21:20:38,714.7999877929688,747.719970703125,0.0017096480757691941,0.04784320299847023,0.009894393097235893,0.04033075313672873,-0.61151654,720.640458285263,742.3592366023969,277.2140373924958
2025-07-24,717.0499877929688,723.6199951171875,714.0,714.7999877929688,10920800,0.0,0.0,META,0.0017096480757692323,710.0880004882813,717.6114990234375,55.12685936171262,-3.335405405675367,0.24501801267727674,30353.902,4.33,4.2,322.132,328.656,20802.0,61.7,228000,4.39,1.72,2025-09-15 21:20:38,712.6799926757812,739.0999755859375,-0.0029658577971346093,0.033995506726291216,0.011040554906830901,0.03778604379372693,-0.6281767,722.6917763055991,741.8094514354693,265.7792980581871
2025-07-25,716.9199829101562,720.6500244140625,711.9000244140625,712.6799926757812,8271700,0.0,0.0,META,-0.0029658577971346523,711.7679931640625,716.9409973144532,53.90668477121568,-2.9680031728085794,-0.24257380411691454,30353.902,4.33,4.2,322.132,328.656,20802.0,61.7,228000,4.39,1.72,2025-09-15 21:20:38,717.6300048828125,754.7899780273438,0.006945630939415404,0.059086807240735256,0.00549876465314728,0.04079938711561827,-0.67389697,716.5988522285121,741.7568995865164,232.40710619738456
2025-07-28,715.2000122070312,724.739990234375,712.6799926757812,717.6300048828125,8715700,0.0,0.0,META,0.006945630939415359,712.7,716.1409973144531,56.33681861923619,-2.3438437502561786,0.05367699505542989,30353.902,4.33,4.2,322.132,328.656,20802.0,61.7,228000,4.39,1.72,2025-09-15 21:20:38,700.0,753.2999877929688,-0.024566984048683196,0.04970525572712234,0.011320201346058984,0.035382146701508396,-0.7198692,725.7537210300592,743.0212949929803,201.0302699445674
2025-07-29,720.0,724.469970703125,699.9099731445312,700.0,13267000,0.0,0.0,META,-0.024566984048683183,711.7380004882813,714.2364959716797,46.860674985023024,-3.0271352093458708,0.5221955780947027,30353.902,4.33,4.2,322.132,328.656,20802.0,61.7,228000,4.39,1.72,2025-09-15 21:20:38,695.2100219726562,754.0999755859375,-0.006842825753348214,0.07728567940848215,-0.00019308474709282613,0.06071054720259924,-0.7627368,699.8648406770351,742.4973830418195,166.08424186706543
2025-07-30,708.0900268554688,708.5,691.2000122070312,695.2100219726562,27077300,0.0,0.0,META,-0.0068428257533482695,708.0640014648437,713.0359985351563,44.6625682287255,-3.667772313404509,1.0409512323810959,30353.902,4.33,4.2,322.132,328.656,20802.0,61.7,228000,4.39,1.72,2025-09-15 21:20:38,773.4400024414062,747.3800048828125,0.11252711841922629,0.07504204666400534,0.009687083377668035,0.06327842754529613,-0.8196592,701.9445794204959,739.2018189768168,125.3747499615456
2025-07-31,775.2000122070312,784.75,765.510009765625,773.4400024414062,38831100,0.0,0.0,META,0.11252711841922625,719.7920043945312,716.0294982910157,69.67845655295291,1.058408157992007,0.4340831619105303,30353.902,4.33,4.2,322.132,328.656,20802.0,61.7,228000,4.39,1.72,2025-09-15 21:20:38,750.010009765625,751.1099853515625,-0.03029322585051611,-0.0288710397954047,0.11187940640846274,0.018714996791107878,-0.8400605,859.9720108071108,787.9149296052116,123.7036285490467
2025-08-01,760.72998046875,766.0,745.3099975585938,750.010009765625,19028700,0.0,0.0,META,-0.03029322585051608,727.2580078125,717.5794982910156,60.811648253219744,2.4105374070596106,-0.509962375518592,30353.902,4.33,4.3,323.364,329.793,20802.0,61.7,227000,4.26,1.72,2025-09-15 21:20:38,776.3699951171875,738.7000122070312,0.03514617806207664,-0.01507979548450037,0.008809933567462307,0.022292222278440355,-0.7093525,756.6175481265919,766.7293996143754,217.9885393488221
2025-08-04,760.0,776.8499755859375,758.4099731445312,776.3699951171875,15801700,0.0,0.0,META,0.03514617806207654,739.006005859375,720.4804992675781,66.04656949524802,4.748981843567744,-0.1695859412361328,30353.902,4.33,4.3,323.364,329.793,20802.0,61.7,227000,4.26,1.72,2025-09-15 21:20:38,763.4600219726562,735.1099853515625,-0.016628634833553275,-0.05314477636323013,0.03910786893626666,0.018167045004514135,-0.9951636,806.7321711322805,790.4743437586359,3.7548206909777946
2025-08-05,776.4500122070312,783.1300048828125,763.0,763.4600219726562,11640300,0.0,0.0,META,-0.016628634833553257,751.6980102539062,722.6200012207031,61.699471258158376,5.066103510326112,-0.2633514115569844,30353.902,4.33,4.3,323.364,329.793,20802.0,61.7,227000,4.26,1.72,2025-09-15 21:20:38,771.989990234375,737.0499877929688,0.011172776591076376,-0.034592556806639696,0.002093035118816784,0.03232129679497896,-1.060926,765.0579706104577,788.1360399339355,-46.514535173162585
2025-08-06,770.0,773.6400146484375,760.4600219726562,771.989990234375,9733900,0.0,0.0,META,0.011172776591076294,767.05400390625,724.5804992675781,63.41296742217489,5.456375481011488,-0.16377584770151976,30353.902,4.33,4.3,323.364,329.793,20802.0,61.7,227000,4.26,1.72,2025-09-15 21:20:38,761.8300170898438,748.6500244140625,-0.013160757617396953,-0.03023350835575798,0.013653643885911981,0.021197602458600893,-1.1921067,782.5304666445239,788.3543271493825,-148.30446781904902
2025-08-07,773.489990234375,775.0,759.5499877929688,761.8300170898438,9019700,0.0,0.0,META,-0.01316075761739699,764.7320068359375,726.3100006103516,59.97142922479721,4.666853362576054,-0.0733724406455789,30353.902,4.33,4.3,323.364,329.793,20802.0,61.7,227000,4.26,1.72,2025-09-15 21:20:38,769.2999877929688,752.4500122070312,0.009805298472827247,-0.01231246429307642,0.006277267088428675,0.021007011782843865,-1.2388513,766.6122275830988,777.8337892353742,-181.96409668227716
2025-08-08,762.75,769.9000244140625,758.5800170898438,769.2999877929688,7320800,0.0,0.0,META,0.009805298472827184,768.5900024414062,728.8994995117188,61.62066586642692,4.293712346334376,-0.1883543798574232,30353.902,4.33,4.3,323.364,329.793,20802.0,61.7,227000,4.26,1.72,2025-09-15 21:20:38,765.8699951171875,752.2999877929688,-0.004458589276234744,-0.022098011529638785,0.013653643885911981,0.020169050160577597,-1.2878488,779.8037358677304,784.8160378352968,-221.44210157683847
2025-08-11,770.0800170898438,773.4600219726562,764.6699829101562,765.8699951171875,7612000,0.0,0.0,META,-0.00445858927623477,766.4900024414062,731.1470001220703,60.39028672387044,3.495715169457174,0.03977707354387494,30353.902,4.33,4.3,323.364,329.793,20802.0,61.7,227000,4.26,1.72,2025-09-15 21:20:38,790.0,765.7000122070312,0.03150665914143864,-0.00022194747312204147,0.0011745910330781912,0.019051768554369533,-1.2903358,766.7695791459558,780.4611730068964,-222.35945813868602
2025-08-12,773.0,793.6699829101562,772.4299926757812,790.0,14563100,0.0,0.0,META,0.031506659141438575,771.797998046875,735.1274993896484,65.5948566258524,4.224105929593398,0.913176563321072,30353.902,4.33,4.3,323.364,329.793,20802.0,61.7,227000,4.26,1.72,2025-09-15 21:20:38,780.0800170898438,751.97998046875,-0.012556940392602849,-0.04812660700158228,-0.031398558692367906,0.014866325563457728,-1.2896478,765.1951386330293,801.7443971951317,-228.82177591323853
2025-08-13,791.1500244140625,795.4600219726562,778.22998046875,780.0800170898438,8811800,0.0,0.0,META,-0.0125569403926028,773.4160034179688,738.9860015869141,61.98878405690525,3.6884053645165196,-0.3949227842972993,30353.902,4.33,4.3,323.364,329.793,20802.0,61.7,227000,4.26,1.72,2025-09-15 21:20:38,782.1300048828125,750.9000244140625,0.0026279198903420287,-0.03740640964582037,0.004742225227853295,0.019051768554369533,-1.2591851,783.7793322266315,794.9419210293281,-202.18509832820564
2025-08-14,777.8800048828125,787.8099975585938,772.510009765625,782.1300048828125,8116200,0.0,0.0,META,0.0026279198903420564,777.4760009765625,743.0220031738281,62.44821505566617,3.1439680994652264,-0.07893960371320274,30353.902,4.33,4.3,323.364,329.793,20802.0,61.7,227000,4.26,1.72,2025-09-15 21:20:38,785.22998046875,755.5900268554688,0.003963504234058854,-0.03393294958850258,0.014262951948501343,0.018213806932103265,-1.2832843,793.2854875599372,796.375569787553,-221.5651560465485
2025-08-15,784.1500244140625,796.25,780.8200073242188,785.22998046875,13375400,0.0,0.0,META,0.00396350423405889,780.6619995117187,747.0695007324218,63.17309393843758,2.682437169928072,0.647987974667948,30353.902,4.33,4.3,323.364,329.793,20802.0,61.7,227000,4.26,1.72,2025-09-15 21:20:38,767.3699951171875,764.7000122070312,-0.022744910148362933,-0.026145166094477448,0.014416366865849347,0.016210228341366994,-1.2729819,796.5501439412511,797.9587377526356,-214.35355794604402
2025-08-18,775.0900268554688,775.8099975585938,756.5599975585938,767.3699951171875,16513700,0.0,0.0,META,-0.022744910148362885,780.9619995117188,749.789501953125,56.416212512956314,0.953334981646428,0.234632235297636,30353.902,4.33,4.3,323.364,329.793,20802.0,61.7,227000,4.26,1.72,2025-09-15 21:20:38,751.47998046875,764.7000122070312,-0.020707109672708647,-0.026145166094477448,0.002509206754851713,0.021661699946420143,-1.2493371,769.2954850924061,783.9925336993018,-191.33379166807572
2025-08-19,767.1199951171875,767.1699829101562,749.3599853515625,751.47998046875,12286700,0.0,0.0,META,-0.020707109672708612,773.2579956054688,752.1230010986328,51.172064163030264,-1.3560678359650495,-0.25596928610789826,30353.902,4.33,4.3,323.364,329.793,20802.0,61.7,227000,4.26,1.72,2025-09-15 21:20:38,747.719970703125,764.7000122070312,-0.0050034729644821965,-0.026145166094477448,0.0038333769497834666,0.04493492020167744,-1.241292,754.3606865041025,785.2476734242715,-181.32610730966553
2025-08-20,747.5700073242188,750.2000122070312,731.0,747.719970703125,11898200,0.0,0.0,META,-0.005003472964482225,766.785986328125,753.8299987792968,49.987970902413835,-3.130929807322069,-0.03161955610538225,30353.902,4.33,4.3,323.364,329.793,20802.0,61.7,227000,4.26,1.72,2025-09-15 21:20:38,739.0999755859375,764.7000122070312,-0.011528373528771223,-0.026145166094477448,0.007066075226989021,0.050986530621255494,-1.209688,753.0034162648353,785.8436178855042,-156.78786650503753
2025-08-21,744.7100219726562,745.5,733.1099853515625,739.0999755859375,8876300,0.0,0.0,META,-0.01152837352877123,758.17998046875,755.0449981689453,47.286543661674386,-4.780727623637057,-0.25397959355196587,30353.902,4.33,4.3,323.364,329.793,20802.0,61.7,227000,4.26,1.72,2025-09-15 21:20:38,754.7899780273438,764.7000122070312,0.021228525178840198,-0.026145166094477448,0.007123528745630674,0.06451706175358075,-1.1436235,744.3649755079188,786.7845343528855,-106.15210410188593
2025-08-22,739.22998046875,756.9000244140625,734.3900146484375,754.7899780273438,10612700,0.0,0.0,META,0.02122852517884022,752.0919799804688,757.1504974365234,52.33572988220196,-4.703349025875555,0.19562204972792707,30353.902,4.33,4.3,323.364,329.793,20802.0,61.7,227000,4.26,1.72,2025-09-15 21:20:38,753.2999877929688,764.7000122070312,-0.001974046129055813,-0.026145166094477448,0.008994931915393066,0.05148989324621636,-1.002413,761.5792624901208,793.6540334192857,-1.8213342112576356
2025-08-25,754.8200073242188,758.8800048828125,750.1300048828125,753.2999877929688,6861200,0.0,0.0,META,-0.0019740461290558287,749.277978515625,758.9339965820312,51.82802695735036,-4.63313313984834,-0.3534915714191488,30353.902,4.33,4.3,323.364,329.793,20802.0,61.7,227000,4.26,1.72,2025-09-15 21:20:38,754.0999755859375,764.7000122070312,0.0010619777060033786,-0.026145166094477448,0.008137438064958237,0.05242656720084587,-0.8515554,759.4299197879677,792.7929202253932,111.82331005922242
2025-08-26,750.7999877929688,754.8699951171875,747.9400024414062,754.0999755859375,7601800,0.0,0.0,META,0.0010619777060034696,749.8019775390625,761.6389953613282,52.09672297252149,-4.414386640032319,0.10794030198799054,30353.902,4.33,4.3,323.364,329.793,20802.0,61.7,227000,4.26,1.72,2025-09-15 21:20:38,747.3800048828125,764.7000122070312,-0.008911246413850585,-0.026145166094477448,0.050446255505535914,0.05148989324621636,-0.7842488,792.141495631064,792.9285028258319,162.69795286824228
2025-08-27,752.2999877929688,754.1500244140625,742.8400268554688,747.3800048828125,8315400,0.0,0.0,META,-0.008911246413850549,749.733984375,764.2474945068359,49.5942641230214,-4.583855985126549,0.09387250388065982,30353.902,4.33,4.3,323.364,329.793,20802.0,61.7,227000,4.26,1.72,2025-09-15 21:20:38,751.1099853515625,764.7000122070312,0.0049907415831051734,-0.026145166094477448,0.004289523434859946,0.05759917814224429,-0.755381,750.585908928503,790.428478924009,182.82335829253134
2025-08-28,744.0,753.0499877929688,740.7999877929688,751.1099853515625,7468000,0.0,0.0,META,0.004990741583105196,752.135986328125,763.1309936523437,51.00117335841001,-4.310428631908691,-0.10190730451932561,30353.902,4.33,4.3,323.364,329.793,20802.0,61.7,227000,4.26,1.72,2025-09-15 21:20:38,738.7000122070312,764.7000122070312,-0.016522178358103802,-0.026145166094477448,0.013912602740758903,0.055802231689750494,-0.7495498,761.5598801923761,793.0235987786355,188.1156414579964
2025-08-29,745.280029296875,747.1400146484375,735.3499755859375,738.7000122070312,9070500,0.0,0.0,META,-0.016522178358103767,748.9179931640625,762.5654937744141,46.36436249727467,-4.793925517159334,0.21458221746116757,30353.902,4.33,4.3,323.364,329.793,20802.0,61.7,227000,4.26,1.72,2025-09-15 21:20:38,735.1099853515625,764.7000122070312,-0.004859925268909558,-0.026145166094477448,0.0027673620710518504,0.08766960718451212,-0.73396516,740.7442626026984,803.4615521044161,196.51994069122884
2025-09-02,726.0399780273438,736.0,721.72998046875,735.1099853515625,9350900,0.0,0.0,META,-0.0048599252689095485,745.2799926757813,760.5024932861328,45.087320503468256,-5.152707452227069,0.03091340058431169,30353.902,4.33,4.3,323.364,329.793,20802.0,61.7,263000,4.26,1.72,2025-09-15 21:20:38,737.0499877929688,764.7000122070312,0.002639064194561925,-0.026145166094477448,-0.03299260785325028,0.08559117870125992,-0.7489854,710.8567898758498,798.0289154728687,184.52333177153196
2025-09-03,736.0,740.25,733.989990234375,737.0499877929688,7699300,0.0,0.0,META,0.0026390641945619464,741.8699951171875,759.1819915771484,45.95363707447701,-5.049854917615965,-0.17662470992097012,30353.902,4.33,4.3,323.364,329.793,20802.0,61.7,263000,4.26,1.72,2025-09-15 21:20:38,748.6500244140625,764.7000122070312,0.015738466607711422,-0.026145166094477448,0.007838295262616894,0.08357901430506856,-0.732543,742.8272032205981,798.6518992662678,197.12918474822072
2025-09-04,748.5700073242188,761.1599731445312,745.8200073242188,748.6500244140625,11439100,0.0,0.0,META,0.015738466607711388,742.1239990234375,758.0149932861328,50.937805637923375,-4.035060085991749,0.4857324691855103,30353.902,4.33,4.3,323.364,329.793,20802.0,61.7,263000,4.26,1.72,2025-09-15 21:20:38,752.4500122070312,764.7000122070312,0.005075786641352004,-0.026145166094477448,0.002341862215458616,0.07042483119263546,-0.71250725,750.4032596188399,801.3735760057853,215.231455859961
2025-09-05,752.6199951171875,757.9500122070312,745.030029296875,752.4500122070312,9663400,0.0,0.0,META,0.005075786641351998,742.3920043945312,757.5459930419922,52.48368819386061,-2.990458887530444,-0.1552307436773872,30353.902,4.33,4.3,323.364,329.793,20802.0,61.7,263000,4.26,1.72,2025-09-15 21:20:38,752.2999877929688,764.7000122070312,-0.00019938123679798925,-0.026145166094477448,0.005880105768770966,0.06123694780203498,-0.71768826,756.8744978645216,798.5277543281937,212.42547035619282
2025-09-08,756.0,766.510009765625,752.02001953125,752.2999877929688,13087800,0.0,0.0,META,-0.0001993812367979686,745.1119995117188,756.6959930419922,52.413472065543154,-2.22720004711768,0.3543680278162966,30353.902,4.33,4.3,323.364,329.793,20802.0,61.7,263000,4.26,1.72,2025-09-15 21:20:38,765.7000122070312,764.7000122070312,0.01781207580951092,-0.026145166094477448,-0.02897980714217332,0.0626404248847086,-0.7594672,730.4984792336692,799.4243786690814,180.9528341316509
2025-09-09,757.489990234375,766.2999877929688,753.4299926757812,765.7000122070312,10999000,0.0,0.0,META,0.01781207580951083,751.2300048828125,756.6874938964844,57.83910808795272,-0.8104837356124475,-0.159599015877382,30353.902,4.33,4.3,323.364,329.793,20802.0,61.7,263000,4.26,1.72,2025-09-15 21:20:38,751.97998046875,764.7000122070312,-0.017918285907734328,-0.026145166094477448,0.011546608919717963,0.05072042560965556,-0.8338587,774.5412507978092,804.5366427154904,127.21437368546322
2025-09-10,765.1300048828125,765.7000122070312,751.0,751.97998046875,12478300,0.0,0.0,META,-0.017918285907734366,754.2160034179688,754.7864929199219,51.379704117468236,-0.7873509207322718,0.13449404491317396,30353.902,4.33,4.3,323.364,329.793,20802.0,61.7,263000,4.26,1.72,2025-09-15 21:20:38,750.9000244140625,764.7000122070312,-0.0014361500076295977,-0.026145166094477448,0.002860517554418642,0.057524522016683836,-0.8937282,754.1310324034523,795.2372694113301,79.9142686293635
2025-09-11,754.6500244140625,757.0999755859375,748.3699951171875,750.9000244140625,7923300,0.0,0.0,META,-0.001436150007629644,754.6660034179688,753.3274932861328,50.89786058103963,-0.8304472711007458,-0.3650336985005971,30353.902,4.33,4.3,323.364,329.793,20802.0,61.7,263000,4.26,1.72,2025-09-15 21:20:38,755.5900268554688,764.7000122070312,0.006245841375575827,-0.026145166094477448,0.014571666772256818,0.06008305337823192,-0.9908047,761.8418893491038,796.0163906626483,6.904771838570014
2025-09-12,748.72998046875,757.5700073242188,743.760009765625,755.5900268554688,8242900,0.0,0.0,META,0.0062458413755759334,755.2940063476562,752.0004943847656,52.9609800251347,-0.542677568416361,0.04033672838337554,30353.902,4.33,4.3,323.364,329.793,20802.0,61.7,263000,4.26,1.72,2025-09-15 21:20:38,764.7000122070312,764.7000122070312,0.012056783477510194,-0.026145166094477448,0.013962409076037307,0.050533523170313024,-1.0371612,766.1398839041988,793.772652984827,-28.078655560217157
2025-09-15,757.469970703125,774.0700073242188,751.9849853515625,764.7000122070312,10316486,0.0,0.0,META,0.012056783477510269,757.7740112304688,750.9739959716796,56.76134596163573,0.22069705844014997,0.25156025185310993,30353.902,4.33,4.3,323.364,329.793,20802.0,61.7,263000,4.26,1.72,2025-09-15 21:20:38,764.7000122070312,764.7000122070312,0.012056783477510194,-0.026145166094477448,0.011898519534737468,0.04636188669397233,-1.0680177,773.7988102404905,800.1529475278529,-52.01315221369441
2025-05-01,539.5790338032177,548.810483836454,536.2699962270002,542.6296997070312,430400,0.0,0.0,MSCI,0.0017611634721399483,536.9854858398437,532.5804214477539,50.60780461402939,1.8865547947687018,-0.2836218375499334,30353.902,4.33,4.2,320.58,326.854,20617.5,52.2,229000,4.42,1.72,2025-09-15 21:20:38,552.3182983398438,562.2254028320312,0.017854899276695372,0.03611247805930974,0.013251937755529469,0.026485750028415318,-0.7633343,549.8205947118505,557.0016542914657,128.4218516718829
2025-05-02,551.0066071637408,555.1999917254348,547.1808867214132,552.3182983398438,389900,0.0,0.0,MSCI,0.01785489927669537,541.051708984375,533.1587570190429,54.98002888180622,2.717701732117077,-0.09409851301115246,30353.902,4.33,4.2,320.58,326.854,20617.5,52.2,229000,4.42,1.72,2025-09-15 21:20:38,546.9423828125,562.4048461914062,-0.009733364879459284,0.018262201129096406,0.007339353084799694,0.015318161939098693,-0.78386366,556.3719573465555,560.7787994757409,119.37605348931538
2025-05-05,548.8900566200165,554.345459841095,546.0281958072156,546.9423828125,328400,0.0,0.0,MSCI,-0.009733364879459305,544.1242309570313,535.2937225341797,52.21792586565929,2.8002808246434707,-0.1577327519876891,30353.902,4.33,4.2,320.58,326.854,20617.5,52.2,229000,4.42,1.72,2025-09-15 21:20:38,541.7353515625,564.6077880859375,-0.0095202555399424,0.032298475723526926,-0.004781996701718242,0.01823447268955491,-0.7938925,544.3269061418607,556.9155887546547,112.72892564244103
2025-05-06,542.1328557783942,547.439179221876,538.972897409108,541.7353515625,438300,0.0,0.0,MSCI,-0.009520255539942402,545.0602905273438,537.2120590209961,49.61779731149577,2.413738555316404,0.3346528623629721,30353.902,4.33,4.2,320.58,326.854,20617.5,52.2,229000,4.42,1.72,2025-09-15 21:20:38,549.1881103515625,565.1061401367188,0.013757194850893306,0.04314060086130905,-0.005477476265584991,0.02091357076431187,-0.83745277,538.768009032088,553.0649721729317,88.05758117989171
2025-05-07,542.152758681888,550.8177927543984,542.152758681888,549.1881103515625,339800,0.0,0.0,MSCI,0.013757194850893217,546.5627685546875,539.4826629638671,53.20907047913859,2.555840115558116,-0.2247319187770933,30353.902,4.33,4.2,320.58,326.854,20617.5,52.2,229000,4.42,1.72,2025-09-15 21:20:38,554.4646606445312,562.2752685546875,0.00960791064757569,0.023830010075686567,0.010532934265301457,0.016605692895064847,-0.84138453,554.9726726171807,558.3077594536816,87.10973020478559
2025-05-08,550.7979055223617,559.6219656431821,549.4365414872258,554.4646606445312,526100,0.0,0.0,MSCI,0.009607910647575713,548.9297607421875,539.9124359130859,55.62100994869901,2.8771303692235994,0.5482636845203062,30353.902,4.33,4.2,320.58,326.854,20617.5,52.2,229000,4.42,1.72,2025-09-15 21:20:38,553.0535888671875,566.8306884765625,-0.002544926444371523,0.022302643810800313,0.007455890939999509,0.016066448351026476,-0.83514416,558.5986886843807,563.3729384772461,91.40673617322318
2025-05-09,555.7365906057855,557.5948044825667,551.2251544477306,553.0535888671875,379900,0.0,0.0,MSCI,-0.0025449264443715425,549.0768188476562,541.3428649902344,54.80737897638796,2.860544079343202,-0.27789393651397076,30353.902,4.33,4.2,320.58,326.854,20617.5,52.2,229000,4.42,1.72,2025-09-15 21:20:38,565.3853759765625,556.2245483398438,0.022297635089275958,0.005733548315184583,-0.002517530106673543,0.020073788666905186,-0.84986615,551.6612598066105,564.1554697315809,83.03206355209113
2025-05-12,566.0313051409514,566.3790758290835,554.891907959966,565.3853759765625,431600,0.0,0.0,MSCI,0.02229763508927607,552.7654174804687,542.6977691650391,60.27628051838769,3.5035701881884185,0.1360884443274546,30353.902,4.33,4.2,320.58,326.854,20617.5,52.2,229000,4.42,1.72,2025-09-15 21:20:38,560.3175659179688,556.0650634765625,-0.008963461514794878,-0.01648488428605264,0.003377212118044744,0.00916892606866531,-0.8647901,567.2948023196758,570.5693526891962,76.44571033671673
2025-05-13,565.5444371721613,570.9203270231461,558.747503070936,560.3175659179688,512800,0.0,0.0,MSCI,-0.00896346151479488,556.4818603515625,543.3247924804688,57.212199708693035,3.4079330907769068,0.18813716404077852,30353.902,4.33,4.2,320.58,326.854,20617.5,52.2,229000,4.42,1.72,2025-09-15 21:20:38,563.0105590820312,552.6559448242188,0.004806190860089433,-0.013673712122870822,-0.0031880223209367273,0.008622003978975194,-0.84992504,558.5312610110093,565.1486262008032,84.08963562076678
2025-05-14,561.1125581308238,564.1632243877671,558.032112412417,563.0105590820312,445200,0.0,0.0,MSCI,0.004806190860089377,559.2463500976562,543.8221405029296,58.42173822878333,3.34183862279774,-0.1318252730109204,30353.902,4.33,4.2,320.58,326.854,20617.5,52.2,229000,4.42,1.72,2025-09-15 21:20:38,571.7847900390625,553.4234619140625,0.015584487387478705,-0.01702827240682692,0.010610950628832553,0.006047556069763032,-0.87175244,568.9846363279621,566.4153970059484,72.2047299332371
2025-05-15,562.1161101428748,573.1362678965345,562.1161101428748,571.7847900390625,608300,0.0,0.0,MSCI,0.01558448738747864,562.7103759765625,545.4542877197266,62.17365045220804,3.678199346699457,0.3663522012578617,30353.902,4.33,4.2,320.58,326.854,20617.5,52.2,229000,4.42,1.72,2025-09-15 21:20:38,570.3992919921875,541.0031127929688,-0.002423111056837219,-0.053834375769231016,0.00963658022399688,-0.0012243256521021735,-0.85357076,577.2948400391351,571.0847392531358,83.72601265127741
2025-05-16,572.8814204635507,576.5895550340498,566.0133283337786,570.3992919921875,786900,1.8,0.0,MSCI,-0.002423111056837235,566.1795166015625,546.8020263671875,61.23401239660429,3.592425072678463,0.29360512904816694,30353.902,4.33,4.2,320.58,326.854,20617.5,52.2,229000,4.42,1.72,2025-09-15 21:20:38,570.8279418945312,545.6283569335938,0.0007514909439081509,-0.043427359406562914,-0.0029482018132457257,0.020305760568846486,-0.82605666,568.7176397652621,581.9816834440205,99.21715842672711
2025-05-19,566.2525197842663,573.2202689665593,565.9833594127942,570.8279418945312,284000,0.0,0.0,MSCI,0.0007514909439081396,567.2680297851563,548.8374725341797,61.428237432175145,3.3541480097781546,-0.6390901003939509,30353.902,4.33,4.2,320.58,326.854,20617.5,52.2,229000,4.42,1.72,2025-09-15 21:20:38,569.3925170898438,546.8046264648438,-0.002514636546913668,-0.04208503765592848,0.004944201727733953,0.02230145660211382,-0.8089123,573.650230391085,583.558236467966,109.07821151486132
2025-05-20,567.478582437281,572.3530377902603,565.4849461382418,569.3925170898438,508000,0.0,0.0,MSCI,-0.00251463654691364,569.0830200195312,550.5527221679688,60.33803309120122,2.9061703558767,0.7887323943661972,30353.902,4.33,4.2,320.58,326.854,20617.5,52.2,229000,4.42,1.72,2025-09-15 21:20:38,558.31787109375,541.9899291992188,-0.019449932452038698,-0.048126006345638676,-0.01007918619001831,0.02208336460533786,-0.7944212,563.653503894892,581.9666196482898,117.05503267905442
2025-05-21,566.1030191034421,568.8642250934222,557.6799536601844,558.31787109375,509400,0.0,0.0,MSCI,-0.019449932452038743,568.144482421875,551.9661437988282,52.58400137939429,1.728463835420623,0.00275590551181093,30353.902,4.33,4.2,320.58,326.854,20617.5,52.2,229000,4.42,1.72,2025-09-15 21:20:38,562.0858154296875,543.046630859375,0.006748743916357292,-0.02735223252742832,0.009761768769296332,0.01795730207137441,-0.75633913,563.768041051133,568.3437537568271,136.04021665189066
2025-05-22,557.7397029582871,564.9965073515211,554.6694860637512,562.0858154296875,435600,0.0,0.0,MSCI,0.00674874391635738,566.2046875,553.7075775146484,54.71625128860184,1.098394641755223,-0.14487632508833925,30353.902,4.33,4.2,320.58,326.854,20617.5,52.2,229000,4.42,1.72,2025-09-15 21:20:38,556.8923950195312,553.3536987304688,-0.009239550736903279,-0.01553520202701338,0.00693463214724293,0.015264697912162995,-0.77596635,565.9836737948755,570.6658856029335,125.92613894395618
2025-05-23,556.3441571892787,560.4111923950151,554.8887807452137,556.8923950195312,226500,0.0,0.0,MSCI,-0.009239550736903301,563.5033081054687,554.9528381347657,51.292510739042335,0.27020635701144524,-0.48002754820936644,30353.902,4.33,4.2,320.58,326.854,20617.5,52.2,229000,4.42,1.72,2025-09-15 21:20:38,564.7872314453125,573.8582763671875,0.01417659227597167,0.030465277492362282,0.012504109862450144,0.032574352674942214,-0.70547193,563.8558387084184,575.0328042968907,164.02044069445765
2025-05-27,561.966219000059,566.2425470294664,558.4175487627286,564.7872314453125,433500,0.0,0.0,MSCI,0.014176592275971567,562.295166015625,556.6132110595703,55.818365650679695,0.1959019823572472,0.9139072847682119,30353.902,4.33,4.2,320.58,326.854,20617.5,52.2,229000,4.42,1.72,2025-09-15 21:20:38,560.8896484375,568.1763916015625,-0.006900975784878198,0.00600077333118351,0.01441123356056419,0.021913767479143257,-0.669315,572.9265121496953,577.1638475103941,186.76667663994886
2025-05-28,564.298749591102,567.7278065774881,560.7102284653056,560.8896484375,359100,0.0,0.0,MSCI,-0.006900975784878249,560.5945922851563,557.8049407958985,53.19065729882293,-0.1549985637642486,-0.17162629757785464,30353.902,4.33,4.2,320.58,326.854,20617.5,52.2,229000,4.42,1.72,2025-09-15 21:20:38,564.1990966796875,563.8900756835938,0.005900355357612331,0.005349407418111921,0.008521570225615433,0.020810956385955644,-0.61384225,565.6693089654809,572.5622984484668,216.5918852465693
2025-05-29,563.2022784876739,565.4251635867589,558.9558232551434,564.1990966796875,531900,0.0,0.0,MSCI,0.005900355357612241,561.7708374023438,558.9311096191407,55.12250785889581,-0.20058027462418693,0.48120300751879697,30353.902,4.33,4.2,320.58,326.854,20617.5,52.2,229000,4.42,1.72,2025-09-15 21:20:38,562.2254028320312,574.575927734375,-0.0034982222752064675,0.01839214404233393,0.016972302217168996,0.020890064154876146,-0.5987556,573.7748542591889,575.9852520054493,226.38172911768197
2025-05-30,564.1990833364355,564.1990833364355,555.1180844237854,562.2254028320312,631900,0.0,0.0,MSCI,-0.003498222275206464,561.7987548828125,559.9108947753906,53.699139877393485,-0.38910520871889975,0.18800526414739616,30353.902,4.33,4.2,320.58,326.854,20617.5,52.2,229000,4.42,1.72,2025-09-15 21:20:38,562.4048461914062,574.9049072265625,0.0003191662249181757,0.02255235058868256,0.007868641981026808,0.024151643831782803,-0.55823314,566.649353239555,575.8040705144111,248.3725497536143
2025-06-02,555.8756990847797,562.5643103349693,542.8173440305716,562.4048461914062,299100,0.0,0.0,MSCI,0.00031916622491823254,562.9012451171875,560.4152221679688,53.81590494889265,-0.5190463613886189,-0.5266656116474125,30353.902,4.33,4.1,321.5,327.6,20693.1,60.7,250000,4.38,1.72,2025-09-15 21:20:38,564.6077880859375,579.4902954101562,0.003917003755301054,0.030379270972596167,0.014144789749953817,0.029611869061831827,-0.5366122,570.3599444951388,579.0587048565659,260.6115372670938
2025-06-03,560.8099130551927,565.5647554915186,552.6160963908128,564.6077880859375,338400,0.0,0.0,MSCI,0.003917003755301129,562.8653564453125,561.2984924316406,55.30606467379318,-0.47513864397514105,0.131394182547643,30353.902,4.33,4.1,321.5,327.6,20693.1,60.7,250000,4.38,1.72,2025-09-15 21:20:38,565.1061401367188,580.9954833984375,0.0008826517474558766,0.02902491899386565,0.013302832334566608,0.02744588471468152,-0.6172998,572.1186708256351,580.1039483467555,216.07551615996636
2025-06-04,566.3820965486454,567.9171745683537,563.5511062852771,565.1061401367188,264600,0.0,0.0,MSCI,0.0008826517474558315,563.7086547851562,562.4670318603515,55.654647817544635,-0.4322675424217879,-0.21808510638297873,30353.902,4.33,4.1,321.5,327.6,20693.1,60.7,250000,4.38,1.72,2025-09-15 21:20:38,562.2752685546875,585.8699340820312,-0.005009451111867877,0.036743175256048394,0.013536206756683648,0.02744588471468152,-0.5725821,572.7555336890807,580.6159781104698,241.5364651915952
2025-06-05,567.1197905701099,567.1197905701099,559.3645763468681,562.2752685546875,348300,0.0,0.0,MSCI,-0.005009451111867902,563.3238891601562,563.1213897705078,53.12018475975218,-0.6037715949962417,0.3163265306122449,30353.902,4.33,4.1,321.5,327.6,20693.1,60.7,250000,4.38,1.72,2025-09-15 21:20:38,566.8306884765625,586.1290893554688,0.008101761141984026,0.04242374177704243,0.0075734766936567536,0.029545688361375767,-0.54012346,566.5336471965061,578.8880784127132,258.5772035252885
2025-06-06,564.5978255509442,567.9371420233008,562.7636533814996,566.8306884765625,251300,0.0,0.0,MSCI,0.00810176114198402,564.2449462890625,563.7396911621094,56.54924258722968,-0.4278993295572793,-0.2784955498133793,30353.902,4.33,4.1,321.5,327.6,20693.1,60.7,250000,4.38,1.72,2025-09-15 21:20:38,556.2245483398438,579.1214599609375,-0.018711301897263624,0.021683320494534593,0.01391913469081187,0.02273989509308455,-0.52663714,574.7204811763534,579.7203588680604,268.3165975696975
2025-06-09,565.9734594122536,567.4088191942021,555.5267634407608,556.2245483398438,526500,0.0,0.0,MSCI,-0.018711301897263666,563.00888671875,563.8982391357422,47.78534538514471,-1.0101179061979808,1.0951054516514125,30353.902,4.33,4.1,321.5,327.6,20693.1,60.7,250000,4.38,1.72,2025-09-15 21:20:38,556.0650634765625,579.9588012695312,-0.00028672748039845135,0.04267027228576448,0.008256404766118155,0.04757871564259233,-0.4901684,560.8169633517888,582.6889979587346,283.58085552305056
2025-06-10,557.1814949371068,561.467800813227,554.3206317143431,556.0650634765625,500400,0.0,0.0,MSCI,-0.0002867274803984854,561.300341796875,563.4322235107422,47.66571997703944,-1.3679888788426449,-0.04957264957264962,30353.902,4.33,4.1,321.5,327.6,20693.1,60.7,250000,4.38,1.72,2025-09-15 21:20:38,552.6559448242188,578.8124389648438,-0.006130790938437441,0.040907758790064724,0.004060589250082037,0.045966585394757016,-0.51728797,558.3230152956615,581.625475701899,268.4192958312633
2025-06-11,555.8457753213862,558.8063570952645,551.2704137266965,552.6559448242188,566700,0.0,0.0,MSCI,-0.0061307909384374915,558.810302734375,563.0491424560547,45.06849772706356,-1.770749045208316,0.13249400479616313,30353.902,4.33,4.1,321.5,327.6,20693.1,60.7,250000,4.38,1.72,2025-09-15 21:20:38,553.4234619140625,563.760498046875,0.0013887792161321477,0.020093067534428195,0.00803964766360498,0.05563929691443628,-0.49328148,557.0991038998021,583.4053330298218,280.0410004132209
2025-06-12,550.4928141682386,553.4832685684283,546.1067900449137,553.4234619140625,411000,0.0,0.0,MSCI,0.0013887792161322299,557.03994140625,562.5697875976563,45.78473214403813,-1.9099525041563856,-0.2747485442032822,30353.902,4.33,4.1,321.5,327.6,20693.1,60.7,250000,4.38,1.72,2025-09-15 21:20:38,541.0031127929688,568.84423828125,-0.022442758530939234,0.027864334327015017,0.015573286477574323,0.053627132518244934,-0.48049903,562.0420840298611,583.1019752448339,287.50402575024054
2025-06-13,547.8911605059179,549.2368407160952,538.6207635755932,541.0031127929688,465500,0.0,0.0,MSCI,-0.022442758530939244,551.8744262695312,561.0307037353516,37.30740116718215,-2.7139320937172378,0.13260340632603396,30353.902,4.33,4.1,321.5,327.6,20693.1,60.7,250000,4.38,1.72,2025-09-15 21:20:38,545.6283569335938,561.3382568359375,0.008549385449460418,0.0375878503507809,0.008065742470751614,0.0721089117447046,-0.45370832,545.3667045766318,580.0142585069674,295.54551503289986
2025-06-16,544.531881282798,550.014381218682,544.0833009380352,545.6283569335938,375400,0.0,0.0,MSCI,0.00854938544946049,549.7551879882812,559.7921569824218,41.64084338650376,-2.798439003931848,-0.1935553168635875,30353.902,4.33,4.1,321.5,327.6,20693.1,60.7,250000,4.38,1.72,2025-09-15 21:20:38,546.8046264648438,570.3095703125,0.0021558071832273908,0.045234477030507605,0.015232722793169024,0.06526244540237945,-0.47655344,553.9397624428555,581.2373977879623,285.6072864240559
2025-06-17,541.7707065847317,547.5522401353838,541.7707065847317,546.8046264648438,414800,0.0,0.0,MSCI,0.0021558071832274983,547.9031005859375,558.5909912109375,42.72511437328862,-2.641291678940491,0.10495471497069797,30353.902,4.33,4.1,321.5,327.6,20693.1,60.7,250000,4.38,1.72,2025-09-15 21:20:38,541.9899291992188,578.333984375,-0.008805150930694542,0.0576611030414963,0.014286376540367825,0.06491560011121204,-0.43104106,554.6164832525357,582.3007769353962,311.1093796335226
2025-06-18,545.5386601804929,548.9278053476831,539.139043924213,541.9899291992188,551600,0.0,0.0,MSCI,-0.00880515093069456,545.7698974609375,557.2208618164062,39.49087329692447,-2.7172275503633054,0.32979749276759884,30353.902,4.33,4.1,321.5,327.6,20693.1,60.7,250000,4.38,1.72,2025-09-15 21:20:38,543.046630859375,576.10107421875,0.001949670285788353,0.06293686133602133,0.003989818215747024,0.06916681974439373,-0.41921264,544.1523704914893,579.4776489354178,314.7809004883493
2025-06-20,544.2627198208853,545.7779029056087,539.7471043154173,543.046630859375,666100,0.0,0.0,MSCI,0.0019496702857884074,543.69453125,556.4572998046875,40.55446870935903,-2.5543826958577487,0.20757795503988397,30353.902,4.33,4.1,321.5,327.6,20693.1,60.7,250000,4.38,1.72,2025-09-15 21:20:38,553.3536987304688,576.1309814453125,0.018980078846604288,0.06092359054614019,0.014286376540367825,0.0692330004448498,-0.44539535,550.8047995068101,580.6433784952363,301.1761863936845
2025-06-23,541.9301405774912,553.7923011597528,537.9329508144815,553.3536987304688,867300,0.0,0.0,MSCI,0.018980078846604354,546.1646484375,556.0206939697266,49.819699785210666,-1.6542525887509512,0.3020567482360006,30353.902,4.33,4.1,321.5,327.6,20693.1,60.7,250000,4.38,1.72,2025-09-15 21:20:38,573.8582763671875,524.8048095703125,0.03705510179793026,-0.051592479142462615,0.008775236976666859,0.041742750589744866,-0.44429109,558.2095085687438,576.4522041644876,307.50356703886064
2025-06-24,559.5738544168045,575.7422773813817,558.5770362092039,573.8582763671875,672300,0.0,0.0,MSCI,0.037055101797930146,551.8106323242188,556.8689880371094,62.38121833290344,0.31535894975897816,-0.22483569699066064,30353.902,4.33,4.1,321.5,327.6,20693.1,60.7,250000,4.38,1.72,2025-09-15 21:20:38,568.1763916015625,529.1708984375,-0.009901198605331962,-0.07787180174969534,0.01250573492962225,0.028611104874979837,-0.4178872,581.0347958586054,590.2769956957043,334.05024183524074
2025-06-25,572.3132114353123,572.6421176332306,558.5670496275337,568.1763916015625,562200,0.0,0.0,MSCI,-0.009901198605332007,556.0849853515625,557.0384460449219,58.04510368059242,1.180172817692782,-0.1637661758143686,30353.902,4.33,4.1,321.5,327.6,20693.1,60.7,250000,4.38,1.72,2025-09-15 21:20:38,563.8900756835938,541.581298828125,-0.007543988066604777,-0.046807810332407274,0.004716982481623381,-0.00039089406882199403,-0.43686455,570.856469687219,567.9542948200408,319.9602651900568
2025-06-26,568.9339732139726,569.7513714181467,562.534417567821,563.8900756835938,584400,0.0,0.0,MSCI,-0.007543988066604723,560.4650146484375,557.1884674072265,54.94246309950235,1.3935580281810902,0.03948772678762014,30353.902,4.33,4.1,321.5,327.6,20693.1,60.7,250000,4.38,1.72,2025-09-15 21:20:38,574.575927734375,544.5517578125,0.018950239615100485,-0.0342944816818247,0.004716982481623381,0.002679179689243844,-0.49132913,566.5499352921545,565.4008385213314,286.83445340275284
2025-06-27,567.7577256039757,575.6624862967116,566.3322829388219,574.575927734375,879900,0.0,0.0,MSCI,0.01895023961510045,566.7708740234375,557.707308959961,60.59708866030057,2.1397669525338303,0.5056468172484601,30353.902,4.33,4.1,321.5,327.6,20693.1,60.7,250000,4.38,1.72,2025-09-15 21:20:38,574.9049072265625,551.0311279296875,0.0005725605203905904,-0.04097769967065554,0.01076315896502401,0.009041527338308151,-0.5676693,580.7601797820563,579.7709716929191,248.40682888575247
2025-06-30,573.9878515367039,577.2275106207342,567.6181687665818,574.9049072265625,584600,0.0,0.0,MSCI,0.0005725605203905637,571.0811157226562,558.3412841796875,60.76035843331201,2.514993580498058,-0.335606318899875,30353.902,4.33,4.1,321.5,327.6,20693.1,60.7,250000,4.38,1.72,2025-09-15 21:20:38,579.4902954101562,555.4370727539062,0.007975907190833402,-0.033862703601839725,0.013166011688359914,0.009041527338308151,-0.5286403,582.4741119548029,580.102925662179,270.987021711946
2025-07-01,572.5723749520187,581.7729870918665,568.1863507153787,579.4902954101562,456800,0.0,0.0,MSCI,0.007975907190833409,572.20751953125,559.195556640625,63.05803768931319,2.9039275721746782,-0.2186110160793705,30353.902,4.33,4.2,322.132,328.656,20802.0,61.7,228000,4.39,1.72,2025-09-15 21:20:38,580.9954833984375,557.3709106445312,0.002597434331865551,-0.03817041448462768,0.01232492077143052,-0.0002119398162974545,-0.5442786,586.6324673888993,579.3674783434009,264.0861161510984
2025-07-02,575.5229610278792,584.4843472177253,575.5229610278792,580.9954833984375,466700,0.0,0.0,MSCI,0.0025974343318655446,574.771337890625,560.01494140625,63.807216822536915,3.07787469244714,0.02167250437828372,30353.902,4.33,4.2,322.132,328.656,20802.0,61.7,228000,4.39,1.72,2025-09-15 21:20:38,585.8699340820312,559.5738525390625,0.008389825433893999,-0.03687056349228861,0.01421990577829752,-0.0002119398162974545,-0.49092287,589.2571844299797,580.8723473224164,295.7715142471352
2025-07-03,584.6338892170461,587.6741726364286,578.154570751725,585.8699340820312,268200,0.0,0.0,MSCI,0.008389825433894105,579.1673095703125,561.0531311035156,66.19793592981515,3.3159569862213063,-0.42532676237411615,30353.902,4.33,4.2,322.132,328.656,20802.0,61.7,228000,4.39,1.72,2025-09-15 21:20:38,586.1290893554688,555.62646484375,0.0004423426743062976,-0.051621473434488745,0.016946601419814505,-0.003977394427832705,-0.47860974,595.7984383387725,583.5396982707787,305.4668768271258
2025-07-07,585.9197356350986,588.6011789707201,581.3244184309262,586.1290893554688,373800,0.0,0.0,MSCI,0.00044234267430631746,581.4779418945312,562.2458221435547,66.3252948669784,3.279662189364453,0.3937360178970917,30353.902,4.33,4.2,322.132,328.656,20802.0,61.7,228000,4.39,1.72,2025-09-15 21:20:38,579.1214599609375,570.2198486328125,-0.011955778209604173,-0.027142895671925606,0.010842206123393865,-0.003977394427832705,-0.45534283,592.484021757178,583.7978227814756,319.2394115158422
2025-07-08,589.4784160096923,591.3823729067711,575.2637782642486,579.1214599609375,541000,0.0,0.0,MSCI,-0.01195577820960414,582.3212524414063,562.8603607177735,59.76764658867779,2.6020715463802,0.4472980203317283,30353.902,4.33,4.2,322.132,328.656,20802.0,61.7,228000,4.39,1.72,2025-09-15 21:20:38,579.9588012695312,555.9553833007812,0.001445882023868067,-0.04000210363767012,0.0012386137077980057,-0.0013775567847674598,-0.44111437,579.8387677397251,578.3236872645639,323.66266428169183
2025-07-09,580.9954703068731,584.4843340475463,577.6063248919352,579.9588012695312,349900,0.0,0.0,MSCI,0.0014458820238680836,582.4149536132812,564.0470733642578,60.27308684118785,2.0527665677715827,-0.35323475046210717,30353.902,4.33,4.2,322.132,328.656,20802.0,61.7,228000,4.39,1.72,2025-09-15 21:20:38,578.8124389648438,546.555419921875,-0.0019766271365795466,-0.05759612799139554,0.01270784870555874,-0.0022155184070337245,-0.48320428,587.3288299715217,578.6738918699974,299.7202462419591
2025-07-10,579.0716214357502,585.0126799102915,577.9851236504338,578.8124389648438,332300,0.0,0.0,MSCI,-0.001976627136579534,581.9783447265625,565.1844421386719,59.17698406148257,1.4813900324029863,-0.05030008573878253,30353.902,4.33,4.2,322.132,328.656,20802.0,61.7,228000,4.39,1.72,2025-09-15 21:20:38,563.760498046875,543.7543334960938,-0.026004867733816935,-0.0605690256613151,0.006801996868834243,-0.00034974291209737587,-0.48627204,582.7495193623249,578.610003416882,297.3521352115313
2025-07-11,574.7254982330368,576.948383347126,561.5176570997055,563.760498046875,635300,0.0,0.0,MSCI,-0.02600486773381694,577.5564575195312,565.7396697998047,47.07240870985872,0.03533404632265835,0.9118266626542282,30353.902,4.33,4.2,322.132,328.656,20802.0,61.7,228000,4.39,1.72,2025-09-15 21:20:38,568.84423828125,544.9405517578125,0.00901755311340083,-0.03338287509370278,-0.0015698260889492168,0.039790380312192744,-0.48601663,562.875492109122,586.1927426691514,289.76352002398926
2025-07-14,563.8103186187378,574.7155119885917,561.1388531857347,568.84423828125,520000,0.0,0.0,MSCI,0.009017553113400911,574.0994873046875,566.510708618164,50.73753072423341,-0.5982178327412742,-0.18148906028647882,30353.902,4.33,4.2,322.132,328.656,20802.0,61.7,228000,4.39,1.72,2025-09-15 21:20:38,561.3382568359375,547.6419677734375,-0.01319514366180741,-0.03727254155175181,0.012606028968809028,0.038114863263879646,-0.56803936,576.0151052277636,590.5256586417856,245.71832255812478
2025-07-15,569.6915985019948,574.2271092973418,561.3183010021565,561.3382568359375,403300,0.0,0.0,MSCI,-0.013195143661807407,570.5428466796875,567.5274658203125,45.70507928705126,-1.491379208216669,-0.22442307692307695,30353.902,4.33,4.2,322.132,328.656,20802.0,61.7,228000,4.39,1.72,2025-09-15 21:20:38,570.3095703125,548.4094848632812,0.01598200971929221,-0.02303205209196163,0.011679697080060477,0.0454074666890888,-0.5482903,567.8945176352305,586.8272050345265,253.56192869492952
2025-07-16,563.0028762723083,571.5655709100745,556.8625032675509,570.3095703125,840900,0.0,0.0,MSCI,0.0159820097192922,568.6130004882813,568.7615264892578,51.8520518982103,-1.4454961685502656,1.085048351103397,30353.902,4.33,4.2,322.132,328.656,20802.0,61.7,228000,4.39,1.72,2025-09-15 21:20:38,578.333984375,565.62451171875,0.014070277758276156,-0.008214939460305447,0.01860355414314992,0.034521654310460344,-0.58791244,580.9193552821652,589.9976001487753,235.01747910364065
2025-07-17,573.170473324918,579.9687808485734,567.5982327359649,578.333984375,647000,0.0,0.0,MSCI,0.014070277758276184,568.5173095703125,570.3379943847656,56.58649504838025,-0.8705778768575687,-0.2305862766083958,30353.902,4.33,4.2,322.132,328.656,20802.0,61.7,228000,4.39,1.72,2025-09-15 21:20:38,576.10107421875,563.9199829101562,-0.003860935405106938,-0.02492331741566393,0.012787114791345507,0.021603287226555898,-0.5143844,585.7292074209392,590.8278995523316,280.84801122848876
2025-07-18,578.7825174301538,582.7000053919236,574.934814038608,576.10107421875,584900,0.0,0.0,MSCI,-0.0038609354051069023,570.9854248046875,572.0435516357422,54.96679665144251,-0.6468229507487662,-0.09598145285935089,30353.902,4.33,4.2,322.132,328.656,20802.0,61.7,228000,4.39,1.72,2025-09-15 21:20:38,576.1309814453125,557.02001953125,5.191315882036352e-05,-0.033121019108280254,0.006481304531610824,0.026243096147696807,-0.4721681,579.8349607217498,591.219750100264,304.08453153359005
2025-07-21,580.7263595513023,581.095177415206,572.7418360957982,576.1309814453125,1065600,0.0,0.0,MSCI,5.1913158820360294e-05,572.4427734375,573.6977691650391,54.98538173441257,-0.5090180626262022,0.8218498888698922,30353.902,4.33,4.2,322.132,328.656,20802.0,61.7,228000,4.39,1.72,2025-09-15 21:20:38,524.8048095703125,555.6699829101562,-0.08908767889246376,-0.03551449096493078,0.006837856219285178,0.026309276848152867,-0.4919333,580.0704822599113,591.2885709369552,292.712974467031
2025-07-22,563.2122427834074,569.7115167072627,523.6684830980231,524.8048095703125,2464300,0.0,0.0,MSCI,-0.08908767889246372,565.136083984375,572.2703247070312,31.193052644556005,-3.7085737891001527,1.3125938438438438,30353.902,4.33,4.2,322.132,328.656,20802.0,61.7,228000,4.39,1.72,2025-09-15 21:20:38,529.1708984375,568.1599731445312,0.008319452847168578,0.0826119783652823,0.040599368034148486,0.0963806595855428,-0.49353993,546.1115531801488,575.3858432703644,265.7926809114724
2025-07-23,533.0684916953838,537.2750353226526,523.3295583499375,529.1708984375,1930900,0.0,0.0,MSCI,0.008319452847168618,556.908349609375,570.0359558105469,33.81653178882448,-5.269593932063648,-0.2164509191251065,30353.902,4.33,4.2,322.132,328.656,20802.0,61.7,228000,4.39,1.72,2025-09-15 21:20:38,541.581298828125,574.25,0.02345253759658664,0.08518817209261983,0.023523356364754992,0.06644802969955622,-0.67102814,541.6187740593028,564.3332620130159,174.08233619481325
2025-07-24,530.6162985264936,546.1267874286177,530.0979335885835,541.581298828125,1252000,0.0,0.0,MSCI,0.02345253759658661,549.5578125,568.706201171875,40.73373863726755,-5.196400820686874,-0.35159770055414574,30353.902,4.33,4.2,322.132,328.656,20802.0,61.7,228000,4.39,1.72,2025-09-15 21:20:38,544.5517578125,567.27001953125,0.005484788693410365,0.047432806041697376,0.009842564729826545,0.06710840636909426,-0.5010304,546.9118478183044,577.9259567117847,270.2326118998026
2025-07-25,544.7511336079633,549.6654397193323,542.7674752511475,544.5517578125,998800,0.0,0.0,MSCI,0.005484788693410403,543.24794921875,567.7392852783203,42.28850806753373,-4.693342763833856,-0.2022364217252396,30353.902,4.33,4.2,322.132,328.656,20802.0,61.7,228000,4.39,1.72,2025-09-15 21:20:38,551.0311279296875,574.8300170898438,0.011898538613144053,0.055602169753291214,0.014335913178025083,0.06279100603545651,-0.34305567,552.358404533441,578.7447105239231,357.7401921407436
2025-07-28,540.7340394104796,555.1380141735194,539.3982762111176,551.0311279296875,1668300,0.0,0.0,MSCI,0.01189853861314405,538.227978515625,566.562045288086,45.638500316296195,-3.712597233064333,0.6703043652382858,30353.902,4.33,4.2,322.132,328.656,20802.0,61.7,228000,4.39,1.72,2025-09-15 21:20:38,555.4370727539062,573.719970703125,0.007995818386472273,0.04117524695688813,0.013570475636520665,0.04994329884031144,-0.28258738,558.5088824262218,578.5514402221937,395.3166691989609
2025-07-29,555.8357635161469,559.2149917042095,551.1208330551967,555.4370727539062,1162100,0.0,0.0,MSCI,0.007995818386472342,544.3544311523438,565.5886535644531,47.85508541773534,-2.6077181475385176,-0.303422645807109,30353.902,4.33,4.2,322.132,328.656,20802.0,61.7,228000,4.39,1.72,2025-09-15 21:20:38,557.3709106445312,571.4299926757812,0.0034816507314444464,0.0287933965995116,0.012089425219177876,0.04047361742741047,-0.25227478,562.1519877089237,577.9176203415486,415.31432316037535
2025-07-30,553.303875427651,561.9961007685826,552.8652729940566,557.3709106445312,994500,0.0,0.0,MSCI,0.0034816507314443523,549.99443359375,564.4826843261719,48.841092282379186,-1.6347747142116282,-0.1442216676705963,30353.902,4.33,4.2,322.132,328.656,20802.0,61.7,228000,4.39,1.72,2025-09-15 21:20:38,559.5738525390625,570.1500244140625,0.003952380456999124,0.022927486033947786,0.010739769910555278,0.03600396597664389,-0.27069497,563.3569459796902,577.4384739477479,406.49340810421563
2025-07-31,554.709374835019,568.1763985090643,554.709374835019,559.5738525390625,1103000,0.0,0.0,MSCI,0.003952380456999194,553.5929443359375,563.4116027832031,50.000930879648095,-0.7746297230444705,0.10910005027652092,30353.902,4.33,4.2,322.132,328.656,20802.0,61.7,228000,4.39,1.72,2025-09-15 21:20:38,555.62646484375,568.5499877929688,-0.0070542747438988715,0.016041019810302246,0.012372654546691987,0.030200729183652623,-0.32640553,566.4972665098899,576.4733909178478,376.9258553086547
2025-08-01,557.3609187017396,561.8166666582332,550.6323961444651,555.62646484375,1053000,0.0,0.0,MSCI,-0.0070542747438988584,555.8078857421875,561.8994293212891,47.905131282126185,-0.42100896021542056,-0.045330915684496875,30353.902,4.33,4.3,323.364,329.793,20802.0,61.7,227000,4.26,1.72,2025-09-15 21:20:38,570.2198486328125,567.719970703125,0.02626473847527469,0.021765532465729227,0.004324423100589451,0.02969135025105876,-0.3947851,558.0292287636191,572.1237648201834,336.2734119228262
2025-08-04,558.7265666779206,571.4658713552959,558.7265666779206,570.2198486328125,863400,0.0,0.0,MSCI,0.026264738475274774,559.6456298828125,561.1039672851563,55.35539362243687,0.780783130669815,-0.18005698005698,30353.902,4.33,4.3,323.364,329.793,20802.0,61.7,227000,4.26,1.72,2025-09-15 21:20:38,555.9553833007812,553.9099731445312,-0.025015729224846246,-0.028602784570524193,0.0095902041209621,0.00029266653637607205,-0.48272878,575.6883733750253,570.3867329008848,294.95831716057
2025-08-05,570.3295452421788,574.1274200691386,555.8457479029602,555.9553833007812,1089700,0.0,0.0,MSCI,-0.025015729224846295,559.7492919921875,559.9456634521484,48.112404154793964,0.6077725744982199,0.2621033124855223,30353.902,4.33,4.3,323.364,329.793,20802.0,61.7,227000,4.26,1.72,2025-09-15 21:20:38,546.555419921875,551.6099853515625,-0.016907765733101484,-0.007816091146414562,0.0028524565236385593,0.006141767536524506,-0.46523505,557.5412218607295,559.3699320256941,297.30545025519314
2025-08-06,557.4506358067061,560.8697150133036,540.5346597530818,546.555419921875,1064900,0.0,0.0,MSCI,-0.016907765733101487,557.5861938476562,558.2754943847656,44.02443983764892,-0.10881223360673342,-0.02275855740111954,30353.902,4.33,4.3,323.364,329.793,20802.0,61.7,227000,4.26,1.72,2025-09-15 21:20:38,543.7543334960938,557.1900024414062,-0.005124981518217566,0.019457464205645175,0.0034076964072670773,0.04937016311486115,-0.5756087,548.4179148627152,573.5389501547294,231.95338119046937
2025-08-07,551.33018808817,553.2340840217211,539.7770387347063,543.7543334960938,499700,0.0,0.0,MSCI,-0.005124981518217608,554.4222900390625,556.5225891113281,42.85589432904493,-0.7071613762394966,-0.5307540614142172,30353.902,4.33,4.3,323.364,329.793,20802.0,61.7,227000,4.26,1.72,2025-09-15 21:20:38,544.9405517578125,555.1500244140625,0.0021815334400958324,0.020957425469512354,0.009813176891199479,0.051266223098572636,-0.61772263,549.0902909560472,571.6305644679201,207.864976262681
2025-08-08,545.0701429876366,548.2499953945631,543.2659045273399,544.9405517578125,608700,0.0,0.0,MSCI,0.002181533440095862,552.285107421875,555.581591796875,43.53936569542096,-0.9439640096719124,0.21813087852711632,30353.902,4.33,4.3,323.364,329.793,20802.0,61.7,227000,4.26,1.72,2025-09-15 21:20:38,547.6419677734375,574.5800170898438,0.004957267369644365,0.054390272914033186,0.008811619139279995,0.051491038137918985,-0.6014612,549.7423603534514,573.0001064912726,217.1799687706225
2025-08-11,545.4190218063595,553.941866124507,545.4190218063595,547.6419677734375,588000,0.0,0.0,MSCI,0.004957267369644303,547.76953125,554.5214782714844,45.14834395723845,-0.8428948443167057,-0.0340068999507146,30353.902,4.33,4.3,323.364,329.793,20802.0,61.7,227000,4.26,1.72,2025-09-15 21:20:38,548.4094848632812,569.1599731445312,0.0014014942882560016,0.039292104399120606,0.015026323604404668,0.04316434051751303,-0.57284445,555.8710132005541,571.280572152091,233.9283082992406
2025-08-12,548.2599986349315,552.3170560891608,545.7779310029604,548.4094848632812,589400,0.0,0.0,MSCI,0.0014014942882560888,546.2603515625,553.8750396728516,45.622482291582436,-0.6568481774552559,0.0023809523809523725,30353.902,4.33,4.3,323.364,329.793,20802.0,61.7,227000,4.26,1.72,2025-09-15 21:20:38,565.62451171875,563.1799926757812,0.0313908262541456,0.02693335585941278,0.015026323604404668,0.042185092159741214,-0.54715866,556.6500632505617,571.544189523515,248.34248681435201
2025-08-13,552.2372513559275,566.0830699673836,550.7320462250802,565.62451171875,542900,0.0,0.0,MSCI,0.031390826254145576,550.074169921875,553.6407867431641,55.015095923961795,0.6238466060816594,-0.07889379029521548,30353.902,4.33,4.3,323.364,329.793,20802.0,61.7,227000,4.26,1.72,2025-09-15 21:20:38,563.9199829101562,585.47998046875,-0.003013534196766399,0.03510362146376162,0.010124553082847168,-0.007621467543850949,-0.54435545,571.351207112606,561.313622860679,257.72372494547744
2025-08-14,562.4148384811505,564.7971878245588,558.5172451099158,563.9199829101562,362900,0.0,0.0,MSCI,-0.003013534196766421,554.1072998046875,552.9200866699218,54.02013939896657,1.3146857699366619,-0.33155277214956713,30353.902,4.33,4.3,323.364,329.793,20802.0,61.7,227000,4.26,1.72,2025-09-15 21:20:38,557.02001953125,583.25,-0.01223571355513669,0.034277943104781605,0.007184924802962462,-0.011301051935160511,-0.5223639,567.9717055822537,557.5470938960137,269.34854070736037
2025-08-15,564.260009765625,566.8499755859375,555.9600219726562,557.02001953125,372300,1.8,0.0,MSCI,-0.01223571355513664,556.523193359375,551.9660339355469,50.07240602205837,1.2650429966523942,0.02590245246624412,30353.902,4.33,4.3,323.364,329.793,20802.0,61.7,227000,4.26,1.72,2025-09-15 21:20:38,555.6699829101562,576.6099853515625,-0.0024236770201362754,0.035169231146841146,0.004225451326091519,-0.004546897863213951,-0.56829184,559.3736805114379,554.487306394676,240.4700860787707
2025-08-18,556.02001953125,561.72998046875,555.02001953125,555.6699829101562,709700,0.0,0.0,MSCI,-0.002423677020136239,558.1287963867187,550.942984008789,49.313063805235124,1.1051829180560366,0.9062583937684663,30353.902,4.33,4.3,323.364,329.793,20802.0,61.7,227000,4.26,1.72,2025-09-15 21:20:38,568.1599731445312,576.6099853515625,0.022477352778644603,0.035169231146841146,0.001387835883815524,0.0007840250235994621,-0.62995785,556.4411616519981,556.1056420816209,205.62131252834297
2025-08-19,556.0,570.010009765625,555.3300170898438,568.1599731445312,685200,0.0,0.0,MSCI,0.0224773527786446,562.0788940429687,553.1107421875,55.9662009346077,1.7653401428943818,-0.03452162885726362,30353.902,4.33,4.3,323.364,329.793,20802.0,61.7,227000,4.26,1.72,2025-09-15 21:20:38,574.25,576.6099853515625,0.010718859376458644,0.035169231146841146,0.008475897870676848,-0.010503097693895656,-0.6358958,572.9756390511109,562.1925334408331,206.86943893129865
2025-08-20,567.6300048828125,574.4099731445312,562.5999755859375,574.25,577300,0.0,0.0,MSCI,0.010718859376458667,563.8039916992187,555.364697265625,58.80550197482588,2.4924075159286936,-0.15747227086981908,30353.902,4.33,4.3,323.364,329.793,20802.0,61.7,227000,4.26,1.72,2025-09-15 21:20:38,567.27001953125,576.6099853515625,-0.012154950750979538,0.035169231146841146,0.012840430817226238,-0.008267435156140064,-0.5873053,581.6236173967922,569.5024253615866,236.98992723226547
2025-08-21,570.6099853515625,572.1199951171875,565.989990234375,567.27001953125,535600,0.0,0.0,MSCI,-0.012154950750979499,564.4739990234375,556.6491333007813,54.47034253655403,2.383520766068537,-0.07223280789883946,30353.902,4.33,4.3,323.364,329.793,20802.0,61.7,227000,4.26,1.72,2025-09-15 21:20:38,574.8300170898438,576.6099853515625,0.013326982386343585,0.035169231146841146,0.0042588194988222045,-0.01227353385603497,-0.57032275,569.685920151527,560.3076117410195,243.74302086571697
2025-08-22,571.1199951171875,580.22998046875,566.6900024414062,574.8300170898438,380100,0.0,0.0,MSCI,0.013326982386343555,568.0359985351563,558.1630462646484,58.075369275221846,2.678857094157986,-0.29032860343539957,30353.902,4.33,4.3,323.364,329.793,20802.0,61.7,227000,4.26,1.72,2025-09-15 21:20:38,573.719970703125,576.6099853515625,-0.0019310863276391045,0.035169231146841146,0.013223358751354459,-0.008267435156140064,-0.6135597,582.4312006268699,570.0776471977506,222.1374710893724
2025-08-25,573.4600219726562,577.4500122070312,569.9299926757812,573.719970703125,532500,0.0,0.0,MSCI,-0.0019310863276390533,571.64599609375,559.2974884033204,57.35723366916784,2.652662991084113,0.40094711917916337,30353.902,4.33,4.3,323.364,329.793,20802.0,61.7,227000,4.26,1.72,2025-09-15 21:20:38,571.4299926757812,576.6099853515625,-0.0039914560138759984,0.035169231146841146,0.008524293119239598,-0.0074294735338738,-0.5860949,578.61052790176,569.4575333649312,237.46561274274427
2025-08-26,572.8800048828125,572.9099731445312,562.9299926757812,571.4299926757812,425100,0.0,0.0,MSCI,-0.00399145601387596,572.3,560.097134399414,55.82364963814904,2.344966544699252,-0.20169014084507042,30353.902,4.33,4.3,323.364,329.793,20802.0,61.7,227000,4.26,1.72,2025-09-15 21:20:38,570.1500244140625,576.6099853515625,-0.0022399388868707495,0.035169231146841146,0.006801996868834243,-0.0027234839122768305,-0.593701,575.3168576967199,569.8737122837363,232.1714317473161
2025-08-27,571.489990234375,575.27001953125,569.7100219726562,570.1500244140625,332900,0.0,0.0,MSCI,-0.002239938886870796,571.4800048828125,560.7360900878906,54.93943812990197,1.9360716498791855,-0.21689014349564806,30353.902,4.33,4.3,323.364,329.793,20802.0,61.7,227000,4.26,1.72,2025-09-15 21:20:38,568.5499877929688,576.6099853515625,-0.0028063431598342762,0.035169231146841146,0.006801996868834243,-0.004359399775807952,-0.60959214,574.0281830948927,567.6645125254549,222.59105106956122
2025-08-28,571.0499877929688,572.1300048828125,568.3900146484375,568.5499877929688,521500,0.0,0.0,MSCI,-0.0028063431598343014,571.7359985351562,561.1848968505859,53.79240928876319,1.4603437602986586,0.5665364974466807,30353.902,4.33,4.3,323.364,329.793,20802.0,61.7,227000,4.26,1.72,2025-09-15 21:20:38,567.719970703125,576.6099853515625,-0.0014598841045899234,0.035169231146841146,0.004416959785142651,-0.009135067588010203,-0.61233336,571.0612502248937,563.3562452273176,220.4078649554176
2025-08-29,568.7999877929688,571.6400146484375,565.530029296875,567.719970703125,499000,0.0,0.0,MSCI,-0.0014598841045899702,570.3139892578125,561.7895721435547,53.17223065551303,1.0134771151988407,-0.043144774688398835,30353.902,4.33,4.3,323.364,329.793,20802.0,61.7,227000,4.26,1.72,2025-09-15 21:20:38,553.9099731445312,576.6099853515625,-0.02432536861701373,0.035169231146841146,0.013388826447782155,-0.008027979506208947,-0.6092043,575.3210748618092,563.1623264130548,221.86252772784792
2025-09-02,560.6599731445312,565.7899780273438,548.0,553.9099731445312,845300,0.0,0.0,MSCI,-0.024325368617013732,566.3519897460938,560.9740783691407,44.06857084295234,-0.22253632231295217,0.6939879759519039,30353.902,4.33,4.3,323.364,329.793,20802.0,61.7,263000,4.26,1.72,2025-09-15 21:20:38,551.6099853515625,576.6099853515625,-0.004152277273347841,0.035169231146841146,-0.0007861824295968449,0.05909612628496633,-0.60713506,553.4744988560666,586.6439068679828,217.61180977766344
2025-09-03,552.5999755859375,558.4400024414062,549.0900268554688,551.6099853515625,898700,0.0,0.0,MSCI,-0.004152277273347882,562.38798828125,560.7568084716797,42.755642011872574,-1.1533286751310508,0.0631728380456642,30353.902,4.33,4.3,323.364,329.793,20802.0,61.7,263000,4.26,1.72,2025-09-15 21:20:38,557.1900024414062,576.6099853515625,0.010115873965347796,0.035169231146841146,0.007721181989363389,0.06507723165701812,-0.6738051,555.869066435612,587.5072361526105,179.932354298493
2025-09-04,554.0999755859375,557.5999755859375,551.0,557.1900024414062,590600,0.0,0.0,MSCI,0.010115873965347744,559.7959838867188,561.2885375976563,46.88978028549686,-1.338508520144172,-0.3428285300990319,30353.902,4.33,4.3,323.364,329.793,20802.0,61.7,263000,4.26,1.72,2025-09-15 21:20:38,555.1500244140625,576.6099853515625,-0.0036611892144605964,0.035169231146841146,0.013264894804601253,0.05442668609493483,-0.6441763,564.581069209967,587.5160077995206,198.2614058533036
2025-09-05,558.3599853515625,561.5900268554688,554.0,555.1500244140625,626800,0.0,0.0,MSCI,-0.0036611892144605696,557.1159912109375,561.8583221435547,45.593410115086286,-1.5298850117200444,0.0612935997290891,30353.902,4.33,4.3,323.364,329.793,20802.0,61.7,263000,4.26,1.72,2025-09-15 21:20:38,574.5800170898438,576.6099853515625,0.03499953493884611,0.035169231146841146,0.007046124603151207,0.05755531867122353,-0.5640716,559.0616806595265,587.1018609795514,242.00566430725303
2025-09-08,557.72998046875,576.1599731445312,554.9099731445312,574.5800170898438,922800,0.0,0.0,MSCI,0.03499953493884611,558.4880004882813,563.3402954101563,57.61355398730524,-0.3414628794768113,0.4722399489470326,30353.902,4.33,4.3,323.364,329.793,20802.0,61.7,263000,4.26,1.72,2025-09-15 21:20:38,569.1599731445312,576.6099853515625,-0.009433053333048648,0.035169231146841146,0.009148366589855458,0.030581644047898784,-0.533384,579.8364857213871,592.151618649521,268.10821483422114
2025-09-09,571.989990234375,574.5,567.9000244140625,569.1599731445312,671200,0.0,0.0,MSCI,-0.009433053333048669,561.5380004882812,564.4161956787109,54.02772406141468,0.06439822711990639,-0.27264846120502817,30353.902,4.33,4.3,323.364,329.793,20802.0,61.7,263000,4.26,1.72,2025-09-15 21:20:38,563.1799926757812,576.6099853515625,-0.010506677825061069,0.035169231146841146,0.0034852699546532363,0.02974231096134797,-0.47829345,571.1436492983231,586.0881060525484,296.9345036971499
2025-09-10,571.77001953125,571.77001953125,558.97998046875,563.1799926757812,648700,0.0,0.0,MSCI,-0.010506677825061095,563.852001953125,565.1547210693359,50.307417837104644,-0.07739128369167037,-0.033522050059594743,30353.902,4.33,4.3,323.364,329.793,20802.0,61.7,263000,4.26,1.72,2025-09-15 21:20:38,585.47998046875,576.6099853515625,0.03959655542274687,0.035169231146841146,0.0028154272736460335,0.03487967332057929,-0.5052521,564.7655849871325,582.8235268409989,278.63210581334715
2025-09-11,565.7100219726562,585.8400268554688,564.7999877929688,585.47998046875,477000,0.0,0.0,MSCI,0.03959655542274687,569.5099975585938,566.147494506836,61.072319870386295,1.249933146404235,-0.2646832125790042,30353.902,4.33,4.3,323.364,329.793,20802.0,61.7,263000,4.26,1.72,2025-09-15 21:20:38,583.25,576.6099853515625,-0.003808807377093614,0.035169231146841146,0.0091230123287399,0.007135750627326079,-0.54311275,590.8213215487967,589.6578196066669,267.4983353833668
2025-09-12,584.0700073242188,585.4500122070312,576.3400268554688,583.25,722100,0.0,0.0,MSCI,-0.0038088073770936592,575.1299926757813,567.1139953613281,59.68003311998182,1.8601950748085783,0.5138364779874214,30353.902,4.33,4.3,323.364,329.793,20802.0,61.7,263000,4.26,1.72,2025-09-15 21:20:38,576.6099853515625,576.6099853515625,-0.011384508612837548,0.035169231146841146,0.003104074333875382,0.00797371224959234,-0.47865167,585.0604513552328,587.9006676695748,304.0764293372631
2025-09-15,584.1500244140625,584.3400268554688,574.9450073242188,576.6099853515625,1255721,0.0,0.0,MSCI,-0.011384508612837574,575.535986328125,568.0934936523438,55.614434850837114,1.7033473407069706,0.7389849051377926,30353.902,4.33,4.3,323.364,329.793,20802.0,61.7,263000,4.26,1.72,2025-09-15 21:20:38,576.6099853515625,576.6099853515625,-0.011384508612837548,0.035169231146841146,-0.002782817914457469,0.011294818159232941,-0.5259481,575.0053847546711,583.1226902849064,273.343054938734
2025-05-01,429.6137271918364,435.47332427713997,423.4252888222868,423.9235534667969,58938100,0.0,0.0,MSFT,0.07625354383320349,398.1553161621094,378.8769561767578,69.26934437907204,5.1529628632187725,0.6164652190965165,30353.902,4.33,4.2,320.58,326.854,20617.5,52.2,229000,4.42,1.72,2025-09-15 21:20:38,433.769287109375,459.60443115234375,0.02322525738912329,0.08416818880138378,0.07217423053785654,0.042586568345291446,-0.33527428,454.51990974513683,441.9770028496895,281.7928896772519
2025-05-02,430.2415647531947,437.91485278651635,428.49763841940904,433.769287109375,30757400,0.0,0.0,MSFT,0.023225257389123177,406.81116943359376,381.9746688842773,71.99192139713983,6.6991296662102835,-0.4781406255037064,30353.902,4.33,4.2,320.58,326.854,20617.5,52.2,229000,4.42,1.72,2025-09-15 21:20:38,434.65618896484375,461.2118225097656,0.0020446395856632367,0.06326527999081454,0.029401587392131875,0.042586568345291446,-0.29066417,446.522792712344,452.2420325009468,307.6880860159872
2025-05-05,431.367624097433,437.97461808249534,430.6102521137275,434.65618896484375,20136100,0.0,0.0,MSFT,0.002044639585663255,415.78192749023435,385.77792205810545,72.23058557270527,7.365121396954954,-0.3453250274730634,30353.902,4.33,4.2,320.58,326.854,20617.5,52.2,229000,4.42,1.72,2025-09-15 21:20:38,431.8061218261719,462.2101745605469,-0.0065570609852800155,0.06339259924337985,-0.008251067367866202,0.04044316052426301,-0.35433993,431.0698114678348,452.2350589880133,280.6401335541377
2025-05-06,430.6999888667604,436.2107948487266,429.6735648726689,431.8061218261719,15104200,0.0,0.0,MSFT,-0.006557060985279972,423.6086669921875,389.5373291015625,70.16155302656765,7.189252824775695,-0.24989446814427818,30353.902,4.33,4.2,320.58,326.854,20617.5,52.2,229000,4.42,1.72,2025-09-15 21:20:38,431.8459777832031,463.1086730957031,9.230058356443227e-05,0.07249214331920108,0.03108587130379087,0.04128112214652927,-0.32706922,445.22919135744934,449.63156308489715,290.57562910532397
2025-05-07,432.3342674079582,436.5994115910065,429.6137314736212,431.8459777832031,23295300,0.0,0.0,MSFT,9.230058356446413e-05,431.2002258300781,393.46315612792966,70.17441945258079,6.662984224587093,0.5423061135313356,30353.902,4.33,4.2,320.58,326.854,20617.5,52.2,229000,4.42,1.72,2025-09-15 21:20:38,436.6492614746094,466.91241455078125,0.011122677849317869,0.08120125825319671,0.018070863592676293,0.036472316370005496,-0.28588656,439.6498075407693,447.5964009080265,308.38703138114215
2025-05-08,436.41007376009867,442.1301726837614,434.147963172883,436.6492614746094,23491300,0.0,0.0,MSFT,0.011122677849317864,433.7453674316406,395.838883972168,71.75512524266105,6.233484085799501,0.008413714354397639,30353.902,4.33,4.2,320.58,326.854,20617.5,52.2,229000,4.42,1.72,2025-09-15 21:20:38,437.20733642578125,469.6080017089844,0.001278085182801406,0.07548103968633761,0.00725977940759962,0.036472316370005496,-0.24003276,439.81923879140635,452.5748714818406,331.83912007822437
2025-05-09,438.47291776294395,439.2103397565405,434.3672216715751,437.20733642578125,15324200,0.0,0.0,MSFT,0.0012780851828013695,434.4329772949219,398.6979278564453,71.94119265633434,5.602024975536242,-0.3476648801896872,30353.902,4.33,4.2,320.58,326.854,20617.5,52.2,229000,4.42,1.72,2025-09-15 21:20:38,447.70074462890625,471.97412109375,0.02400098838438939,0.07952013100281229,0.012036361548017942,0.036472316370005496,-0.21154097,442.4697219984478,453.1533007191898,344.72008662974986
2025-05-12,444.3922601902366,447.8103482497994,438.2536363054134,447.70074462890625,22821900,0.0,0.0,MSFT,0.024000988384389466,437.04188842773436,401.72787322998045,75.24357476406593,5.498365633841402,0.48927187063598754,30353.902,4.33,4.2,320.58,326.854,20617.5,52.2,229000,4.42,1.72,2025-09-15 21:20:38,447.5812072753906,470.1471252441406,-0.00026700280254103234,0.0501370187218248,0.014502838511421918,0.027830613715322614,-0.18446611,454.1936762297026,460.1605311127356,365.1151237429149
2025-05-13,446.22591154405814,449.1058959658508,443.8142971336702,447.5812072753906,23618800,0.0,0.0,MSFT,-0.0002670028025409943,440.1969055175781,404.78373260498046,75.13508901972948,5.0411296767517,0.034918214522016155,30353.902,4.33,4.2,320.58,326.854,20617.5,52.2,229000,4.42,1.72,2025-09-15 21:20:38,451.36798095703125,471.8443298339844,0.00846052877128658,0.054209430968501275,0.01191849992894934,0.027830613715322614,-0.13794073,452.91570386250146,460.03766696130975,385.8415134005809
2025-05-14,446.5846525094385,452.32464056421765,446.5846525094385,451.36798095703125,19902800,0.0,0.0,MSFT,0.008460528771286668,444.10130615234374,408.132568359375,76.3007909137992,4.624049701626998,-0.1573322946127661,30353.902,4.33,4.2,320.58,326.854,20617.5,52.2,229000,4.42,1.72,2025-09-15 21:20:38,452.3863220214844,478.0840759277344,0.0022561216289510525,0.0591891673708384,0.022688242758416043,0.02703190704365841,-0.11345869,461.6087272823605,463.5693182607455,400.15635976318663
2025-05-15,450.0301794411029,455.44129747226026,449.6907411096269,452.3863220214844,21992300,0.83,0.0,MSFT,0.0022561216289509467,447.24871826171875,412.23587188720705,76.61824887101295,4.066788692850579,0.10498522820909617,30353.902,4.33,4.2,320.58,326.854,20617.5,52.2,229000,4.42,1.72,2025-09-15 21:20:38,453.5244445800781,474.18048095703125,0.00251582000425667,0.04817599002144862,0.020968805169522875,0.02703190704365841,-0.06379973,461.87232266930994,464.6151870261917,423.5241928018331
2025-05-16,451.30808680840903,453.6142932166669,447.99355872232604,453.5244445800781,23849800,0.0,0.0,MSFT,0.0025158200042567636,450.51213989257815,416.5869171142578,76.98924021895631,3.449252611916325,0.08446137966470091,30353.902,4.33,4.2,320.58,326.854,20617.5,52.2,229000,4.42,1.72,2025-09-15 21:20:38,458.11688232421875,478.3536376953125,0.010126108524079224,0.05474719921265528,0.021870069541862748,0.02406422770095698,0.0042066164,463.44305572197914,464.4381600824032,455.43226654533646
2025-05-19,450.14000552921704,458.83570185482216,450.0601197660991,458.11688232421875,21336500,0.0,0.0,MSFT,0.010126108524079136,452.5953674316406,421.5990814208984,78.47346541048796,3.0388943260851544,-0.10538033861919183,30353.902,4.33,4.2,320.58,326.854,20617.5,52.2,229000,4.42,1.72,2025-09-15 21:20:38,457.4180603027344,477.25543212890625,-0.0015254229836258342,0.041776565202289916,0.031769227738881675,0.02406422770095698,0.06111954,472.6709018898033,469.1411112941213,486.11678296359605
2025-05-20,454.8422775622727,457.58776423526933,453.57437286704067,457.4180603027344,15441800,0.0,0.0,MSFT,-0.0015254229836257904,454.5627380371094,426.19263916015626,77.65267317671804,2.435300636183012,-0.2762730532186628,30353.902,4.33,4.2,320.58,326.854,20617.5,52.2,229000,4.42,1.72,2025-09-15 21:20:38,451.8272399902344,479.4518127441406,-0.012222561367165543,0.048169834892010134,0.012591601232584647,0.0226687651061279,0.111138985,463.17768611464874,467.7871628670377,508.25501859644646
2025-05-21,453.8239575485261,457.02868069868646,451.06847756848606,451.8272399902344,19216900,0.0,0.0,MSFT,-0.012222561367165596,454.65458984375,430.1294708251953,71.23337479831108,1.424485672123918,0.24447279462238858,30353.902,4.33,4.2,320.58,326.854,20617.5,52.2,229000,4.42,1.72,2025-09-15 21:20:38,454.11346435546875,476.6164855957031,0.005059952483794002,0.0548644335963554,0.010923651984537446,0.03355071301001959,0.15532055,456.7628435170218,466.986366049256,522.0052841913457
2025-05-22,454.2033434579146,459.49463285512667,453.1550484484722,454.11346435546875,18025600,0.0,0.0,MSFT,0.0050599524837939835,455.00001831054686,433.53735504150393,72.2438336474074,0.7108687914485436,-0.061992308853144884,30353.902,4.33,4.2,320.58,326.854,20617.5,52.2,229000,4.42,1.72,2025-09-15 21:20:38,449.441162109375,485.2023620605469,-0.010288843235963574,0.06846063846444884,0.023759832209829038,0.03729015396918697,0.18510485,464.9031240727789,471.0474253607651,538.1720676748955
2025-05-23,449.24150862772166,452.94541128469075,448.17325738802526,449.441162109375,16883500,0.0,0.0,MSFT,-0.010288843235963574,454.18336181640626,436.484912109375,67.0595681737361,-0.22475823788218463,-0.06335988815906268,30353.902,4.33,4.2,320.58,326.854,20617.5,52.2,229000,4.42,1.72,2025-09-15 21:20:38,459.93389892578125,489.30560302734375,0.023346185665684,0.08869779690598839,0.019553929737850702,0.02864939135561535,0.19664967,458.22950301455967,462.31737785396905,537.8236185926653
2025-05-27,455.7308170830738,460.19348195260824,455.3713920868909,459.93389892578125,20974300,0.0,0.0,MSFT,0.023346185665684027,454.54676513671876,439.99148712158205,71.93099325391489,-0.28218017825058794,0.24229573251991599,30353.902,4.33,4.2,320.58,326.854,20617.5,52.2,229000,4.42,1.72,2025-09-15 21:20:38,456.609375,491.4620666503906,-0.007228264612688883,0.06854934545648052,0.022617569810079098,0.028614961328959385,0.1941087,470.33648599275693,473.09488965742,549.2110814438638
2025-05-28,460.4630558858422,461.7609101640183,456.1800880198718,456.609375,17086300,0.0,0.0,MSFT,-0.007228264612688884,454.38502807617186,443.1883346557617,68.47567217152329,-0.6672921847383719,-0.1853697143647225,30353.902,4.33,4.2,320.58,326.854,20617.5,52.2,229000,4.42,1.72,2025-09-15 21:20:38,457.9272155761719,496.6335754394531,0.0028861443683057867,0.08765523143157787,0.02468032103342698,0.029710556658715744,0.24916507,467.87864096187246,470.17549370683827,570.3804764673114
2025-05-29,460.79250051058557,460.9622349154345,454.56275123248776,457.9272155761719,13974800,0.0,0.0,MSFT,0.0028861443683056986,455.6050231933594,446.3902862548828,69.10913411735555,-0.9398200175376275,-0.18210496128477205,30353.902,4.33,4.2,320.58,326.854,20617.5,52.2,229000,4.42,1.72,2025-09-15 21:20:38,459.60443115234375,495.1260681152344,0.0036626247995799367,0.08123311145038249,0.037513144884976694,0.02967612663205978,0.26872656,475.10550556085474,471.5167216138769,580.984433447702
2025-05-30,458.96549737927586,460.9222720478794,454.79236501090486,459.60443115234375,34770500,0.0,0.0,MSFT,0.0036626247995799055,456.7032165527344,448.17433013916013,69.93710708957389,-1.1024193992001656,1.4880856971119445,30353.902,4.33,4.2,320.58,326.854,20617.5,52.2,229000,4.42,1.72,2025-09-15 21:20:38,461.2118225097656,496.5936584472656,0.003497336510424282,0.08048057152578053,0.052720731282813654,0.032961149159431755,0.30267853,483.83511286351694,474.7535213618919,598.7168500573898
2025-06-02,456.3897628439735,461.35157690062545,456.1401731404802,461.2118225097656,16626500,0.0,0.0,MSFT,0.003497336510424276,459.0573486328125,449.5464569091797,70.74635845179449,-1.189537410799888,-0.5218216591650968,30353.902,4.33,4.1,321.5,327.6,20693.1,60.7,250000,4.38,1.72,2025-09-15 21:20:38,462.2101745605469,491.242431640625,0.0021646280560384183,0.06511240099493223,0.013044914805523777,0.027364129947070614,0.3219309,467.2282914417059,473.8324827540481,609.6901528480521
2025-06-03,460.7126363614999,463.3782677615003,460.1036216507913,462.2101745605469,15743800,0.0,0.0,MSFT,0.0021646280560383424,459.5126037597656,450.92415618896484,71.26376193848944,-1.2609345611826743,-0.053089946771719854,30353.902,4.33,4.1,321.5,327.6,20693.1,60.7,250000,4.38,1.72,2025-09-15 21:20:38,463.1086730957031,490.2840270996094,0.0019439176907139932,0.06073828332696079,0.012436331812253612,0.027364129947070614,0.25371364,467.9583736583815,474.85815384007986,579.4791855046642
2025-06-04,463.2384646092932,464.9256933509807,462.2600620562611,463.1086730957031,14162700,0.0,0.0,MSFT,0.0019439176907138922,460.8124633789063,452.4892837524414,71.74806362056083,-1.3222339168825634,-0.1004268346904813,30353.902,4.33,4.1,321.5,327.6,20693.1,60.7,250000,4.38,1.72,2025-09-15 21:20:38,466.91241455078125,498.02130126953125,0.008213496477298899,0.07538754983889775,0.012436331812253612,0.027364129947070614,0.3061602,468.86804621945373,475.7812390059094,604.8941224273949
2025-06-05,464.1968775224098,468.8791825139859,463.26841119380083,466.91241455078125,20131700,0.0,0.0,MSFT,0.008213496477298854,462.6095031738281,454.2426055908203,73.76393604977,-1.18557130245458,0.4214591850424001,30353.902,4.33,4.1,321.5,327.6,20693.1,60.7,250000,4.38,1.72,2025-09-15 21:20:38,469.6080017089844,496.90313720703125,0.005773218004487122,0.06423200951961028,0.010357223183548446,0.027364129947070614,0.35876423,471.7483306354532,479.68906653644933,634.4238601670077
2025-06-06,469.31846913564885,472.56313512848675,468.0106215882427,469.6080017089844,15285600,0.0,0.0,MSFT,0.005773218004487157,464.61021728515624,455.8905426025391,75.11885187290983,-1.000011701945077,-0.24071985972371934,30353.902,4.33,4.1,321.5,327.6,20693.1,60.7,250000,4.38,1.72,2025-09-15 21:20:38,471.97412109375,495.804931640625,0.005038498867470122,0.055784675380967715,0.012899559186441908,0.027364129947070614,0.41726124,475.66573792145607,482.4584160919332,665.5572201621362
2025-06-09,468.92913895110996,472.6529977632414,467.8508943889836,471.97412109375,16469900,0.0,0.0,MSFT,0.005038498867470098,466.76267700195314,457.6288818359375,76.27696717973859,-0.8122783933867552,0.07747814936934105,30353.902,4.33,4.1,321.5,327.6,20693.1,60.7,250000,4.38,1.72,2025-09-15 21:20:38,470.1471252441406,502.68365478515625,-0.00387096615673653,0.06506613883879939,0.013249405928416192,0.025784727959091498,0.46122295,478.2274978118286,484.1438454098836,689.6593878323911
2025-06-10,470.4166711436691,472.02401413852874,466.19360257943936,470.1471252441406,15375900,0.0,0.0,MSFT,-0.003870966156736544,468.3500671386719,458.7512008666992,73.43467857552432,-0.8987674085949102,-0.06642420415424499,30353.902,4.33,4.1,321.5,327.6,20693.1,60.7,250000,4.38,1.72,2025-09-15 21:20:38,471.8443298339844,500.656982421875,0.003609943565989936,0.06489427572675478,0.006710695380642155,0.025718547258635437,0.5107739,473.30213938573866,482.2386263032436,710.2860046488422
2025-06-11,469.24859086789724,474.68965849935887,468.88919632531986,471.8443298339844,16399200,0.0,0.0,MSFT,0.0036099435659899815,470.0971984863281,459.96435699462893,74.38939822355192,-0.925645055079908,0.06655220182233235,30353.902,4.33,4.1,321.5,327.6,20693.1,60.7,250000,4.38,1.72,2025-09-15 21:20:38,478.0840759277344,502.49395751953125,0.013224162502801331,0.06495707534798768,0.011538092172105392,0.025784727959091498,0.5445469,477.28851320249413,484.0107075177935,728.785669832032
2025-06-12,474.2403884361742,479.6315503555016,472.7428502291372,478.0840759277344,18950600,0.0,0.0,MSFT,0.01322416250280134,472.33153076171874,461.30016174316404,77.57962181959012,-0.62174636097809,0.15558076003707488,30353.902,4.33,4.1,321.5,327.6,20693.1,60.7,250000,4.38,1.72,2025-09-15 21:20:38,474.18048095703125,502.1944274902344,-0.008165080510427166,0.0504311956337664,0.013479507116558131,0.027593929524957882,0.5612947,484.5284136315154,491.2762942258889,746.430121887719
2025-06-13,475.62811338522215,478.3935562569989,471.98410990605987,474.18048095703125,16814500,0.0,0.0,MSFT,-0.008165080510427192,473.24602661132815,462.3898696899414,71.57296444129639,-0.772361580828747,-0.11271938619357702,30353.902,4.33,4.1,321.5,327.6,20693.1,60.7,250000,4.38,1.72,2025-09-15 21:20:38,478.3536376953125,504.9898376464844,0.00880077714261589,0.06497390324306701,0.004283069633415645,0.027527748824501822,0.58082336,476.21142897577676,487.2336021342979,749.5956103047065
2025-06-16,474.4300645574067,479.90108160832807,474.2204177457221,478.3536376953125,15626100,0.0,0.0,MSFT,0.008800777142615956,474.5219299316406,463.63132934570314,73.89954409423368,-0.6827620242646191,-0.07067709417467072,30353.902,4.33,4.1,321.5,327.6,20693.1,60.7,250000,4.38,1.72,2025-09-15 21:20:38,477.25543212890625,504.7901611328125,-0.002295802686266499,0.05526564732500007,0.012984339613356573,0.027593929524957882,0.5772304,484.564743782433,491.55329426188416,754.4739249113481
2025-06-17,474.6197503672441,477.9542649832925,473.30190948641297,477.25543212890625,15414100,0.0,0.0,MSFT,-0.0022958026862665015,475.94359130859374,464.5882568359375,72.22431799708536,-0.7821473310482947,-0.013567044880040457,30353.902,4.33,4.1,321.5,327.6,20693.1,60.7,250000,4.38,1.72,2025-09-15 21:20:38,479.4518127441406,510.8601989746094,0.004602107105280961,0.07041253924717301,0.006826247003427687,0.027527748824501822,0.5570344,480.5132955923458,490.39319978967984,743.1031126609232
2025-06-18,477.21549881727225,480.2105751696819,473.68130019053103,479.4518127441406,17526500,0.0,0.0,MSFT,0.0046021071052808615,477.465087890625,465.6899444580078,73.5173286601884,-0.782739281587375,0.13704335640744514,30353.902,4.33,4.1,321.5,327.6,20693.1,60.7,250000,4.38,1.72,2025-09-15 21:20:38,476.6164855957031,509.212890625,-0.005913685323681468,0.062073136631858705,0.012750965191239532,0.027593929524957882,0.54105043,485.56528611931793,492.68177227561574,738.8594241654064
2025-06-20,481.4385756672578,482.666537493529,476.0873566497709,476.6164855957031,37576200,0.0,0.0,MSFT,-0.005913685323681417,477.17156982421875,466.9294067382813,69.04871089692179,-1.040706252688354,1.1439648532222635,30353.902,4.33,4.1,321.5,327.6,20693.1,60.7,250000,4.38,1.72,2025-09-15 21:20:38,485.2023620605469,509.2228698730469,0.018014224694961233,0.06841220407344993,0.01937651112932717,0.02910715081248093,0.5322014,485.8516502332691,490.4894335216519,730.2724509443688
2025-06-23,477.425138713905,486.94948990747275,471.7345120072702,485.2023620605469,24864000,0.0,0.0,MSFT,0.01801422469496128,479.3759460449219,468.48385162353514,74.16896426849186,-0.7152213329508204,-0.3383045651236687,30353.902,4.33,4.1,321.5,327.6,20693.1,60.7,250000,4.38,1.72,2025-09-15 21:20:38,489.30560302734375,504.44073486328125,0.008456762142235499,0.039650204341613815,0.022074450345843172,0.027593929524957882,0.52037096,495.91293750953827,498.5910018445887,737.6875811145728
2025-06-24,488.1475336634371,491.0427680081874,486.0010379300524,489.30560302734375,22305600,0.0,0.0,MSFT,0.008456762142235563,481.56633911132815,470.4770736694336,76.19569170452446,-0.3255437198475679,-0.10289575289575292,30353.902,4.33,4.1,321.5,327.6,20693.1,60.7,250000,4.38,1.72,2025-09-15 21:20:38,491.4620666503906,505.0397644042969,0.004407191762581075,0.03215610301538659,0.012346309088610523,0.026532764221857488,0.48396036,495.34672124110824,502.2882332249021,726.1101335421408
2025-06-25,491.2324636297239,493.7483167920849,488.58681895090325,491.4620666503906,17495100,0.0,0.0,MSFT,0.004407191762580975,484.407666015625,472.05348205566406,77.20782808667492,-0.03955571661543544,-0.21566333118140735,30353.902,4.33,4.1,321.5,327.6,20693.1,60.7,250000,4.38,1.72,2025-09-15 21:20:38,496.6335754394531,510.0415344238281,0.010522701831922535,0.037804479804652555,0.012517828389118987,0.023721874795259494,0.48920777,497.61410446048194,503.12046826209064,731.8891158320912
2025-06-26,492.1709105807123,497.2226034494893,492.0011761864687,496.6335754394531,21578900,0.0,0.0,MSFT,0.010522701831922499,487.8440185546875,474.05469207763673,79.46300296169679,0.3589529785282153,0.23342535910054818,30353.902,4.33,4.1,321.5,327.6,20693.1,60.7,250000,4.38,1.72,2025-09-15 21:20:38,495.1260681152344,512.866943359375,-0.0030354518880138363,0.0326868112079566,0.01279620466627963,0.020787437804040035,0.49853283,502.9886003149226,506.95731500029876,744.2216885034431
2025-06-27,496.73341116664807,498.4805390751374,492.22084033701867,495.1260681152344,34539200,0.0,0.0,MSFT,-0.003035451888013796,491.5459350585937,475.91463470458984,77.06912616967668,0.3800396477732022,0.6006005866842146,30353.902,4.33,4.1,321.5,327.6,20693.1,60.7,250000,4.38,1.72,2025-09-15 21:20:38,496.5936584472656,511.65887451171875,0.0029640740541451087,0.033391104733020385,0.0046851884150116456,0.020757536506865397,0.51892394,497.44582703353814,505.403665549637,752.0588668357159
2025-06-30,496.22427056302723,499.9381665482639,494.51705506439515,496.5936584472656,28369000,0.0,0.0,MSFT,0.002964074054145005,493.8241943359375,477.76409606933595,77.77120023350416,0.35245769983860065,-0.17864339648862737,30353.902,4.33,4.1,321.5,327.6,20693.1,60.7,250000,4.38,1.72,2025-09-15 21:20:38,491.242431640625,511.728759765625,-0.010775866174716533,0.03047783849210512,0.012737622778646155,0.020071713189468786,0.5297374,502.9190811428348,506.56114393132816,759.6579279496218
2025-07-01,495.655190908974,497.2325843953567,490.1742108879921,491.242431640625,19945400,0.0,0.0,MSFT,-0.010775866174716486,494.21156005859376,479.26562652587893,69.42461205105008,-0.14014720537131353,-0.2969297472593324,30353.902,4.33,4.2,322.132,328.656,20802.0,61.7,228000,4.39,1.72,2025-09-15 21:20:38,490.2840270996094,512.3976440429688,-0.001950980777077414,0.043064709071833865,0.002866091112594261,0.014240936025187353,0.52065367,492.65037720807936,498.23818368247663,747.0096333904658
2025-07-02,489.1858263089447,492.69007550131784,487.8979653734086,490.2840270996094,16319600,0.0,0.0,MSFT,-0.001950980777077449,493.9759521484375,480.66931915283203,68.01666695795979,-0.6177372496992177,-0.1817862765349404,30353.902,4.33,4.2,322.132,328.656,20802.0,61.7,228000,4.39,1.72,2025-09-15 21:20:38,498.02130126953125,532.6243896484375,0.015781207916752953,0.08635884550288637,0.008876648013755713,0.015497228476237959,0.509274,494.63610583493926,497.8820706858221,739.9729376044561
2025-07-03,492.99955771280014,499.3091926553608,492.6301698307581,498.02130126953125,13984800,0.0,0.0,MSFT,0.01578120791675297,494.2534973144531,482.4149505615234,72.81063494580062,-0.5045343620201734,-0.14306723204000094,30353.902,4.33,4.2,322.132,328.656,20802.0,61.7,228000,4.39,1.72,2025-09-15 21:20:38,496.90313720703125,523.2498168945312,-0.002245213326517624,0.050657503124241304,0.011476389468157476,0.015563409176694019,0.4672697,503.736787686339,505.7722105598986,730.7315449095768
2025-07-07,496.56369887519327,497.9314455400232,494.41723357438383,496.90313720703125,13981600,0.0,0.0,MSFT,-0.0022452133265176144,494.6089111328125,483.91448669433595,71.15084287482061,-0.5909516367581844,-0.00022881986156397804,30353.902,4.33,4.2,322.132,328.656,20802.0,61.7,228000,4.39,1.72,2025-09-15 21:20:38,495.804931640625,534.7609252929688,-0.002210099885017812,0.07618746039464894,0.005026340548478075,0.015497228476237959,0.45954275,499.4007415942409,504.60375865488805,725.2513720148418
2025-07-08,496.42390920841734,497.3823555722493,493.2990413573122,495.804931640625,11846600,0.0,0.0,MSFT,-0.0022100998850178577,494.4511657714844,485.22433319091795,69.47568968766208,-0.7953362227631331,-0.15270069233850203,30353.902,4.33,4.2,322.132,328.656,20802.0,61.7,228000,4.39,1.72,2025-09-15 21:20:38,502.68365478515625,526.8838500976562,0.013873849785578908,0.06268376224938042,0.005026340548478075,0.015497228476237959,0.44651794,498.29701607266566,503.4885339459053,717.1907305084169
2025-07-09,499.47890106455674,505.94827712953634,498.919822567675,502.68365478515625,18659500,0.0,0.0,MSFT,0.013873849785578818,496.7394104003906,486.75980987548826,73.65896283490412,-0.5520645694318844,0.575093275707798,30353.902,4.33,4.2,322.132,328.656,20802.0,61.7,228000,4.39,1.72,2025-09-15 21:20:38,500.656982421875,524.0784912109375,-0.004031705316035065,0.042561233535483196,0.009582047714451855,0.015563409176694019,0.43632305,507.5003935505827,510.50712619101364,722.016118559397
2025-07-10,502.22438258392543,503.6121159415126,496.93309312638246,500.656982421875,16492100,0.0,0.0,MSFT,-0.004031705316035028,498.8140014648437,488.285302734375,70.5894425113709,-0.6080266297382941,-0.11615530962780352,30353.902,4.33,4.2,322.132,328.656,20802.0,61.7,228000,4.39,1.72,2025-09-15 21:20:38,502.49395751953125,519.9852294921875,0.0036691290886827904,0.038605767519338606,0.005026340548478075,0.015497228476237959,0.44206208,503.17345491350073,508.4157780666907,721.9784792324645
2025-07-11,497.6519112557523,504.20114253320645,496.9829974553982,502.49395751953125,16459500,0.0,0.0,MSFT,0.0036691290886827765,499.7085327148437,489.81778411865236,71.73901564511704,-0.6006541905057627,-0.0019767039976715806,30353.902,4.33,4.2,322.132,328.656,20802.0,61.7,228000,4.39,1.72,2025-09-15 21:20:38,502.1944274902344,521.1832275390625,-0.000596086828139088,0.037193024393342725,0.010551532217937106,0.015563409176694019,0.42858315,507.79603870161725,510.31447658922406,717.8543982479023
2025-07-14,500.6968893054946,503.14288052756655,500.20770324807717,502.1944274902344,12058800,0.0,0.0,MSFT,-0.000596086828139053,500.76679077148435,491.02330169677737,71.24998071189108,-0.6889491429389416,-0.26736535131686867,30353.902,4.33,4.2,322.132,328.656,20802.0,61.7,228000,4.39,1.72,2025-09-15 21:20:38,504.9898376464844,520.9136962890625,0.005566390233002654,0.03727494327720739,0.010934460152065327,0.015563409176694019,0.42967296,507.6856524462156,510.0102848515205,717.9737918710525
2025-07-15,502.19441482497484,507.465747883617,501.9648118083004,504.9898376464844,14927200,0.0,0.0,MSFT,0.00556639023300276,502.60377197265626,492.56376953125,73.09343582469604,-0.6334958890219156,0.23786778120542684,30353.902,4.33,4.2,322.132,328.656,20802.0,61.7,228000,4.39,1.72,2025-09-15 21:20:38,504.7901611328125,528.3713989257812,-0.00039540699393570284,0.04630105308310188,0.010318157795820066,0.015563409176694019,0.42750794,510.2004024766063,512.8492011198489,720.87697122198
2025-07-16,504.35088083250554,505.88836188358,501.06630238508603,504.7901611328125,15154400,0.0,0.0,MSFT,-0.00039540699393569856,503.0250732421875,493.885595703125,72.73467742842712,-0.6805465643643522,0.015220537006270352,30353.902,4.33,4.2,322.132,328.656,20802.0,61.7,228000,4.39,1.72,2025-09-15 21:20:38,510.8601989746094,519.7256469726562,0.012024873520068117,0.02958751376280125,0.010551532217937106,0.015563409176694019,0.44144183,510.116470781303,512.6464169588918,727.6256255469343
2025-07-17,504.85005963085433,512.5274410723513,504.7901605415637,510.8601989746094,17503100,0.0,0.0,MSFT,0.012024873520068091,505.0657165527344,495.56583404541016,76.50926420461461,-0.3877086163357859,0.1549846909148498,30353.902,4.33,4.2,322.132,328.656,20802.0,61.7,228000,4.39,1.72,2025-09-15 21:20:38,509.212890625,521.6224975585938,-0.003224577590729962,0.02106701325643746,0.0108751804206302,0.015563409176694019,0.4441855,516.4158958081773,518.8109252833385,737.776889524328
2025-07-18,513.6356127696338,513.7953843002441,506.59719545986655,509.212890625,21209700,0.0,0.0,MSFT,-0.0032245775907299157,506.4095031738281,497.05388793945315,73.53406839822983,-0.38880545148823664,0.21176820106152627,30353.902,4.33,4.2,322.132,328.656,20802.0,61.7,228000,4.39,1.72,2025-09-15 21:20:38,509.2228698730469,519.3162841796875,1.959739871201341e-05,0.019841197543696804,0.004160065185891183,0.015497228476237959,0.46161246,511.3312494434961,517.1042791340612,744.2719072564505
2025-07-21,505.8783619126309,511.24956741731427,504.7202620876888,509.2228698730469,14066800,0.0,0.0,MSFT,1.9597398712045688e-05,507.8151916503906,498.6842071533203,73.54078092686429,-0.46742702733678065,-0.3367751547640938,30353.902,4.33,4.2,322.132,328.656,20802.0,61.7,228000,4.39,1.72,2025-09-15 21:20:38,504.44073486328125,516.2512817382812,-0.009391045243034446,0.013802231362834531,0.010934460152065327,0.015563409176694019,0.46492442,514.790947052194,517.1481137590115,745.973034963954
2025-07-22,510.13139215337156,510.3610256433726,504.44073486328125,504.44073486328125,13868600,0.0,0.0,MSFT,-0.009391045243034468,507.70537109375,499.64612579345703,65.02909874203678,-0.8952743117627033,-0.01408991383967928,30353.902,4.33,4.2,322.132,328.656,20802.0,61.7,228000,4.39,1.72,2025-09-15 21:20:38,505.0397644042969,508.933349609375,0.0011875122281272154,0.008906129968491511,0.001968380076377317,0.015497228476237959,0.45386687,505.43366595549924,512.2581681841789,733.3896568647688
2025-07-23,505.9183250285286,505.95826791167354,499.87826643817476,505.0397644042969,16396600,0.0,0.0,MSFT,0.0011875122281272965,507.7552917480469,500.4328338623047,65.56672026056484,-1.1741271815637901,0.18228227795163177,30353.902,4.33,4.2,322.132,328.656,20802.0,61.7,228000,4.39,1.72,2025-09-15 21:20:38,510.0415344238281,504.8900146484375,0.00990371525582926,-0.0002965108223428851,0.009819052580884223,0.017142811164673123,0.3607685,509.99877640642,513.6975657161307,687.2422312314375
2025-07-24,507.93498157135946,512.826933461713,506.4673929575042,510.0415344238281,16107000,0.0,0.0,MSFT,0.009903715255829226,507.5915588378906,501.36180725097654,69.74863315650788,-1.061326625479433,-0.017662198260614992,30353.902,4.33,4.2,322.132,328.656,20802.0,61.7,228000,4.39,1.72,2025-09-15 21:20:38,512.866943359375,504.239990234375,0.0055395663781354935,-0.011374650489997602,0.010110713851585115,0.017142811164673123,0.3338685,515.1984184308108,518.785080134596,680.3283382807422
2025-07-25,511.6289272082179,517.4393829887753,509.52240467312413,512.866943359375,19125700,0.0,0.0,MSFT,0.005539566378135463,508.32236938476564,502.17347564697263,71.82989774032386,-0.8454297831215349,0.18741540944930768,30353.902,4.33,4.2,322.132,328.656,20802.0,61.7,228000,4.39,1.72,2025-09-15 21:20:38,511.65887451171875,507.2300109863281,-0.002355520985117839,-0.010991023005155894,0.010318157795820066,0.015563409176694019,0.35922244,518.1587854092169,520.8489014520774,697.1002438440919
2025-07-28,513.2362984451797,514.1547714605564,509.2827757416266,511.65887451171875,14308000,0.0,0.0,MSFT,-0.0023555209851178205,508.8095703125,503.0001159667969,69.62424151818038,-0.8317120787592707,-0.2518966626058131,30353.902,4.33,4.2,322.132,328.656,20802.0,61.7,228000,4.39,1.72,2025-09-15 21:20:38,511.728759765625,504.260009765625,0.00013658563818118508,-0.014460542198460961,0.004776367542136439,0.009974249305988538,0.3682679,514.1027453525826,516.7622876857201,700.0864105677247
2025-07-29,514.6839236482208,516.7704593446111,510.7204076628311,511.728759765625,16469200,0.0,0.0,MSFT,0.00013658563818119696,510.2671752929688,503.75687103271486,69.68223888113488,-0.8619837606685472,0.15104836455129989,30353.902,4.33,4.2,322.132,328.656,20802.0,61.7,228000,4.39,1.72,2025-09-15 21:20:38,512.3976440429688,502.0400085449219,0.0013071070651766831,-0.018933372486511477,0.010202606173034534,0.010040430006444601,0.35469174,516.949726768929,516.8667365603364,693.2347259454546
2025-07-30,514.3244691518986,515.1032182392812,508.6038929137552,512.3976440429688,26380400,0.0,0.0,MSFT,0.0013071070651766714,511.73875122070314,504.814631652832,70.26738502435911,-0.8780488924326821,0.6018021518956598,30353.902,4.33,4.2,322.132,328.656,20802.0,61.7,228000,4.39,1.72,2025-09-15 21:20:38,532.6243896484375,506.739990234375,0.03947470453976672,-0.011041529707188328,0.008541638841445952,0.010040430006444601,0.34835964,516.7743596615916,517.5423367234492,690.8962745785539
2025-07-31,554.3187056451394,554.5383762548963,531.0270400328567,532.6243896484375,51617300,0.0,0.0,MSFT,0.03947470453976676,516.255322265625,506.93164978027346,81.74268158682858,0.3657707972285529,0.9566534245121379,30353.902,4.33,4.2,322.132,328.656,20802.0,61.7,228000,4.39,1.72,2025-09-15 21:20:38,523.2498168945312,509.6400146484375,-0.01760072001226606,-0.04315306517444873,0.00391621434560556,0.003128644580211462,0.3512101,534.7102609239981,534.2907820583995,719.6874640350579
2025-08-01,534.1219588686084,534.9206337229102,520.0051507892547,523.2498168945312,28977600,0.0,0.0,MSFT,-0.01760072001226609,518.3318969726563,508.1930755615234,68.53941583765301,0.44413815223470365,-0.4386068236812076,30353.902,4.33,4.3,323.364,329.793,20802.0,61.7,227000,4.26,1.72,2025-09-15 21:20:38,534.7609252929688,506.69000244140625,0.021999259295981243,-0.03164800811858263,0.004009634754446684,-0.004458051240062718,0.3956206,525.3478575456095,520.917142399462,730.2582152875402
2025-08-04,527.4030257699867,537.3666271513684,527.2632409127965,534.7609252929688,25349000,0.0,0.0,MSFT,0.021999259295981233,522.9523071289062,510.0859649658203,74.07645103000029,1.1197775138917692,-0.12522086025067636,30353.902,4.33,4.3,323.364,329.793,20802.0,61.7,227000,4.26,1.72,2025-09-15 21:20:38,526.8838500976562,505.1199951171875,-0.014730087451690762,-0.05542837700705688,0.008990389034354862,-0.008761775763778349,0.30997193,539.5686340517241,530.0754699783212,700.5218006440773
2025-08-05,536.2983661514853,536.4181643311854,526.374677366439,526.8838500976562,19171600,0.0,0.0,MSFT,-0.014730087451690799,525.9833251953125,511.63991088867186,65.57173690101433,0.8944964843738781,-0.2436940313227346,30353.902,4.33,4.3,323.364,329.793,20802.0,61.7,227000,4.26,1.72,2025-09-15 21:20:38,524.0784912109375,505.3500061035156,-0.005324435141063416,-0.04087019177025334,-0.0006983613543925919,-0.009953149125119718,0.2972619,526.5158947784945,521.639696566017,683.5063725682994
2025-08-06,530.0287318260303,530.8274067099719,523.1700114791388,524.0784912109375,21355700,0.0,0.0,MSFT,-0.0053244351410633994,528.3194946289062,512.7096527099609,62.80613453521197,0.43797195915691667,0.1139237205032444,30353.902,4.33,4.3,323.364,329.793,20802.0,61.7,227000,4.26,1.72,2025-09-15 21:20:38,519.9852294921875,507.9700012207031,-0.007810398227357311,-0.030736788974136384,0.0062712024240311115,-0.00817865508010535,0.181544,527.365093515402,519.7922339964211,619.2218311336183
2025-08-07,525.9354090023164,527.2233308658066,516.7005900083886,519.9852294921875,16079100,0.0,0.0,MSFT,-0.007810398227357296,525.7916625976562,513.6760650634766,58.90247137198317,-0.2227489159022369,-0.24708157541078024,30353.902,4.33,4.3,323.364,329.793,20802.0,61.7,227000,4.26,1.72,2025-09-15 21:20:38,521.1832275390625,495.0,0.0023039078399302864,-0.048049883102617805,0.004321055095727004,0.011045022882649476,0.102330655,522.2321143177876,525.7284782505685,573.1956740401802
2025-08-08,521.7423060527517,523.7989228282858,518.5575389118288,521.1832275390625,15531000,0.0,0.0,MSFT,0.002303907839930286,525.3783447265625,514.6105285644531,59.69211576055936,-0.6386365003103549,-0.034087728790790583,30353.902,4.33,4.3,323.364,329.793,20802.0,61.7,227000,4.26,1.72,2025-09-15 21:20:38,520.9136962890625,498.20001220703125,-0.0005171525785138562,-0.04409814843918527,0.012415843405494502,0.012117036934410309,0.020720959,527.6541568777576,527.4984239567485,531.9826436770963
2025-08-11,521.4427947726738,526.7241518809952,518.8670119786243,520.9136962890625,20194400,0.0,0.0,MSFT,-0.0005171525785138131,522.6088989257812,515.5464920043945,59.415514973669524,-0.9714645164945299,0.3002639881527267,30353.902,4.33,4.3,323.364,329.793,20802.0,61.7,227000,4.26,1.72,2025-09-15 21:20:38,528.3713989257812,498.4100036621094,0.01431658005893622,-0.04320042415330447,0.011449694307274957,0.013696438922389411,-0.0023988076,526.8779988720449,528.0483589141218,519.6641342814473
2025-08-12,522.8904188907295,530.1085334795151,521.8421543429575,528.3713989257812,18667000,0.0,0.0,MSFT,0.014316580058936212,522.9064086914062,516.7155700683594,64.33937810143308,-0.7394368313033013,-0.07563482945767142,30353.902,4.33,4.3,323.364,329.793,20802.0,61.7,227000,4.26,1.72,2025-09-15 21:20:38,519.7256469726562,500.3699951171875,-0.01636302035027343,-0.05299568422046066,0.011451781763646932,0.011571998965522063,-0.019589085,534.4221928764322,534.4857122075618,518.0210964526559
2025-08-13,531.236692379076,531.825750889051,518.5176108745642,519.7256469726562,19619200,0.0,0.0,MSFT,-0.016363020350273483,522.03583984375,517.4623443603516,55.875832620120605,-1.1915313354351902,0.05100980339636796,30353.902,4.33,4.3,323.364,329.793,20802.0,61.7,227000,4.26,1.72,2025-09-15 21:20:38,521.6224975585938,501.010009765625,0.003649715185283702,-0.03601060928212364,2.2140333887753845e-05,0.021188872709577294,-0.023119617,519.7371538720103,530.7380475502625,507.70978312941224
2025-08-14,521.7023833261101,525.0868343553949,519.2863720398742,521.6224975585938,20269100,0.0,0.0,MSFT,0.003649715185283675,522.3632934570312,518.0004592895508,57.205902267312,-1.373200827691532,0.0331257135866907,30353.902,4.33,4.3,323.364,329.793,20802.0,61.7,227000,4.26,1.72,2025-09-15 21:20:38,519.3162841796875,509.8999938964844,-0.0044212306595292,-0.02247315581090823,0.011906622465437203,0.01231155521043303,-0.03253443,527.8332597065023,528.0444817362903,504.6518118858403
2025-08-15,521.9120536418995,525.2365445998882,518.2281072023833,519.3162841796875,25213300,0.0,0.0,MSFT,-0.004421230659529152,521.9899047851562,518.5056289672851,55.033808952979065,-1.6409496671850992,0.24392794944028107,30353.902,4.33,4.3,323.364,329.793,20802.0,61.7,227000,4.26,1.72,2025-09-15 21:20:38,516.2512817382812,515.3599853515625,-0.005901995633061518,-0.007618283787065089,0.005905012685820087,0.018728968168065328,-0.029098298,522.3828534257215,529.0425423352468,504.20507752054255
2025-08-18,520.7339636806648,521.9619254356152,513.176380682391,516.2512817382812,23760600,0.0,0.0,MSFT,-0.005901995633061485,521.057421875,518.8570495605469,52.19719134238712,-1.9932996263701526,-0.05761641673243878,30353.902,4.33,4.3,323.364,329.793,20802.0,61.7,227000,4.26,1.72,2025-09-15 21:20:38,508.933349609375,515.3599853515625,-0.014175136000177814,-0.007618283787065089,0.007876794702043128,0.026318906615000224,-0.035222974,520.3176870992003,529.8384510122253,498.06738989446967
2025-08-19,514.1547770514178,514.314487646487,507.7153506663982,508.933349609375,21481000,0.0,0.0,MSFT,-0.014175136000177835,517.1698120117187,519.0816802978516,46.08902345987398,-2.6470740652761666,-0.09594033820694758,30353.902,4.33,4.3,323.364,329.793,20802.0,61.7,227000,4.26,1.72,2025-09-15 21:20:38,504.8900146484375,515.3599853515625,-0.007944723929058506,-0.007618283787065089,0.0020869768234691903,0.049291250701391294,-0.040911715,509.99548171470036,534.0193109352696,488.11200373341853
2025-08-20,509.0331975839143,510.161347905157,503.6121166003689,504.8900146484375,27723000,0.0,0.0,MSFT,-0.00794472392905854,514.202685546875,519.0741928100585,43.08873118919814,-3.2404932336636616,0.290582375122201,30353.902,4.33,4.3,323.364,329.793,20802.0,61.7,227000,4.26,1.72,2025-09-15 21:20:38,504.239990234375,515.3599853515625,-0.0012874574564821246,-0.007618283787065089,0.004906356074266613,0.06139644213600416,-0.049708206,507.3671848386444,535.8884652178466,479.79284709296917
2025-08-21,503.69000244140625,507.6300048828125,502.7200012207031,504.239990234375,18443300,0.83,0.0,MSFT,-0.0012874574564821772,510.72618408203124,518.7841156005859,42.60851468396753,-3.5410359831072293,-0.33472928615229236,30353.902,4.33,4.3,323.364,329.793,20802.0,61.7,227000,4.26,1.72,2025-09-15 21:20:38,507.2300109863281,515.3599853515625,0.005929757278004345,-0.007618283787065089,0.014983172258248002,0.05959424855353454,-0.044334922,511.79510486755396,534.2897935430342,481.88453645609843
2025-08-22,504.25,510.7300109863281,502.4100036621094,507.2300109863281,24324200,0.0,0.0,MSFT,0.005929757278004377,508.3089294433594,518.5022689819336,45.61121475026901,-3.401884603597223,0.3188637608237137,30353.902,4.33,4.3,323.364,329.793,20802.0,61.7,227000,4.26,1.72,2025-09-15 21:20:38,504.260009765625,515.3599853515625,-0.005855334180498989,-0.007618283787065089,0.01293256866799536,0.057838290367422183,-0.02300663,513.7897979338768,536.5673276448262,495.5603638738048
2025-08-25,506.6300048828125,508.19000244140625,504.1199951171875,504.260009765625,21638600,0.0,0.0,MSFT,-0.0058553341804989945,505.9106750488281,518.1323257446289,43.19379028524182,-3.367037103055496,-0.11040856431043977,30353.902,4.33,4.3,323.364,329.793,20802.0,61.7,227000,4.26,1.72,2025-09-15 21:20:38,502.0400085449219,515.3599853515625,-0.004402493114088027,-0.007618283787065089,0.008442151714190898,0.0665409354481371,-0.0190592,508.51704927146574,537.8139425245164,494.64922686084174
2025-08-26,504.3599853515625,504.9800109863281,498.510009765625,502.0400085449219,30835700,0.0,0.0,MSFT,-0.004402493114088024,504.5320068359375,517.6478881835938,41.42637161005881,-3.343854610207599,0.4250321185289252,30353.902,4.33,4.3,323.364,329.793,20802.0,61.7,227000,4.26,1.72,2025-09-15 21:20:38,506.739990234375,515.3599853515625,0.009361767208703601,-0.007618283787065089,0.005297870782704104,0.06546407301495137,-0.029955246,504.6997516379405,534.9055923207335,487.00126558933334
2025-08-27,502.0,507.2900085449219,499.8999938964844,506.739990234375,17277900,0.0,0.0,MSFT,0.00936176720870363,504.902001953125,517.3650054931641,46.42454826720522,-2.8799603187425524,-0.4396786841226241,30353.902,4.33,4.3,323.364,329.793,20802.0,61.7,227000,4.26,1.72,2025-09-15 21:20:38,509.6400146484375,515.3599853515625,0.0057229041914003955,-0.007618283787065089,0.017796545997863993,0.054880410572096756,-0.046272073,515.7582117795382,534.5500889517378,483.29206722982053
2025-08-28,507.0899963378906,511.0899963378906,505.5,509.6400146484375,18015600,0.0,0.0,MSFT,0.005722904191400424,505.9820068359375,516.215786743164,49.29938304419023,-2.272459571382596,0.0426961609917873,30353.902,4.33,4.3,323.364,329.793,20802.0,61.7,227000,4.26,1.72,2025-09-15 21:20:38,506.69000244140625,515.3599853515625,-0.0057884234405460545,-0.007618283787065089,0.011551164319423003,0.045410729159195785,-0.082307026,515.5269502013948,532.7831393223263,467.69305322481523
2025-08-29,508.6600036621094,509.6000061035156,504.489990234375,506.69000244140625,20961600,0.0,0.0,MSFT,-0.005788423440546087,505.87400512695314,515.3877960205078,46.56229796964184,-1.9749515479827766,0.1635249450476255,30353.902,4.33,4.3,323.364,329.793,20802.0,61.7,227000,4.26,1.72,2025-09-15 21:20:38,505.1199951171875,515.3599853515625,-0.0030985559546348185,-0.007618283787065089,0.008639774244906648,0.05034457842087411,-0.10704385,511.0676896746512,532.1990970043905,452.4519475695779
2025-09-02,500.4700012207031,506.0,496.80999755859375,505.1199951171875,18128000,0.0,0.0,MSFT,-0.0030985559546348185,506.04600219726564,513.9057495117188,45.12634723013484,-1.7947668188517756,-0.13518052057094876,30353.902,4.33,4.3,323.364,329.793,20802.0,61.7,263000,4.26,1.72,2025-09-15 21:20:38,505.3500061035156,515.3599853515625,0.00045535909991993606,-0.007618283787065089,0.007310455749245905,0.0646430627619766,-0.11932412,508.81265248955094,537.7724986638772,444.84701232046064
2025-09-03,503.7900085449219,507.7900085449219,502.32000732421875,505.3500061035156,16345100,0.0,0.0,MSFT,0.0004553590999198942,506.7080017089844,512.8290573120117,45.39204787675276,-1.578600038848531,-0.09835061782877319,30353.902,4.33,4.3,323.364,329.793,20802.0,61.7,263000,4.26,1.72,2025-09-15 21:20:38,507.9700012207031,515.3599853515625,0.005184515851476653,-0.007618283787065089,0.013468548359174791,0.06470924346243266,-0.14391614,512.1563370990301,538.0508226822099,432.62198889630963
2025-09-04,504.29998779296875,508.1499938964844,503.1499938964844,507.9700012207031,15509500,0.0,0.0,MSFT,0.005184515851476723,506.95400390625,512.0236328125,48.45374644581545,-1.195091073653961,-0.0511223547118097,30353.902,4.33,4.3,323.364,329.793,20802.0,61.7,263000,4.26,1.72,2025-09-15 21:20:38,495.0,515.3599853515625,-0.02553300625929662,-0.007618283787065089,0.011467917835300502,0.054970351242297336,-0.1739067,513.7953594574997,535.8932906083554,419.63062277665085
2025-09-05,509.07000732421875,511.9700012207031,492.3699951171875,495.0,31994800,0.0,0.0,MSFT,-0.025533006259296664,504.0260009765625,510.7743713378906,37.303581546175806,-1.7189927333235278,1.0629162771204745,30353.902,4.33,4.3,323.364,329.793,20802.0,61.7,263000,4.26,1.72,2025-09-15 21:20:38,498.20001220703125,515.3599853515625,0.006464671125315656,-0.007618283787065089,0.01466293183147057,0.07726812705367841,-0.21578105,502.25815125657795,533.2477228915708,388.18838864564896
2025-09-08,498.1099853515625,501.20001220703125,495.0299987792969,498.20001220703125,16771000,0.0,0.0,MSFT,0.006464671125315569,502.3280029296875,509.6252105712891,40.91617297589402,-1.7483275894724863,-0.47582107092402515,30353.902,4.33,4.3,323.364,329.793,20802.0,61.7,263000,4.26,1.72,2025-09-15 21:20:38,498.4100036621094,515.3599853515625,0.0004215003009491322,-0.007618283787065089,0.018014964805343363,0.07376711484162354,-0.2624763,507.17506789296255,534.9507897216056,367.4343038704901
2025-09-09,501.42999267578125,502.25,497.70001220703125,498.4100036621094,14410500,0.0,0.0,MSFT,0.00042150030094911806,500.9860046386719,508.5000259399414,41.15578827054285,-1.6529711198223294,-0.1407489118120565,30353.902,4.33,4.3,323.364,329.793,20802.0,61.7,263000,4.26,1.72,2025-09-15 21:20:38,500.3699951171875,515.3599853515625,0.003932488193810163,-0.007618283787065089,0.014143605745386971,0.07009066075803412,-0.2576665,505.45931825346315,533.3438901472008,369.9864580934627
2025-09-10,502.9800109863281,503.2300109863281,496.7200012207031,500.3699951171875,21611800,0.0,0.0,MSFT,0.003932488193810091,499.99000244140626,507.0999557495117,43.46059437072503,-1.3690109193170914,0.4997258943131744,30353.902,4.33,4.3,323.364,329.793,20802.0,61.7,263000,4.26,1.72,2025-09-15 21:20:38,501.010009765625,515.3599853515625,0.0012790827881028468,-0.007618283787065089,0.005834955908578077,0.06972870809714578,-0.27813506,503.2896319766718,535.2601484472841,361.1995558705821
2025-09-11,502.25,503.1700134277344,497.8800048828125,501.010009765625,18881600,0.0,0.0,MSFT,0.0012790827881028477,498.59800415039064,506.16417388916017,44.2287713305188,-1.0628408003916434,-0.1263291350095781,30353.902,4.33,4.3,323.364,329.793,20802.0,61.7,263000,4.26,1.72,2025-09-15 21:20:38,509.8999938964844,515.3599853515625,0.017744124783091966,-0.007618283787065089,0.013734403293586654,0.06972870809714578,-0.31093362,507.8910832938699,535.9447904903204,345.22916883567814
2025-09-12,506.6499938964844,512.5499877929688,503.8500061035156,509.8999938964844,23612600,0.0,0.0,MSFT,0.017744124783092063,501.5780029296875,505.5780487060547,53.64906231254922,-0.2298836703243885,0.25056139310227943,30353.902,4.33,4.3,323.364,329.793,20802.0,61.7,263000,4.26,1.72,2025-09-15 21:20:38,515.3599853515625,515.3599853515625,0.010707965327386465,-0.007618283787065089,0.011461363488758407,0.03589302460256885,-0.3371133,515.7441430694477,528.2018469222605,338.00594405653464
2025-09-15,508.75,515.469970703125,507.0,515.3599853515625,16987592,0.0,0.0,MSFT,0.010707965327386493,505.00999755859374,505.38023376464844,58.306992644125714,0.6712181955170382,-0.28057088164793376,30353.902,4.33,4.3,323.364,329.793,20802.0,61.7,263000,4.26,1.72,2025-09-15 21:20:38,515.3599853515625,515.3599853515625,0.010707965327386465,-0.007618283787065089,0.012644871636577657,0.007813565840137418,-0.38416252,521.8766462129615,519.3867845284792,317.3779816825263
2025-05-01,1122.52001953125,1142.4200439453125,1111.8299560546875,1133.469970703125,3499500,0.0,0.0,NFLX,0.0015463189174904635,1120.547998046875,995.786996459961,74.28040488596645,18.02616582580643,-0.1798110952258185,30353.902,4.33,4.2,320.58,326.854,20617.5,52.2,229000,4.42,1.72,2025-09-15 21:20:38,1156.489990234375,1207.22998046875,0.020309333397663814,0.06507451601904325,-0.00026360053864269274,-0.022276113869132228,-3.0314634,1133.1711874083123,1108.2206645685003,-2302.6027430591057
2025-05-02,1136.6600341796875,1159.43994140625,1133.3199462890625,1156.489990234375,3774300,0.0,0.0,NFLX,0.02030933339766383,1131.539990234375,1007.7589965820313,76.49126945911203,17.137374401894363,0.07852550364337763,30353.902,4.33,4.2,320.58,326.854,20617.5,52.2,229000,4.42,1.72,2025-09-15 21:20:38,1134.06005859375,1218.97998046875,-0.019394834222542068,0.05403418167217404,-0.005522016225775861,-0.05213447383485421,-2.9999795,1150.1038337433533,1096.1969930982302,-2312.9562678005314
2025-05-05,1114.800048828125,1144.02001953125,1107.010009765625,1134.06005859375,5662300,0.0,0.0,NFLX,-0.019394834222542068,1136.2760009765625,1021.6690002441406,70.16262379961735,13.916083801711189,0.5002252073232123,30353.902,4.33,4.2,320.58,326.854,20617.5,52.2,229000,4.42,1.72,2025-09-15 21:20:38,1137.68994140625,1217.93994140625,0.003200785342004818,0.07396423335507663,-0.011935505364480629,-0.019179951797511554,-2.9420466,1120.5244786807611,1112.3088413344387,-2202.397528962465
2025-05-06,1129.4300537109375,1147.6600341796875,1126.4000244140625,1137.68994140625,3256700,0.0,0.0,NFLX,0.0032007853420048527,1138.685986328125,1035.1619964599608,70.58674630509331,11.033052190053013,-0.42484502763894527,30353.902,4.33,4.2,320.58,326.854,20617.5,52.2,229000,4.42,1.72,2025-09-15 21:20:38,1155.4100341796875,1239.6600341796875,0.015575502716965617,0.08962907121020743,0.0047342159232896695,-0.02732613951347558,-2.8847947,1143.076011242622,1106.601267344305,-2144.3119855339173
2025-05-07,1139.1800537109375,1164.0,1138.0,1155.4100341796875,4349700,0.0,0.0,NFLX,0.015575502716965506,1143.4239990234375,1049.4124969482423,72.63193266744713,9.38722576501332,0.33561580741241137,30353.902,4.33,4.2,320.58,326.854,20617.5,52.2,229000,4.42,1.72,2025-09-15 21:20:38,1144.4300537109375,1250.52001953125,-0.009503102919255426,0.0823170844444745,0.008989437628441718,-0.038515698284047765,-2.7642245,1165.7965206172214,1110.9086099088613,-2038.4027236602851
2025-05-08,1161.6199951171875,1162.2900390625,1139.199951171875,1144.4300537109375,3760900,0.0,0.0,NFLX,-0.00950310291925538,1145.616015625,1059.3605010986328,69.41130663655477,6.750165511026793,-0.13536565740165984,30353.902,4.33,4.2,320.58,326.854,20617.5,52.2,229000,4.42,1.72,2025-09-15 21:20:38,1140.219970703125,1241.469970703125,-0.003678759566092181,0.08479322670487824,3.0472799265616584e-05,-0.0383319827230683,-2.6270378,1144.464927698238,1100.5617806643297,-1862.0309151814145
2025-05-09,1147.0999755859375,1151.0,1133.219970703125,1140.219970703125,2569600,0.0,0.0,NFLX,-0.0036787595660922046,1142.36201171875,1070.3130004882812,68.16324303493819,4.04671220012095,-0.31675928634103534,30353.902,4.33,4.2,320.58,326.854,20617.5,52.2,229000,4.42,1.72,2025-09-15 21:20:38,1110.0,1224.4599609375,-0.026503632175894652,0.07388047253937133,-0.010566953414139428,-0.035994906391761713,-2.5063148,1128.1713193908338,1099.1778595916487,-1717.5301652298076
2025-05-12,1124.260009765625,1130.0,1102.9300537109375,1110.0,6479100,0.0,0.0,NFLX,-0.026503632175894687,1137.55,1079.898501586914,59.84515424016296,-0.22574904735685664,1.52144302615193,30353.902,4.33,4.2,320.58,326.854,20617.5,52.2,229000,4.42,1.72,2025-09-15 21:20:38,1138.43994140625,1203.6199951171875,0.02562156883445946,0.08434233794341216,0.029326131409914764,0.004162237683607092,-2.3559253,1142.5520058650054,1114.620083828804,-1505.0771069526672
2025-05-13,1114.4599609375,1147.8800048828125,1106.300048828125,1138.43994140625,3997900,0.0,0.0,NFLX,0.02562156883445943,1137.7,1090.2564971923828,64.2648127197967,-1.513611515929533,-0.3829544226821626,30353.902,4.33,4.2,320.58,326.854,20617.5,52.2,229000,4.42,1.72,2025-09-15 21:20:38,1150.989990234375,1219.8800048828125,0.011023900665873195,0.07153654796753198,0.0002675245667010849,-0.01896595991682133,-2.1992373,1138.7445020582898,1116.8483351098305,-1365.2596946514677
2025-05-14,1129.5999755859375,1152.9000244140625,1128.4000244140625,1150.989990234375,3910100,0.0,0.0,NFLX,0.01102390066587322,1136.8159912109375,1098.991995239258,66.04107107947152,-1.873879408309719,-0.021961529803146695,30353.902,4.33,4.2,320.58,326.854,20617.5,52.2,229000,4.42,1.72,2025-09-15 21:20:38,1177.97998046875,1215.030029296875,0.023449370075650313,0.05563909295984371,0.018708502366829072,-0.03498692250822928,-1.9596589,1172.5232891908713,1110.7203926382972,-1104.5577432352002
2025-05-15,1147.739990234375,1187.800048828125,1147.6500244140625,1177.97998046875,4464000,0.0,0.0,NFLX,0.0234493700756504,1143.5259765625,1109.8094940185547,69.54684829116657,-0.7080688761633098,0.14165878110534247,30353.902,4.33,4.2,320.58,326.854,20617.5,52.2,229000,4.42,1.72,2025-09-15 21:20:38,1191.530029296875,1212.1500244140625,0.011502783623481505,0.02900732144167282,0.0029330276854359428,-0.036044490715462355,-1.7167593,1181.4350283643541,1135.5202919997437,-844.3281345732394
2025-05-16,1193.1400146484375,1196.5,1179.3900146484375,1191.530029296875,4698400,0.0,0.0,NFLX,0.01150278362348156,1153.78798828125,1120.7344940185546,71.1567429035974,0.4970525027217434,0.05250896057347676,30353.902,4.33,4.2,320.58,326.854,20617.5,52.2,229000,4.42,1.72,2025-09-15 21:20:38,1191.6400146484375,1225.3499755859375,9.230598378406177e-05,0.02838362899592194,0.0005450368820265866,-0.037304774166083625,-1.5841649,1192.179457108884,1147.080270641848,-696.0499702053494
2025-05-19,1173.5799560546875,1191.6400146484375,1171.7099609375,1191.6400146484375,2853400,0.0,0.0,NFLX,9.230598378406896e-05,1170.1159912109374,1130.92099609375,71.17006545878044,0.8047923688825662,-0.3926868721266814,30353.902,4.33,4.2,320.58,326.854,20617.5,52.2,229000,4.42,1.72,2025-09-15 21:20:38,1192.02001953125,1220.6700439453125,0.00031889234847875647,0.02436140859657147,-0.004552457011679508,-0.034931092781946345,-1.5625453,1186.2151247083534,1150.014726734073,-670.3514889723738
2025-05-20,1186.7900390625,1193.0,1179.02001953125,1192.02001953125,2133100,0.0,0.0,NFLX,0.0003188923484787054,1180.8320068359376,1138.5049987792968,71.21952842371142,0.5493363868048746,-0.2524356907548889,30353.902,4.33,4.2,320.58,326.854,20617.5,52.2,229000,4.42,1.72,2025-09-15 21:20:38,1194.6300048828125,1222.2900390625,0.002189548253215454,0.025393885199305112,-0.004461221781383561,-0.03901868676607849,-1.5837867,1186.702153856272,1145.5089637702654,-695.8854645261308
2025-05-21,1186.5,1211.219970703125,1186.5,1194.6300048828125,2976600,0.0,0.0,NFLX,0.0021895482532154897,1189.560009765625,1145.7570007324218,71.58018291407404,0.0953316777994857,0.39543387558014165,30353.902,4.33,4.2,320.58,326.854,20617.5,52.2,229000,4.42,1.72,2025-09-15 21:20:38,1187.969970703125,1231.4100341796875,-0.005574976480136892,0.030787799692410158,-0.003477670558415567,-0.03782285629034288,-1.5914261,1190.4754752866318,1149.4456858879983,-706.5354054790514
2025-05-22,1192.4000244140625,1198.75,1187.2099609375,1187.969970703125,1861600,0.0,0.0,NFLX,-0.0055749764801369395,1191.5580078125,1150.3119995117188,69.1972843240309,-1.0511281198691478,-0.3745884566283679,30353.902,4.33,4.2,320.58,326.854,20617.5,52.2,229000,4.42,1.72,2025-09-15 21:20:38,1185.3900146484375,1253.5400390625,-0.0021717350760646742,0.05519505541084172,0.008570359202498528,-0.032479198686721715,-1.5804191,1198.1513000738325,1149.3856579907992,-689.5204179425491
2025-05-23,1184.0,1191.449951171875,1179.43994140625,1185.3900146484375,2186500,0.0,0.0,NFLX,-0.002171735076064718,1190.3300048828125,1154.5049987792968,68.2494499688986,-2.3087292472609633,0.17452728835410403,30353.902,4.33,4.2,320.58,326.854,20617.5,52.2,229000,4.42,1.72,2025-09-15 21:20:38,1211.5699462890625,1279.1099853515625,0.022085500398271393,0.0790625613047031,0.005300212704653657,-0.029938433563109663,-1.5324643,1191.6728338640469,1149.9012944485116,-631.1778238641273
2025-05-27,1195.3299560546875,1211.77001953125,1193.0899658203125,1211.5699462890625,2920500,0.0,0.0,NFLX,0.022085500398271396,1194.3159912109375,1159.5644958496093,72.38331112303548,-1.7294151724370437,0.3356963183169448,30353.902,4.33,4.2,320.58,326.854,20617.5,52.2,229000,4.42,1.72,2025-09-15 21:20:38,1208.550048828125,1275.25,-0.0024925490023809138,0.05255994827701379,-0.013929947977217841,-0.03446508872748325,-1.4538711,1194.6928399664953,1169.8130805906578,-549.896621739128
2025-05-28,1210.27001953125,1215.9100341796875,1206.02001953125,1208.550048828125,1855900,0.0,0.0,NFLX,-0.0024925490023809393,1197.6219970703125,1163.7099975585938,71.23122898824354,-1.8886500270329805,-0.36452662215374076,30353.902,4.33,4.2,320.58,326.854,20617.5,52.2,229000,4.42,1.72,2025-09-15 21:20:38,1184.8599853515625,1306.6700439453125,-0.019602054130512556,0.08118819341601112,0.008570359202498528,-0.032479198686721715,-1.3662307,1218.9077568607793,1169.297311669389,-442.60816208220785
2025-05-29,1208.0,1209.0,1176.280029296875,1184.8599853515625,3300700,0.0,0.0,NFLX,-0.019602054130512525,1195.6679931640624,1166.3669982910155,62.78848343669502,-3.8172627787120135,0.7784902203782531,30353.902,4.33,4.2,320.58,326.854,20617.5,52.2,229000,4.42,1.72,2025-09-15 21:20:38,1207.22998046875,1323.1199951171875,0.018879863776098446,0.11668890119924301,0.007828160838793376,0.0016497345091133452,-1.348166,1194.1352598883448,1186.8146897578645,-412.52794853417436
2025-05-30,1198.3299560546875,1211.81005859375,1180.9300537109375,1207.22998046875,4696800,0.0,0.0,NFLX,0.018879863776098516,1199.5199951171876,1170.054998779297,66.79116673524446,-3.805640601628795,0.42297088496379565,30353.902,4.33,4.2,320.58,326.854,20617.5,52.2,229000,4.42,1.72,2025-09-15 21:20:38,1218.97998046875,1339.1300048828125,0.009733025347363925,0.10925840688850987,-0.007339955799123488,-0.01948565501792915,-1.3161314,1198.3689657727327,1183.7063135420344,-381.64324756443966
2025-06-02,1201.199951171875,1219.4000244140625,1196.25,1218.97998046875,2294200,0.0,0.0,NFLX,0.009733025347363977,1206.23798828125,1173.1794982910155,68.69588997597245,-3.2475954669224407,-0.5115397717594958,30353.902,4.33,4.1,321.5,327.6,20693.1,60.7,250000,4.38,1.72,2025-09-15 21:20:38,1217.93994140625,1293.5999755859375,-0.0008532043833074768,0.06121511125104197,-0.007552844797349648,-0.015166888158465982,-1.2251164,1209.7732138651932,1200.4918474375713,-274.4123508759658
2025-06-03,1219.8699951171875,1229.5699462890625,1211.1800537109375,1217.93994140625,2363800,0.0,0.0,NFLX,-0.0008532043833074932,1207.5119873046874,1177.3734924316407,68.32234962321054,-3.1851451425522868,0.0303373725045768,30353.902,4.33,4.1,321.5,327.6,20693.1,60.7,250000,4.38,1.72,2025-09-15 21:20:38,1239.6600341796875,1284.8599853515625,0.01783346783779764,0.0549452741225037,-0.007193506530195164,-0.016083327880083327,-1.3769791,1209.1786824843587,1198.3514139903637,-459.1379183420213
2025-06-04,1220.72998046875,1242.56005859375,1219.8800048828125,1239.6600341796875,2359400,0.0,0.0,NFLX,0.0178334678377976,1213.733984375,1182.4719970703125,71.77418424766012,-1.9768397612113304,-0.0018614095947203646,30353.902,4.33,4.1,321.5,327.6,20693.1,60.7,250000,4.38,1.72,2025-09-15 21:20:38,1250.52001953125,1297.1800537109375,0.008760454521508238,0.046399833781293406,-0.006254051399142736,-0.021125921045036522,-1.3928452,1231.9071366084647,1213.4710741749202,-486.9944367976859
2025-06-05,1240.5999755859375,1262.81005859375,1237.2900390625,1250.52001953125,2817200,0.0,0.0,NFLX,0.00876045452150831,1226.8659912109374,1187.2274963378907,73.33853207547659,-0.8022370605662488,0.19403238111384247,30353.902,4.33,4.1,321.5,327.6,20693.1,60.7,250000,4.38,1.72,2025-09-15 21:20:38,1241.469970703125,1289.6199951171875,-0.00723702834562965,0.03126697291946905,-0.006295082600887101,-0.022610075574451736,-1.4000468,1242.647892714238,1222.2456673822835,-500.26656392379664
2025-06-06,1259.4100341796875,1260.0,1235.550048828125,1241.469970703125,2557000,0.0,0.0,NFLX,-0.00723702834562967,1233.7139892578125,1192.0794921875,69.86361655348529,-0.9791165690992258,-0.09236120971177053,30353.902,4.33,4.1,321.5,327.6,20693.1,60.7,250000,4.38,1.72,2025-09-15 21:20:38,1224.4599609375,1275.31005859375,-0.013701507218890786,0.027258080089894693,-0.015495752834813492,-0.019680146622737586,-1.4667469,1222.2324588852662,1217.0376596519618,-579.4522929289669
2025-06-09,1238.8800048828125,1238.8800048828125,1221.5699462890625,1224.4599609375,2403100,0.0,0.0,NFLX,-0.01370150721889074,1234.8099853515625,1196.2914916992188,63.749584381319046,-2.4995611340616932,-0.06018771998435668,30353.902,4.33,4.1,321.5,327.6,20693.1,60.7,250000,4.38,1.72,2025-09-15 21:20:38,1203.6199951171875,1288.280029296875,-0.01701972010939134,0.052120992433686085,-0.02940380984897235,-0.010245014272103935,-1.5369682,1188.4561730784135,1211.9153511620755,-657.4960994012654
2025-06-10,1227.52001953125,1227.52001953125,1180.6099853515625,1203.6199951171875,4454400,0.0,0.0,NFLX,-0.017019720109391345,1231.94599609375,1200.9724914550782,57.150634426903196,-5.0211438732036555,0.8536057592276642,30353.902,4.33,4.1,321.5,327.6,20693.1,60.7,250000,4.38,1.72,2025-09-15 21:20:38,1219.8800048828125,1250.5899658203125,0.013509255272916834,0.03902392025196614,-0.011543322666293276,0.007818122527832178,-1.5547849,1189.7262211459474,1213.0300437159624,-667.7501913948072
2025-06-11,1202.5999755859375,1228.2900390625,1196.010009765625,1219.8800048828125,2382300,0.0,0.0,NFLX,0.013509255272916798,1227.989990234375,1205.0444946289062,60.5793375158658,-5.658957118601499,-0.46518049568965514,30353.902,4.33,4.1,321.5,327.6,20693.1,60.7,250000,4.38,1.72,2025-09-15 21:20:38,1215.030029296875,1245.1099853515625,-0.0039757808690399936,0.02068234610597926,0.006523047550209587,-0.005747152501893434,-1.5080812,1227.837340160213,1212.8691684607404,-619.7980939782865
2025-06-12,1222.5899658203125,1230.0,1211.9599609375,1215.030029296875,2084600,0.0,0.0,NFLX,-0.0039757808690400465,1220.8919921875,1208.2464965820313,59.06126791955079,-6.416916956138898,-0.1249632707887336,30353.902,4.33,4.1,321.5,327.6,20693.1,60.7,250000,4.38,1.72,2025-09-15 21:20:38,1212.1500244140625,1261.949951171875,-0.002370315805675295,0.03861626523103471,0.0011847370704423782,0.012617186910644491,-1.3847034,1216.4695204142836,1230.3602902785594,-467.4261806398281
2025-06-13,1206.5899658203125,1220.6199951171875,1201.8900146484375,1212.1500244140625,2210300,0.0,0.0,NFLX,-0.0023703158056752605,1215.0280029296875,1209.9549987792968,58.12972306429845,-7.070104463035712,0.06029933800249454,30353.902,4.33,4.1,321.5,327.6,20693.1,60.7,250000,4.38,1.72,2025-09-15 21:20:38,1225.3499755859375,1260.27001953125,0.010889700867065265,0.03969805234335418,0.0011847370704423782,0.009231139545542688,-1.3009958,1213.5861034829234,1223.3395504395617,-364.8520987086231
2025-06-16,1212.199951171875,1226.25,1212.199951171875,1225.3499755859375,2112800,0.0,0.0,NFLX,0.0108897008670652,1215.206005859375,1211.64599609375,61.15393240916425,-6.581082106504262,-0.044111659050807606,30353.902,4.33,4.1,321.5,327.6,20693.1,60.7,250000,4.38,1.72,2025-09-15 21:20:38,1220.6700439453125,1250.31005859375,-0.0038192612183202204,0.02036975844054438,-0.0002502814108622741,0.015177041101704836,-1.2238195,1225.0432932652477,1243.9471625293784,-274.2572118117532
2025-06-17,1219.949951171875,1232.3599853515625,1216.0899658203125,1220.6700439453125,1892100,0.0,0.0,NFLX,-0.0038192612183202135,1218.616015625,1213.0974975585937,59.512709358130344,-6.527832828949258,-0.10445853843241193,30353.902,4.33,4.1,321.5,327.6,20693.1,60.7,250000,4.38,1.72,2025-09-15 21:20:38,1222.2900390625,1274.1700439453125,0.0013271359653846619,0.04382838774930801,0.000961183334397173,0.01256185495884887,-1.1623433,1221.8433316483506,1236.0039239899652,-198.16755874469527
2025-06-18,1229.989990234375,1242.0,1220.5,1222.2900390625,2281000,0.0,0.0,NFLX,0.001327135965384585,1219.0980224609375,1214.6109985351563,59.91375835897296,-6.333584230721399,0.20553881930130546,30353.902,4.33,4.1,321.5,327.6,20693.1,60.7,250000,4.38,1.72,2025-09-15 21:20:38,1231.4100341796875,1209.239990234375,0.007461400179766303,-0.010676720263657246,0.006474286550921622,0.011755202951192615,-1.1503615,1230.2034950237278,1236.658306536901,-183.78541007405147
2025-06-20,1234.449951171875,1248.5,1224.3499755859375,1231.4100341796875,5348200,0.0,0.0,NFLX,0.007461400179766375,1222.3740234375,1216.45,62.184729021620754,-5.568074824159261,1.3446733888645332,30353.902,4.33,4.1,321.5,327.6,20693.1,60.7,250000,4.38,1.72,2025-09-15 21:20:38,1253.5400390625,1233.27001953125,0.01797127217462911,0.0015104516772932927,-0.007774586168058173,-0.006619985210005751,-1.1485896,1221.836330760746,1223.2581179659653,-182.97473802609602
2025-06-23,1238.030029296875,1254.8399658203125,1215.010009765625,1253.5400390625,2667300,0.0,0.0,NFLX,0.017971272174629016,1230.6520263671875,1219.7285034179688,67.06110122173293,-3.6416802798131656,-0.5012714558169103,30353.902,4.33,4.1,321.5,327.6,20693.1,60.7,250000,4.38,1.72,2025-09-15 21:20:38,1279.1099853515625,1190.0799560546875,0.0203981887233421,-0.05062469568604538,-0.004838535702395403,-0.015166888158465982,-1.1701305,1247.474740829114,1234.52773748788,-213.26538265566342
2025-06-24,1260.550048828125,1282.5699462890625,1255.0,1279.1099853515625,2663300,0.0,0.0,NFLX,0.020398188723342203,1241.4040283203126,1224.414501953125,71.61561579449702,-0.8608210562070866,-0.001499643834589337,30353.902,4.33,4.1,321.5,327.6,20693.1,60.7,250000,4.38,1.72,2025-09-15 21:20:38,1275.25,1176.780029296875,-0.003017711843209156,-0.08000090471232009,-0.006508661639162626,-0.02407161221178824,-1.2171613,1270.784691257635,1248.3197458079535,-277.77318444552657
2025-06-25,1286.8399658203125,1298.0,1273.81005859375,1275.25,2146500,0.0,0.0,NFLX,-0.003017711843209203,1252.32001953125,1227.5985046386718,70.04117275337728,0.4336353406689426,-0.19404498178950924,30353.902,4.33,4.1,321.5,327.6,20693.1,60.7,250000,4.38,1.72,2025-09-15 21:20:38,1306.6700439453125,1180.760009765625,0.024638340674622623,-0.07409526777837679,-0.012000006399171785,-0.026356072766098422,-1.3559189,1259.9469918394561,1241.639418205033,-453.8855571746826
2025-06-26,1280.0,1307.3399658203125,1280.0,1306.6700439453125,2605900,0.0,0.0,NFLX,0.024638340674622672,1269.1960205078126,1232.5045043945313,74.88191131143475,2.979086405335586,0.21402282785930593,30353.902,4.33,4.1,321.5,327.6,20693.1,60.7,250000,4.38,1.72,2025-09-15 21:20:38,1323.1199951171875,1180.489990234375,0.012589215807080577,-0.09656611804610901,0.0030623186075203644,-0.030135223746204372,-1.5489597,1310.6714839347756,1267.293249808558,-717.3092372093815
2025-06-27,1306.8800048828125,1331.3499755859375,1301.0,1323.1199951171875,4070900,0.0,0.0,NFLX,0.012589215807080611,1287.5380126953125,1239.4175048828124,76.97916248847277,5.213053652551302,0.5621858091254461,30353.902,4.33,4.1,321.5,327.6,20693.1,60.7,250000,4.38,1.72,2025-09-15 21:20:38,1339.1300048828125,1174.5999755859375,0.01210019486116753,-0.1122498489020988,-0.009388404360167166,-0.031317234863222985,-1.7381449,1310.698009586005,1281.6835354778761,-976.6542428404791
2025-06-30,1331.0,1341.1500244140625,1321.2099609375,1339.1300048828125,3282900,0.0,0.0,NFLX,0.012100194861167424,1304.656005859375,1246.0125061035155,78.83167840909405,7.094722986348135,-0.1935689896583065,30353.902,4.33,4.1,321.5,327.6,20693.1,60.7,250000,4.38,1.72,2025-09-15 21:20:38,1293.5999755859375,1168.739990234375,-0.03399970811710648,-0.12723933750057997,0.0019853636822210557,-0.031317234863222985,-1.8844941,1341.7886649602794,1297.1921560075084,-1184.4525432406517
2025-07-01,1338.22998046875,1338.77001953125,1282.219970703125,1293.5999755859375,4993600,0.0,0.0,NFLX,-0.03399970811710651,1307.55400390625,1249.743505859375,63.24487135550965,4.713426764352654,0.5210941545584697,30353.902,4.33,4.2,322.132,328.656,20802.0,61.7,228000,4.39,1.72,2025-09-15 21:20:38,1284.8599853515625,1184.199951171875,-0.006756331477523577,-0.0845702121821003,-0.007487139873309684,-0.030832411139978134,-2.0159416,1283.9146116286156,1253.715169288006,-1314.2220546645112
2025-07-02,1296.9599609375,1299.949951171875,1271.5899658203125,1284.8599853515625,3048800,0.0,0.0,NFLX,-0.006756331477523525,1309.4760009765625,1253.0895080566406,60.76127526558659,2.1221292939210628,-0.38945850688881767,30353.902,4.33,4.2,322.132,328.656,20802.0,61.7,228000,4.39,1.72,2025-09-15 21:20:38,1297.1800537109375,1159.4000244140625,0.009588646622848942,-0.09764485030886204,-0.013006238400062056,-0.031087651375782482,-2.1219149,1268.1487900713798,1244.9167060602601,-1441.5035151933553
2025-07-03,1292.0,1302.260009765625,1279.760009765625,1297.1800537109375,2006200,0.0,0.0,NFLX,0.009588646622848973,1307.5780029296875,1255.965509033203,62.96882261696946,0.8742141820788873,-0.34197061138808715,30353.902,4.33,4.2,322.132,328.656,20802.0,61.7,228000,4.39,1.72,2025-09-15 21:20:38,1289.6199951171875,1158.5999755859375,-0.005828071879553181,-0.10683179850673302,-0.004291356705847103,-0.03356333957859997,-2.1265357,1291.6133913887538,1253.6423590736508,-1461.3195802512055
2025-07-07,1295.0,1295.0,1276.02001953125,1289.6199951171875,2273700,0.0,0.0,NFLX,-0.005828071879553143,1300.8780029296875,1257.9205078125,60.71165433933538,-0.7369728902992065,0.1333366563652676,30353.902,4.33,4.2,322.132,328.656,20802.0,61.7,228000,4.39,1.72,2025-09-15 21:20:38,1275.31005859375,1170.989990234375,-0.011096242751832611,-0.0919883417843817,-0.00564293634011895,-0.021937391097027685,-2.0774944,1282.3427515817968,1261.329096917755,-1389.5583007604873
2025-07-08,1290.9000244140625,1293.25,1260.0,1275.31005859375,3292500,0.0,0.0,NFLX,-0.01109624275183263,1288.114013671875,1259.6125122070312,56.57756509926699,-2.9204724313350496,0.4480802216651274,30353.902,4.33,4.2,322.132,328.656,20802.0,61.7,228000,4.39,1.72,2025-09-15 21:20:38,1288.280029296875,1147.8699951171875,0.010170052855559405,-0.09992868998233043,-0.012095023430636587,-0.01761046506749117,-2.0266237,1259.885153553732,1252.8512553566645,-1309.2635640199296
2025-07-09,1273.989990234375,1288.2900390625,1266.239990234375,1288.280029296875,2384500,0.0,0.0,NFLX,0.010170052855559497,1287.0500244140626,1262.803515625,59.28377370444995,-3.600627390403961,-0.2757782839787396,30353.902,4.33,4.2,322.132,328.656,20802.0,61.7,228000,4.39,1.72,2025-09-15 21:20:38,1250.5899658203125,1178.47998046875,-0.02925611095371338,-0.08522995492529083,-0.000978376710916005,-0.014893992297918008,-1.9740763,1287.0196061190727,1269.0923964629658,-1254.8830070148688
2025-07-10,1285.5,1289.5999755859375,1246.010009765625,1250.5899658203125,4230800,0.0,0.0,NFLX,-0.029256110953713388,1280.1960205078126,1265.1520141601563,49.60826713652479,-6.527658715378976,0.7742923044663452,30353.902,4.33,4.2,322.132,328.656,20802.0,61.7,228000,4.39,1.72,2025-09-15 21:20:38,1245.1099853515625,1180.3699951171875,-0.004381916230357294,-0.0561494755453798,-0.007260697778099545,0.03002729550332993,-1.9044305,1241.5098100341672,1288.141800277498,-1131.071718853913
2025-07-11,1259.7900390625,1261.0,1231.300048828125,1245.1099853515625,3957200,0.0,0.0,NFLX,-0.00438191623035733,1269.7820068359374,1266.4135131835938,48.37212096927886,-8.639098694976774,-0.06466862059185019,30353.902,4.33,4.2,322.132,328.656,20802.0,61.7,228000,4.39,1.72,2025-09-15 21:20:38,1261.949951171875,1211.6400146484375,0.013524882153730105,-0.026881135881080095,0.002614783904785927,0.019370714851093464,-1.8431845,1248.3656789009478,1269.2286558360568,-1049.8574044978013
2025-07-14,1244.9100341796875,1270.489990234375,1240.0,1261.949951171875,2781000,0.0,0.0,NFLX,0.013524882153730156,1264.247998046875,1268.7595092773438,52.305208424376225,-8.684559565062905,-0.29723036490447796,30353.902,4.33,4.2,322.132,328.656,20802.0,61.7,228000,4.39,1.72,2025-09-15 21:20:38,1260.27001953125,1218.31005859375,-0.0013312189117048404,-0.034581318013127235,0.00503846388098702,0.004250586155448663,-1.6404779,1268.3082404204679,1267.3139781631953,-808.2510492515867
2025-07-15,1262.0,1271.219970703125,1243.239990234375,1260.27001953125,2801700,0.0,0.0,NFLX,-0.0013312189117048456,1261.239990234375,1271.165509033203,51.88059923316469,-8.594824342188218,0.007443365695792847,30353.902,4.33,4.2,322.132,328.656,20802.0,61.7,228000,4.39,1.72,2025-09-15 21:20:38,1250.31005859375,1225.280029296875,-0.007903037272285942,-0.027763883685330643,0.009041647306834459,0.0049473435329988385,-1.4559597,1271.6649365592289,1266.5050082622101,-574.6323119156878
2025-07-16,1261.7099609375,1271.0,1249.8199462890625,1250.31005859375,3227000,0.0,0.0,NFLX,-0.007903037272285918,1253.64599609375,1272.4135131835938,49.32405150481911,-8.933877678931026,0.15180069243673477,30353.902,4.33,4.2,322.132,328.656,20802.0,61.7,228000,4.39,1.72,2025-09-15 21:20:38,1274.1700439453125,1204.43994140625,0.019083254739547025,-0.03668699365587052,-0.0005814319990645022,0.018497882142981148,-1.3540118,1249.5830883169315,1273.4381466998009,-442.6244819717249
2025-07-17,1253.0,1277.5,1244.800048828125,1274.1700439453125,6469900,0.0,0.0,NFLX,0.019083254739546973,1258.36201171875,1275.0885131835937,55.0398147835982,-7.345241564681508,1.0049271769445305,30353.902,4.33,4.2,322.132,328.656,20802.0,61.7,228000,4.39,1.72,2025-09-15 21:20:38,1209.239990234375,1230.56005859375,-0.05095870368282203,-0.03422618947823439,0.008307864428091732,-0.002190300722002722,-1.2844819,1284.755675928746,1271.3792283781047,-362.4782934262039
2025-07-18,1241.9599609375,1246.5,1201.010009765625,1209.239990234375,10693300,0.0,0.0,NFLX,-0.05095870368282207,1251.1880126953124,1274.4360107421876,41.36632050586773,-10.281277550238446,0.6527767044312895,30353.902,4.33,4.2,322.132,328.656,20802.0,61.7,228000,4.39,1.72,2025-09-15 21:20:38,1233.27001953125,1238.949951171875,0.019872010098026527,0.024569118766690483,-0.009942554241652454,0.051016746210052547,-1.2572536,1197.2170560402944,1270.9314799232086,-311.0813974053599
2025-07-21,1206.0,1237.0999755859375,1198.0,1233.27001953125,5627600,0.0,0.0,NFLX,0.019872010098026527,1245.4520263671875,1274.5290100097657,46.64882372165165,-10.198720710747162,-0.47372653904781503,30353.902,4.33,4.2,322.132,328.656,20802.0,61.7,228000,4.39,1.72,2025-09-15 21:20:38,1190.0799560546875,1245.0899658203125,-0.03502076819558014,0.009584232245875164,0.007900576542236405,0.02337911742823525,-1.2700127,1243.013563717802,1262.102784138593,-332.9986125956639
2025-07-22,1230.3800048828125,1232.3699951171875,1187.5,1190.0799560546875,5063000,0.0,0.0,NFLX,-0.03502076819558009,1231.414013671875,1271.356005859375,39.721948142497624,-12.495080469239777,-0.10032695998294117,30353.902,4.33,4.2,322.132,328.656,20802.0,61.7,228000,4.39,1.72,2025-09-15 21:20:38,1176.780029296875,1214.1500244140625,-0.011175658148133143,0.020225589244584265,-0.006830133822695242,0.06415326997643592,-1.168131,1181.9515506951268,1266.427476769009,-200.08932576420193
2025-07-23,1189.81005859375,1192.6199951171875,1173.5999755859375,1176.780029296875,4504300,0.0,0.0,NFLX,-0.01117565814813315,1216.7080078125,1266.2395080566407,37.85771110174627,-14.226122578515557,-0.11034959510171838,30353.902,4.33,4.2,322.132,328.656,20802.0,61.7,228000,4.39,1.72,2025-09-15 21:20:38,1180.760009765625,1213.8599853515625,0.003382093823539846,0.03150967481734266,0.0013954802820848064,0.04784223791538345,-1.110443,1178.42220262411,1233.0798194325682,-129.9671120980347
2025-07-24,1177.800048828125,1183.5,1162.6600341796875,1180.760009765625,3845600,0.0,0.0,NFLX,0.0033820938235398224,1198.0260009765625,1261.5150085449218,38.78359134080885,-14.376902928314701,-0.14623803920697998,30353.902,4.33,4.2,322.132,328.656,20802.0,61.7,228000,4.39,1.72,2025-09-15 21:20:38,1180.489990234375,1206.2099609375,-0.00022868282209489592,0.021553872896598766,0.02124348617091136,0.05036133873130134,-0.981241,1205.8434687042463,1240.2246645778064,22.149891454784665
2025-07-25,1178.4200439453125,1187.3199462890625,1174.3800048828125,1180.489990234375,2629300,0.0,0.0,NFLX,-0.00022868282209487223,1192.2760009765625,1255.206005859375,38.741417612178964,-13.767758868245865,-0.3162835448304556,30353.902,4.33,4.2,322.132,328.656,20802.0,61.7,228000,4.39,1.72,2025-09-15 21:20:38,1174.5999755859375,1204.6500244140625,-0.004989465982060631,0.020466106768843296,0.01884616873886726,0.047673030122633096,-0.84551036,1202.7377037848757,1236.7675250982852,182.3734693901788
2025-07-28,1181.199951171875,1197.7900390625,1168.530029296875,1174.5999755859375,3447000,0.0,0.0,NFLX,-0.004989465982060626,1180.5419921875,1247.7800048828126,37.7764320985494,-13.041516700099034,0.31099532194880775,30353.902,4.33,4.2,322.132,328.656,20802.0,61.7,228000,4.39,1.72,2025-09-15 21:20:38,1168.739990234375,1218.0699462890625,-0.00498892003521395,0.037008319093009036,0.013638016973840353,0.04408790756063998,-0.78956693,1190.619189990451,1226.3856307303004,247.17467405835487
2025-07-29,1179.0,1179.5999755859375,1163.2900390625,1168.739990234375,2752500,0.0,0.0,NFLX,-0.004988920035213895,1176.2739990234375,1239.2605041503907,36.79447451321376,-12.248309866728796,-0.20147954743255003,30353.902,4.33,4.2,322.132,328.656,20802.0,61.7,228000,4.39,1.72,2025-09-15 21:20:38,1184.199951171875,1226.0899658203125,0.013227887354483108,0.04906991808711597,0.01579410875763366,0.047076416686961345,-0.79976606,1187.1991967495323,1223.7600810133636,234.021408767323
2025-07-30,1168.550048828125,1184.8499755859375,1166.0999755859375,1184.199951171875,2922700,0.0,0.0,NFLX,0.013227887354483103,1177.7579833984375,1233.7905029296876,41.14136336230529,-10.066206550784823,0.06183469573115352,30353.902,4.33,4.2,322.132,328.656,20802.0,61.7,228000,4.39,1.72,2025-09-15 21:20:38,1159.4000244140625,1223.5,-0.02094234739097117,0.033187004263286767,0.014174339240813346,0.0325611887228696,-0.8404431,1200.9852030087397,1222.7589092675953,188.94730314558547
2025-07-31,1184.800048828125,1190.0,1157.739990234375,1159.4000244140625,3712900,0.0,0.0,NFLX,-0.020942347390971117,1173.485986328125,1227.5175048828125,36.77245618722734,-9.67430834589912,0.2703664419885723,30353.902,4.33,4.2,322.132,328.656,20802.0,61.7,228000,4.39,1.72,2025-09-15 21:20:38,1158.5999755859375,1231.449951171875,-0.0006900541756753271,0.06214414804262669,-0.004102606907784018,0.053324415308272824,-0.92423284,1154.6434618650164,1221.2243528243396,87.8444465299981
2025-08-01,1163.010009765625,1178.510009765625,1152.8499755859375,1158.5999755859375,3891000,0.0,0.0,NFLX,-0.0006900541756753586,1169.1079833984375,1220.5885009765625,36.63728993942315,-8.8713541270561,0.04796789571493987,30353.902,4.33,4.3,323.364,329.793,20802.0,61.7,227000,4.26,1.72,2025-09-15 21:20:38,1170.989990234375,1208.25,0.010693953831797305,0.04285346578654384,0.019840309329257986,0.03382015088113907,-1.0673598,1181.5869574904334,1197.7840015711379,-78.04306855257892
2025-08-04,1167.6500244140625,1177.0,1162.6199951171875,1170.989990234375,2244700,0.0,0.0,NFLX,0.010693953831797387,1168.385986328125,1214.657000732422,40.297278731469426,-6.990871501886822,-0.4231046003598047,30353.902,4.33,4.3,323.364,329.793,20802.0,61.7,227000,4.26,1.72,2025-09-15 21:20:38,1147.8699951171875,1214.1099853515625,-0.019743973313179224,0.03682353860988768,0.014222062109555157,0.034664485871761776,-1.1760793,1187.6438826051558,1211.581756206829,-206.18706643290352
2025-08-05,1171.0,1171.7099609375,1144.7099609375,1147.8699951171875,2660700,0.0,0.0,NFLX,-0.01974397331317923,1164.2119873046875,1208.2849975585937,36.10617771630266,-6.783825208512049,0.18532543324274964,30353.902,4.33,4.3,323.364,329.793,20802.0,61.7,227000,4.26,1.72,2025-09-15 21:20:38,1178.47998046875,1226.1800537109375,0.02666677017586603,0.0682220625391948,-0.004102606907784018,0.05090692338295287,-1.2806886,1143.1607357459818,1206.3045250122086,-322.19407179272093
2025-08-06,1153.52001953125,1181.3800048828125,1151.8699951171875,1178.47998046875,3362200,0.0,0.0,NFLX,0.02666677017586605,1163.0679931640625,1202.7949951171875,44.35742654420654,-4.192126556522048,0.26365242229488484,30353.902,4.33,4.3,323.364,329.793,20802.0,61.7,227000,4.26,1.72,2025-09-15 21:20:38,1180.3699951171875,1257.47998046875,0.0016037732331148564,0.06703550447125721,-0.0006470053223895123,0.01666914328439894,-1.4300253,1177.7174976490573,1198.124232120979,-506.77625325496774
2025-08-07,1181.760009765625,1191.219970703125,1168.199951171875,1180.3699951171875,2628300,0.0,0.0,NFLX,0.0016037732331148913,1167.2619873046874,1199.2839965820312,44.83116794108359,-2.064921861244187,-0.2182796978169056,30353.902,4.33,4.3,323.364,329.793,20802.0,61.7,227000,4.26,1.72,2025-09-15 21:20:38,1211.6400146484375,1243.8199462890625,0.02649170993892089,0.05375429012457714,0.0064136084279399425,0.009161460444967656,-1.5352703,1187.9404260659587,1191.1839081378803,-631.8170406920108
2025-08-08,1183.18994140625,1214.1099853515625,1180.3699951171875,1211.6400146484375,3816700,0.0,0.0,NFLX,0.026491709938920804,1177.8699951171875,1197.610498046875,52.09785932351137,1.5393050847292429,0.45215538561047075,30353.902,4.33,4.3,323.364,329.793,20802.0,61.7,227000,4.26,1.72,2025-09-15 21:20:38,1218.31005859375,1244.760009765625,0.005504971662105301,0.027334847575826726,0.03403866231546913,-0.03617784885895374,-1.7114582,1252.8826199549658,1167.805485327026,-862.0312313537579
2025-08-11,1214.010009765625,1223.0699462890625,1201.9300537109375,1218.31005859375,2455600,0.0,0.0,NFLX,0.005504971662105396,1187.3340087890624,1195.4285034179688,53.50467575736799,4.306940071028311,-0.35661697277753035,30353.902,4.33,4.3,323.364,329.793,20802.0,61.7,227000,4.26,1.72,2025-09-15 21:20:38,1225.280029296875,1263.25,0.00572101547874453,0.03688711349730011,0.008991580459402357,-0.04752060448885376,-1.9224353,1229.2645915100948,1160.4152281545241,-1123.8121844858397
2025-08-12,1225.0,1231.989990234375,1206.510009765625,1225.280029296875,2278800,0.0,0.0,NFLX,0.0057210154787445955,1202.816015625,1193.67900390625,54.99217740294599,6.414455662575181,-0.07199869685616545,30353.902,4.33,4.3,323.364,329.793,20802.0,61.7,227000,4.26,1.72,2025-09-15 21:20:38,1204.43994140625,1247.7099609375,-0.017008428597815352,0.01830596362000316,0.006893296520714286,-0.03935365631191176,-2.125311,1233.726247859728,1177.0607801380766,-1378.8209698577411
2025-08-13,1234.0,1237.1199951171875,1203.0,1204.43994140625,2762400,0.0,0.0,NFLX,-0.017008428597815373,1208.0080078125,1191.385498046875,49.85622658187372,6.208348944264449,0.21221695629278559,30353.902,4.33,4.3,323.364,329.793,20802.0,61.7,227000,4.26,1.72,2025-09-15 21:20:38,1230.56005859375,1203.5,0.021686525238446778,-0.0007803970741393437,-0.06410255612955575,-0.06796946677653598,-2.267901,1127.232262457577,1122.5748008245048,-1527.1105384065304
2025-08-14,1209.8900146484375,1244.0899658203125,1207.030029296875,1230.56005859375,3904700,0.0,0.0,NFLX,0.02168652523844683,1218.0460205078125,1189.2049987792968,55.469747629869474,7.545653536616822,0.41351723139299157,30353.902,4.33,4.3,323.364,329.793,20802.0,61.7,227000,4.26,1.72,2025-09-15 21:20:38,1238.949951171875,1188.43994140625,0.006817946446037536,-0.0342284124154279,-0.012421304607937687,-0.04164848441370123,-2.382886,1215.2748972675954,1179.309097173285,-1701.724194645416
2025-08-15,1234.0400390625,1246.93994140625,1227.8800048828125,1238.949951171875,2767800,0.0,0.0,NFLX,0.006817946446037615,1223.5080078125,1190.690496826172,57.12986633593037,8.631535136853595,-0.29116193305503624,30353.902,4.33,4.3,323.364,329.793,20802.0,61.7,227000,4.26,1.72,2025-09-15 21:20:38,1245.0899658203125,1202.260009765625,0.004955821373276537,-0.029613739741098016,0.0026489393066993733,-0.03228262972606964,-2.4220655,1242.2318543965673,1198.9533886490613,-1761.867977383372
2025-08-18,1235.6300048828125,1251.1600341796875,1235.449951171875,1245.0899658203125,2111100,0.0,0.0,NFLX,0.004955821373276548,1228.8639892578126,1191.281494140625,58.35352400285311,9.339651000781767,-0.23726425319748534,30353.902,4.33,4.3,323.364,329.793,20802.0,61.7,227000,4.26,1.72,2025-09-15 21:20:38,1214.1500244140625,1202.260009765625,-0.024849562887502345,-0.029613739741098016,0.0026489393066993733,-0.03228262972606964,-2.5104346,1248.3881335711508,1204.8951874780905,-1880.6269987688283
2025-08-19,1240.199951171875,1241.0,1192.7900390625,1214.1500244140625,3707700,0.0,0.0,NFLX,-0.024849562887502397,1226.63798828125,1192.4849975585937,50.52708656073484,7.386226892317469,0.7562881909904788,30353.902,4.33,4.3,323.364,329.793,20802.0,61.7,227000,4.26,1.72,2025-09-15 21:20:38,1213.8599853515625,1202.260009765625,-0.00023888239234683552,-0.029613739741098016,-0.06602947530907004,-0.06493801081102976,-2.584171,1133.9803353555073,1135.3055370024501,-1923.4213272259512
2025-08-20,1218.0,1223.0,1193.31005859375,1213.8599853515625,2434400,0.0,0.0,NFLX,-0.00023888239234681752,1228.5219970703124,1194.3389953613282,50.458765383824655,5.806173270051183,-0.34342044933516735,30353.902,4.33,4.3,323.364,329.793,20802.0,61.7,227000,4.26,1.72,2025-09-15 21:20:38,1206.2099609375,1202.260009765625,-0.006302229669303146,-0.029613739741098016,0.008958212286671676,-0.07961211854220741,-2.6399188,1224.7340007866378,1117.2220203041118,-1990.6318156059715
2025-08-21,1211.4300537109375,1221.4000244140625,1197.6400146484375,1206.2099609375,2047200,0.0,0.0,NFLX,-0.006302229669303161,1223.6519775390625,1195.6114929199218,48.59242577271669,4.0600395427198075,-0.15905356556030237,30353.902,4.33,4.3,323.364,329.793,20802.0,61.7,227000,4.26,1.72,2025-09-15 21:20:38,1204.6500244140625,1202.260009765625,-0.0012932545526527354,-0.029613739741098016,0.002836855854335926,-0.04130058353154167,-2.6160378,1209.631804726744,1156.3927856892233,-1949.2809466286562
2025-08-22,1208.8800048828125,1213.6199951171875,1198.22998046875,1204.6500244140625,3128100,0.0,0.0,NFLX,-0.0012932545526527228,1216.7919921875,1196.8194946289063,48.20092000018896,2.680746768620726,0.5279894490035171,30353.902,4.33,4.3,323.364,329.793,20802.0,61.7,227000,4.26,1.72,2025-09-15 21:20:38,1218.0699462890625,1202.260009765625,0.011140100114576765,-0.029613739741098016,0.004589242792374214,-0.032613539571177075,-2.5743284,1210.1784558559382,1165.362123173415,-1896.5147726562573
2025-08-25,1201.6500244140625,1233.800048828125,1199.0,1218.0699462890625,2812000,0.0,0.0,NFLX,0.011140100114576779,1211.38798828125,1198.9929931640625,51.79886560848609,2.553557206671522,-0.10105175665739585,30353.902,4.33,4.3,323.364,329.793,20802.0,61.7,227000,4.26,1.72,2025-09-15 21:20:38,1226.0899658203125,1202.260009765625,0.006584202783824989,-0.029613739741098016,0.00815033996032044,-0.040063247182769914,-2.50376,1227.9976304467675,1169.2701089449806,-1831.6849835212051
2025-08-26,1220.2099609375,1231.5,1212.199951171875,1226.0899658203125,1985700,0.0,0.0,NFLX,0.006584202783824988,1213.7759765625,1201.8604919433594,53.86142674209298,2.8673999420083716,-0.2938477951635846,30353.902,4.33,4.3,323.364,329.793,20802.0,61.7,227000,4.26,1.72,2025-09-15 21:20:38,1223.5,1202.260009765625,-0.002112378285862318,-0.029613739741098016,0.006057299314378414,-0.038337603613332834,-2.4258306,1233.516759729642,1179.0846147164086,-1748.1965948636353
2025-08-27,1223.6099853515625,1229.2099609375,1213.0,1223.5,1664500,0.0,0.0,NFLX,-0.002112378285862304,1215.7039794921875,1203.8254943847655,53.07163009114494,2.757581159522621,-0.1617565593997079,30353.902,4.33,4.3,323.364,329.793,20802.0,61.7,227000,4.26,1.72,2025-09-15 21:20:38,1231.449951171875,1202.260009765625,0.006497712441254597,-0.029613739741098016,0.0018855762498371591,-0.03999917749695918,-2.3790078,1225.8070025416757,1174.5610063324705,-1687.216063261032
2025-08-28,1222.7900390625,1237.8900146484375,1214.27001953125,1231.449951171875,1950300,0.0,0.0,NFLX,0.006497712441254633,1220.7519775390624,1207.4279907226562,55.24118728830925,3.0543242214070387,0.17170321417843204,30353.902,4.33,4.3,323.364,329.793,20802.0,61.7,227000,4.26,1.72,2025-09-15 21:20:38,1208.25,1202.260009765625,-0.01883954045375325,-0.029613739741098016,0.005440996958133156,-0.03183532350249423,-2.3541672,1238.1502666102942,1192.2463435991876,-1667.5891606131918
2025-08-29,1227.969970703125,1228.7900390625,1201.1500244140625,1208.25,3209800,0.0,0.0,NFLX,-0.018839540453753245,1221.47197265625,1209.9104919433594,48.233260603390036,1.5954611908296408,0.6457980823463056,30353.902,4.33,4.3,323.364,329.793,20802.0,61.7,227000,4.26,1.72,2025-09-15 21:20:38,1214.1099853515625,1202.260009765625,0.004849977530777985,-0.029613739741098016,-0.006042146705079311,-0.03034074638183986,-2.333217,1200.949576243588,1171.590793184142,-1610.859326183796
2025-09-02,1197.0,1215.4000244140625,1182.800048828125,1214.1099853515625,2303300,0.0,0.0,NFLX,0.0048499775307779824,1220.67998046875,1212.0664916992187,49.9600430137418,0.9635951647913561,-0.2824163499283444,30353.902,4.33,4.3,323.364,329.793,20802.0,61.7,263000,4.26,1.72,2025-09-15 21:20:38,1226.1800537109375,1202.260009765625,0.009941495008691443,-0.029613739741098016,0.003151693747505863,-0.031111176911312356,-2.3292227,1217.9364882011794,1176.3375948074993,-1613.8225274974247
2025-09-03,1205.1400146484375,1227.0,1203.3800048828125,1226.1800537109375,2471500,0.0,0.0,NFLX,0.009941495008691348,1220.697998046875,1215.9819946289062,53.40751363930311,1.2773150621742948,0.07302565883732037,30353.902,4.33,4.3,323.364,329.793,20802.0,61.7,263000,4.26,1.72,2025-09-15 21:20:38,1257.47998046875,1202.260009765625,0.02552637083198812,-0.029613739741098016,0.002864698839239896,-0.027791318968590148,-2.306228,1229.6926902875023,1192.102892725334,-1601.6706240956846
2025-09-04,1223.199951171875,1257.47998046875,1223.0899658203125,1257.47998046875,3023500,0.0,0.0,NFLX,0.025526370831988165,1227.493994140625,1219.9319946289063,60.925410247187436,3.391557561027593,0.2233461460651427,30353.902,4.33,4.3,323.364,329.793,20802.0,61.7,263000,4.26,1.72,2025-09-15 21:20:38,1243.8199462890625,1202.260009765625,-0.010863023182759106,-0.029613739741098016,0.032902373161793466,-0.02231825727437147,-2.2714531,1298.8540560296176,1229.4152187472769,-1598.8268723780056
2025-09-05,1260.0,1267.0999755859375,1239.02001953125,1243.8199462890625,2379700,0.0,0.0,NFLX,-0.010863023182759113,1229.9679931640626,1223.1044921875,56.63077655427134,3.646530941065393,-0.2129320324127667,30353.902,4.33,4.3,323.364,329.793,20802.0,61.7,263000,4.26,1.72,2025-09-15 21:20:38,1244.760009765625,1202.260009765625,0.0007557874267631581,-0.029613739741098016,-0.015279081088417953,-0.02320242306131437,-2.2601073,1224.8155204703203,1214.9603096831624,-1567.346567865141
2025-09-08,1248.5400390625,1252.0400390625,1232.0,1244.760009765625,1915100,0.0,0.0,NFLX,0.0007557874267631881,1237.2699951171876,1224.7604919433593,56.85616749855604,3.646217273852642,-0.195234693448754,30353.902,4.33,4.3,323.364,329.793,20802.0,61.7,263000,4.26,1.72,2025-09-15 21:20:38,1263.25,1202.260009765625,0.014854261134125338,-0.029613739741098016,0.005044738256983231,-0.023703140986327857,-2.2845151,1251.0394982076523,1215.2552877600076,-1598.9130812486983
2025-09-09,1246.6700439453125,1265.719970703125,1246.6700439453125,1263.25,2219700,0.0,0.0,NFLX,0.014854261134125357,1247.097998046875,1227.0074890136718,61.13457745530114,4.597595933242474,0.1590517466450838,30353.902,4.33,4.3,323.364,329.793,20802.0,61.7,263000,4.26,1.72,2025-09-15 21:20:38,1247.7099609375,1202.260009765625,-0.012301633930338413,-0.029613739741098016,0.0050021734798561136,-0.02102747836953714,-2.2967408,1269.5689956484284,1236.6870379496822,-1638.1077781319618
2025-09-10,1263.969970703125,1267.0,1246.3599853515625,1247.7099609375,2701000,0.0,0.0,NFLX,-0.012301633930338451,1251.4039794921875,1228.1289855957032,56.09932320574619,3.9134082436958124,0.21683110330224808,30353.902,4.33,4.3,323.364,329.793,20802.0,61.7,263000,4.26,1.72,2025-09-15 21:20:38,1203.5,1202.260009765625,-0.035432882898748096,-0.029613739741098016,-0.014978433467962985,-0.0243587166914355,-2.3029206,1229.021220300283,1217.3173474859414,-1625.6669858645182
2025-09-11,1251.0,1253.449951171875,1192.0,1203.5,5682300,0.0,0.0,NFLX,-0.03543288289874813,1240.6079833984375,1228.0819885253907,44.7955783476122,0.40137861718776513,1.103776379118845,30353.902,4.33,4.3,323.364,329.793,20802.0,61.7,263000,4.26,1.72,2025-09-15 21:20:38,1188.43994140625,1202.260009765625,-0.012513550971125883,-0.029613739741098016,-0.009912188094269291,-0.0017390513382898264,-2.335817,1191.570681628547,1201.4070517143682,-1607.655878186226
2025-09-12,1203.06005859375,1211.780029296875,1182.4000244140625,1188.43994140625,3779600,0.0,0.0,NFLX,-0.01251355097112583,1229.531982421875,1225.9759826660156,41.712251459878296,-2.8396173095981068,-0.3348468049909368,30353.902,4.33,4.3,323.364,329.793,20802.0,61.7,263000,4.26,1.72,2025-09-15 21:20:38,1202.260009765625,1202.260009765625,0.0116287478044722,-0.029613739741098016,-0.016242348920329802,0.02094635784629593,-2.3306413,1169.1368852070734,1213.3334296977762,-1581.3872325757984
2025-09-15,1189.0,1207.239990234375,1173.2076416015625,1202.260009765625,2842331,0.0,0.0,NFLX,0.011628747804472095,1221.031982421875,1224.1414855957032,45.42460655218238,-3.891301907069189,-0.24798100328077044,30353.902,4.33,4.3,323.364,329.793,20802.0,61.7,263000,4.26,1.72,2025-09-15 21:20:38,1202.260009765625,1202.260009765625,0.0116287478044722,-0.029613739741098016,0.0022597785472236974,0.018834407638053108,-2.23786,1204.976851143878,1224.9038648764804,-1488.229532852827
2025-05-01,973.8599853515625,978.6199951171875,957.52001953125,957.9500122070312,1807700,0.0,0.0,NOW,0.0030785043207324225,947.697998046875,827.5824981689453,66.05152348620803,22.96448159524869,-0.07197494737922894,30353.902,4.33,4.2,320.58,326.854,20617.5,52.2,229000,4.42,1.72,2025-09-15 21:20:38,977.3599853515625,1011.0900268554688,0.020261989558111083,0.055472638416703655,0.008629529009706385,0.002428951323037864,-2.871784,966.2166696272205,960.2768261565856,-1793.0754786218022
2025-05-02,978.9199829101562,985.5,969.0599975585938,977.3599853515625,1669400,0.0,0.0,NOW,0.020261989558111093,954.1179931640625,837.7469970703125,68.05146764235246,22.204379905829683,-0.07650605742103223,30353.902,4.33,4.2,320.58,326.854,20617.5,52.2,229000,4.42,1.72,2025-09-15 21:20:38,978.0499877929688,1012.1099853515625,0.0007059859742038158,0.03555496492676668,0.010480704470966426,0.003983499336854293,-2.8972986,987.6034065197804,981.2532982050784,-1854.3437069296779
2025-05-05,973.0,992.0,971.3400268554688,978.0499877929688,1274200,0.0,0.0,NOW,0.0007059859742037933,962.24599609375,850.5669952392578,68.12335963127285,20.48996911947343,-0.2367317599137415,30353.902,4.33,4.2,320.58,326.854,20617.5,52.2,229000,4.42,1.72,2025-09-15 21:20:38,965.260009765625,1010.8800048828125,-0.01307701874850501,0.03356680895618305,0.011101535320155937,0.003983499336854293,-2.8964984,988.9078442773306,981.9460492707525,-1854.8702777503204
2025-05-06,969.0399780273438,978.6799926757812,964.1900024414062,965.260009765625,1280500,0.0,0.0,NOW,-0.013077018748504976,966.7260009765625,862.0549957275391,65.19484951999692,17.360326479405522,0.004944278763145515,30353.902,4.33,4.2,320.58,326.854,20617.5,52.2,229000,4.42,1.72,2025-09-15 21:20:38,983.2899780273438,1012.739990234375,0.018678872095920156,0.04918879886081536,-0.0120579662475278,0.00722278376041214,-2.895257,953.6209371477828,972.2318740887355,-1829.415786616737
2025-05-07,971.219970703125,987.3099975585938,967.2899780273438,983.2899780273438,1729700,0.0,0.0,NOW,0.018678872095920118,972.3819946289062,874.8394958496094,67.32714599695753,15.434994245184285,0.3508004685669661,30353.902,4.33,4.2,320.58,326.854,20617.5,52.2,229000,4.42,1.72,2025-09-15 21:20:38,974.489990234375,1017.5999755859375,-0.008949534714696377,0.03489306138096288,0.010247330048849387,0.005656092745859371,-2.857175,993.3660749659159,988.8515573391404,-1826.1416748458723
2025-05-08,985.0,992.0,972.8099975585938,974.489990234375,1468800,0.0,0.0,NOW,-0.008949534714696394,975.689990234375,882.2664947509766,65.22674802109977,12.618024949352737,-0.1508354049835231,30353.902,4.33,4.2,320.58,326.854,20617.5,52.2,229000,4.42,1.72,2025-09-15 21:20:38,980.0599975585938,1030.2099609375,0.005715817894526659,0.05717859727807339,-0.0120579662475278,0.0064235895348429385,-2.7926266,962.7396228235752,980.7497139374537,-1746.8966967735323
2025-05-09,980.0,986.780029296875,971.6199951171875,980.0599975585938,920100,0.0,0.0,NOW,0.005715817894526687,976.2299926757812,892.0949951171875,65.95081131887957,10.278165488719246,-0.3735702614379085,30353.902,4.33,4.2,320.58,326.854,20617.5,52.2,229000,4.42,1.72,2025-09-15 21:20:38,1015.5999755859375,1026.8599853515625,0.036263063604143234,0.047752166101617435,0.009012456943834606,0.0225505054378855,-2.723857,988.8927460889652,1002.1608458629928,-1689.4832146519911
2025-05-12,1008.52001953125,1017.0,995.6699829101562,1015.5999755859375,1432100,0.0,0.0,NOW,0.03626306360414322,983.739990234375,903.5914947509766,70.21275439454188,10.249196025744588,0.5564612542114988,30353.902,4.33,4.2,320.58,326.854,20617.5,52.2,229000,4.42,1.72,2025-09-15 21:20:38,1036.719970703125,1009.7899780273438,0.020795584506589405,-0.0057207539368458,0.0049777155438348675,0.023565381829395233,-2.5699708,1020.65534337073,1039.5329767965447,-1594.462353047129
2025-05-13,1023.0,1039.97998046875,1017.0,1036.719970703125,1483100,0.0,0.0,NOW,0.02079558450658947,998.031982421875,915.4364929199219,72.42191045195928,10.726556658483872,0.035612038265484314,30353.902,4.33,4.2,320.58,326.854,20617.5,52.2,229000,4.42,1.72,2025-09-15 21:20:38,1026.8199462890625,1004.3300170898438,-0.009549371762702805,-0.031242721784662555,0.010247035009799765,0.02491099374566971,-2.406885,1047.3432765382786,1062.5456954093215,-1458.5456813054043
2025-05-14,1037.0,1046.0,1026.6500244140625,1026.8199462890625,1414600,0.0,0.0,NOW,-0.009549371762702763,1006.7379760742188,925.952490234375,69.80836155239456,9.492177982356658,-0.04618704065808099,30353.902,4.33,4.2,320.58,326.854,20617.5,52.2,229000,4.42,1.72,2025-09-15 21:20:38,1035.1800537109375,1007.3699951171875,0.008141746225410317,-0.018941929636415146,-0.012291635708694461,0.02522006843810713,-2.332413,1014.1986495708561,1052.7164156080862,-1368.1482021174452
2025-05-15,1034.4200439453125,1040.6500244140625,1021.9600219726562,1035.1800537109375,988000,0.0,0.0,NOW,0.008141746225410307,1018.8759887695312,937.8784942626953,70.7677258059267,8.393306800329881,-0.30156934822564685,30353.902,4.33,4.2,320.58,326.854,20617.5,52.2,229000,4.42,1.72,2025-09-15 21:20:38,1040.1800537109375,988.6599731445312,0.004830077610243632,-0.04493911991410575,0.010264850649444076,0.024150109459248132,-2.290629,1045.8060223575637,1060.179765318087,-1336.033304441662
2025-05-16,1038.3900146484375,1043.739990234375,1033.1300048828125,1040.1800537109375,1160900,0.0,0.0,NOW,0.004830077610243677,1030.9,951.2794982910157,71.3540038222915,7.203409483719369,0.17500000000000004,30353.902,4.33,4.2,320.58,326.854,20617.5,52.2,229000,4.42,1.72,2025-09-15 21:20:38,1025.75,1005.1300048828125,-0.01387264989311895,-0.03369613626321784,0.013505152509408388,0.02573256757355416,-2.1998162,1054.2278439735483,1066.9465572317174,-1248.0249074017047
2025-05-19,1028.949951171875,1034.68994140625,1016.0499877929688,1025.75,2071200,0.0,0.0,NOW,-0.013872649893118982,1032.9300048828125,964.7674987792968,67.16721574445224,4.762436469972805,0.7841330002584201,30353.902,4.33,4.2,320.58,326.854,20617.5,52.2,229000,4.42,1.72,2025-09-15 21:20:38,1021.8400268554688,1004.9099731445312,-0.0038118188101693884,-0.02031686751690836,-0.05145725275032244,0.029409464009041902,-2.1117172,972.9677229913568,1055.9167577072747,-1140.343942642212
2025-05-20,1015.0,1024.6600341796875,1013.3200073242188,1021.8400268554688,1075000,0.0,0.0,NOW,-0.003811818810169343,1029.9540161132813,977.5179992675781,66.03654159645339,2.325785694387257,-0.4809772112784859,30353.902,4.33,4.2,320.58,326.854,20617.5,52.2,229000,4.42,1.72,2025-09-15 21:20:38,1014.760009765625,982.0800170898438,-0.006928694221962752,-0.03891020973995252,-0.0013088178356618742,0.02269982241980611,-2.0240862,1020.5026244031271,1045.0356140065378,-1046.4523078711209
2025-05-21,1008.9000244140625,1030.739990234375,1005.5800170898438,1014.760009765625,1259600,0.0,0.0,NOW,-0.006928694221962739,1027.5420288085938,987.6209991455078,63.93768746876934,-0.18802846086865088,0.1717209302325582,30353.902,4.33,4.2,320.58,326.854,20617.5,52.2,229000,4.42,1.72,2025-09-15 21:20:38,1015.77001953125,971.4099731445312,0.0009953188496837572,-0.042719496436508304,0.004966243813962533,0.015484162901418685,-1.9100101,1019.7995553867802,1030.472719062681,-923.4418573651346
2025-05-22,1014.760009765625,1027.489990234375,1011.7899780273438,1015.77001953125,856400,0.0,0.0,NOW,0.000995318849683846,1023.6600219726563,991.4809997558593,64.11291890535185,-2.1017136666647573,-0.32010161956176564,30353.902,4.33,4.2,320.58,326.854,20617.5,52.2,229000,4.42,1.72,2025-09-15 21:20:38,1004.3699951171875,980.4000244140625,-0.011223036902903768,-0.034820869327793096,0.033147823091374116,0.02448883794376333,-1.7816463,1049.4405844401936,1040.645046927684,-793.9728283339646
2025-05-23,1000.0,1014.2899780273438,994.5999755859375,1004.3699951171875,1388100,0.0,0.0,NOW,-0.011223036902903716,1016.4980102539063,994.4364990234375,60.53733760398185,-4.326120291332074,0.6208547407753386,30353.902,4.33,4.2,320.58,326.854,20617.5,52.2,229000,4.42,1.72,2025-09-15 21:20:38,1027.3900146484375,996.3200073242188,0.02291985985559443,-0.008014962446214352,0.02399756234109745,0.03933582641997056,-1.578593,1028.47242668854,1043.8777189065438,-581.1214643240965
2025-05-27,1013.6099853515625,1029.8299560546875,1012.97998046875,1027.3900146484375,1102500,0.0,0.0,NOW,0.022919859855594416,1016.8260131835938,998.9355010986328,64.80567146067165,-4.422207114431828,-0.20574886535552195,30353.902,4.33,4.2,320.58,326.854,20617.5,52.2,229000,4.42,1.72,2025-09-15 21:20:38,1021.2999877929688,1005.1599731445312,-0.005927667943660807,-0.02163739299287734,0.015391836607320415,0.029115639089430108,-1.3891025,1043.203433885899,1057.3031315190256,-399.7599810043466
2025-05-28,1027.3900146484375,1037.6700439453125,1018.1799926757812,1021.2999877929688,993300,0.0,0.0,NOW,-0.0059276679436608415,1016.7180053710938,1002.8575012207032,62.86834750947713,-5.026923337762341,-0.09904761904761905,30353.902,4.33,4.2,320.58,326.854,20617.5,52.2,229000,4.42,1.72,2025-09-15 21:20:38,1015.22998046875,1011.4400024414062,-0.0059434127061296135,-0.009654347859995522,0.026560530530206,0.03216951630710299,-1.1768179,1048.4262572992427,1054.1547144047188,-180.58411296532722
2025-05-29,1023.1699829101562,1024.5799560546875,1004.7000122070312,1015.22998046875,1265900,0.0,0.0,NOW,-0.005943412706129636,1016.8119995117188,1005.8684997558594,60.91374163118671,-5.906003416851661,0.2744387395550185,30353.902,4.33,4.2,320.58,326.854,20617.5,52.2,229000,4.42,1.72,2025-09-15 21:20:38,1011.0900268554688,1022.4199829101562,-0.004077848066868316,0.007082141563713964,0.0285680552852715,0.03601139365940813,-1.0521296,1044.2331266780463,1051.7898269502434,-52.9235594641068
2025-05-30,1020.0,1020.0,1002.5900268554688,1011.0900268554688,2663900,0.0,0.0,NOW,-0.004077848066868284,1015.8760009765625,1008.5255004882813,59.55377762652005,-6.774334119739208,1.1043526344892962,30353.902,4.33,4.2,320.58,326.854,20617.5,52.2,229000,4.42,1.72,2025-09-15 21:20:38,1012.1099853515625,1028.0799560546875,0.0010087711964342706,0.01680357707815408,0.037898974314190384,0.030001622027091012,-0.9315958,1049.4093018125982,1041.424367676548,69.16280208231183
2025-06-02,1009.1400146484375,1017.9500122070312,1000.2999877929688,1012.1099853515625,1002600,0.0,0.0,NOW,0.0010087711964341661,1017.4239990234375,1010.2630004882812,59.791952983122194,-7.245674377489067,-0.623634520815346,30353.902,4.33,4.1,321.5,327.6,20693.1,60.7,250000,4.38,1.72,2025-09-15 21:20:38,1010.8800048828125,1011.8900146484375,-0.001215263643824993,-0.00021733873423706204,0.015834742512620473,0.04095314387453729,-0.81957173,1028.1364863640565,1053.5590711985208,182.61325018989737
2025-06-03,1011.8200073242188,1016.25,1005.5,1010.8800048828125,1023700,0.0,0.0,NOW,-0.0012152636438249598,1014.1219970703125,1011.9045013427734,59.33816460768685,-7.570551770958801,0.021045282266108023,30353.902,4.33,4.1,321.5,327.6,20693.1,60.7,250000,4.38,1.72,2025-09-15 21:20:38,1012.739990234375,1009.760009765625,0.0018399665069823209,-0.0011079407167790768,0.018641573592855253,0.04009796013525415,-0.8744792,1029.7243988873813,1051.4142310201291,126.88649257914221
2025-06-04,1011.5599975585938,1017.5499877929688,1002.9600219726562,1012.739990234375,717800,0.0,0.0,NOW,0.0018399665069823712,1012.4099975585938,1014.2785003662109,59.834595460843936,-7.572149249974714,-0.2988180130897724,30353.902,4.33,4.1,321.5,327.6,20693.1,60.7,250000,4.38,1.72,2025-09-15 21:20:38,1017.5999755859375,1044.68994140625,0.00479884807396395,0.03154802958307288,0.015609087453478526,0.04095314387453729,-0.80441207,1028.5479373095782,1054.2148767619408,198.07972142069775
2025-06-05,1027.31005859375,1031.43994140625,1014.1699829101562,1017.5999755859375,902400,0.0,0.0,NOW,0.004798848073964024,1012.8839965820313,1015.9940002441406,61.168622712276175,-7.162325947811965,0.2571747004736695,30353.902,4.33,4.1,321.5,327.6,20693.1,60.7,250000,4.38,1.72,2025-09-15 21:20:38,1030.2099609375,1035.010009765625,0.012391888417943041,0.01710891764680197,0.017773030463405608,0.04010880888391458,-0.7419826,1035.6858109515872,1058.41469852699,262.55852107501414
2025-06-06,1026.22998046875,1034.5999755859375,1016.3400268554688,1030.2099609375,959700,0.0,0.0,NOW,0.012391888417943031,1016.7079833984375,1018.7799987792969,64.46636350444075,-6.005204401040295,0.0634973404255319,30353.902,4.33,4.1,321.5,327.6,20693.1,60.7,250000,4.38,1.72,2025-09-15 21:20:38,1026.8599853515625,1022.97998046875,-0.0032517406285695327,-0.007017967931673515,0.014308283826798367,0.03823464218207024,-0.7134832,1044.9504974597885,1069.5996701663498,295.17244652321097
2025-06-09,1031.0,1034.47998046875,1018.0599975585938,1026.8599853515625,907800,0.0,0.0,NOW,-0.003251740628569477,1019.6579833984375,1021.1199981689454,62.93720358037467,-5.445189361749485,-0.054079399812441364,30353.902,4.33,4.1,321.5,327.6,20693.1,60.7,250000,4.38,1.72,2025-09-15 21:20:38,1009.7899780273438,1013.7100219726562,-0.016623500348369843,-0.0128059945528057,0.005040241246397994,0.024171740582214656,-0.7230582,1032.035607404007,1051.680978531737,284.380428329634
2025-06-10,1021.1400146484375,1026.8599853515625,999.1199951171875,1009.7899780273438,1189200,0.0,0.0,NOW,-0.01662350034836979,1019.4399780273437,1020.8294982910156,55.68847543689113,-6.151955712250299,0.3099801718440185,30353.902,4.33,4.1,321.5,327.6,20693.1,60.7,250000,4.38,1.72,2025-09-15 21:20:38,1004.3300170898438,968.0900268554688,-0.005407026269131928,-0.04129566749447955,0.008365673813581064,0.058446888163568196,-0.7807143,1018.2375516037438,1068.8090599418,221.4325289918488
2025-06-11,1010.239990234375,1017.719970703125,1001.4000244140625,1004.3300170898438,742800,0.0,0.0,NOW,-0.00540702626913192,1017.7579833984375,1019.2100006103516,53.56345334007763,-6.8607186475734565,-0.37537840565085767,30353.902,4.33,4.1,321.5,327.6,20693.1,60.7,250000,4.38,1.72,2025-09-15 21:20:38,1007.3699951171875,938.780029296875,0.0030268716214939184,-0.06526737892680637,0.012026724061379054,0.04086310019293465,-0.8344627,1016.4088170719433,1045.370055204958,166.25407705383623
2025-06-12,1002.5999755859375,1016.0399780273438,1002.5999755859375,1007.3699951171875,848200,0.0,0.0,NOW,0.003026871621493843,1015.7119873046875,1018.2375030517578,54.60217400097998,-6.975495266430535,0.14189553042541725,30353.902,4.33,4.1,321.5,327.6,20693.1,60.7,250000,4.38,1.72,2025-09-15 21:20:38,988.6599731445312,961.780029296875,-0.018573138036019933,-0.04525642618034202,0.018408199170738215,0.04214770944761923,-0.8357172,1025.91386262593,1049.8283329776364,165.4935621918412
2025-06-13,998.030029296875,1001.0,978.1900024414062,988.6599731445312,1332200,0.0,0.0,NOW,-0.0185731380360199,1007.4019897460937,1015.9114990234375,47.552051695682394,-8.084091612858408,0.570620136760198,30353.902,4.33,4.1,321.5,327.6,20693.1,60.7,250000,4.38,1.72,2025-09-15 21:20:38,1005.1300048828125,956.9199829101562,0.01665894461762893,-0.032104051035284464,0.0105415986446699,0.07079510322971955,-0.82703716,999.0820297774711,1058.6522580023902,171.00144107162123
2025-06-16,992.0,1016.969970703125,991.3800048828125,1005.1300048828125,1230900,0.0,0.0,NOW,0.016658944617628846,1003.0559936523438,1014.1589965820312,53.27172575185619,-7.493946337850328,-0.07603963368863531,30353.902,4.33,4.1,321.5,327.6,20693.1,60.7,250000,4.38,1.72,2025-09-15 21:20:38,1004.9099731445312,966.969970703125,-0.00021890873539975894,-0.03796527214818998,0.01963133484065905,0.04095777861088032,-0.8225376,1024.8620485670604,1046.297897097956,178.37278197930573
2025-06-17,1003.8499755859375,1012.0,999.3400268554688,1004.9099731445312,819800,0.0,0.0,NOW,-0.00021890873539975875,1002.0799926757812,1013.1169952392578,53.188274231530784,-6.918039755574451,-0.3339832642781705,30353.902,4.33,4.1,321.5,327.6,20693.1,60.7,250000,4.38,1.72,2025-09-15 21:20:38,982.0800170898438,959.1500244140625,-0.022718409275259505,-0.04553636639437284,0.018613553640326998,0.04092928089339071,-0.7882329,1023.6149188333565,1046.0402157079336,212.80684810913954
2025-06-18,1004.4400024414062,1007.0399780273438,979.2000122070312,982.0800170898438,1209500,0.0,0.0,NOW,-0.022718409275259477,997.6299926757813,1011.1289947509765,45.26500382988626,-7.808392621725851,0.47535984386435715,30353.902,4.33,4.1,321.5,327.6,20693.1,60.7,250000,4.38,1.72,2025-09-15 21:20:38,971.4099731445312,963.4000244140625,-0.010864739898619045,-0.019020845909414677,0.013423022756105551,0.08053399544985486,-0.8078193,995.2624995075573,1061.1708447175506,188.73681841266443
2025-06-20,985.5900268554688,986.010009765625,965.4500122070312,971.4099731445312,2007700,0.0,0.0,NOW,-0.010864739898619025,990.43798828125,1008.9614929199219,42.107838379230756,-8.777280646194704,0.6599421248449773,30353.902,4.33,4.1,321.5,327.6,20693.1,60.7,250000,4.38,1.72,2025-09-15 21:20:38,980.4000244140625,959.9099731445312,0.009254641724986351,-0.011838461944933081,0.02033731509663221,0.06311406322351587,-0.84972686,991.1658438563826,1032.719603605529,145.9768310155232
2025-06-23,971.4099731445312,981.3300170898438,956.8300170898438,980.4000244140625,1099900,0.0,0.0,NOW,0.009254641724986357,988.7859985351563,1007.1929931640625,45.55359525343743,-8.469935730065806,-0.4521591871295513,30353.902,4.33,4.1,321.5,327.6,20693.1,60.7,250000,4.38,1.72,2025-09-15 21:20:38,996.3200073242188,962.3699951171875,0.01623825225797077,-0.01839048230098798,0.028165485307725193,0.06521809529343045,-0.84169024,1008.0134668973901,1044.3398466319804,155.20689032338123
2025-06-24,990.0,999.5,985.0,996.3200073242188,1514000,0.0,0.0,NOW,0.01623825225797071,987.0239990234375,1006.790493774414,51.10375503171476,-6.917227515336441,0.37648877170651884,30353.902,4.33,4.1,321.5,327.6,20693.1,60.7,250000,4.38,1.72,2025-09-15 21:20:38,1005.1599731445312,956.4299926757812,0.008872616985835387,-0.040037351809855445,0.018841803025082565,0.055990964004823375,-0.81015277,1015.0924726521705,1052.1049249915943,189.1485944919841
2025-06-25,998.280029296875,1014.0,998.1500244140625,1005.1599731445312,1193700,0.0,0.0,NOW,0.008872616985835302,987.0739990234375,1005.6789916992187,53.913108391039174,-5.101409631829578,-0.21155878467635403,30353.902,4.33,4.1,321.5,327.6,20693.1,60.7,250000,4.38,1.72,2025-09-15 21:20:38,1011.4400024414062,996.1799926757812,0.006247790863805118,-0.008933881878182165,0.012213785114295706,0.042746958627555724,-0.8294892,1017.4367810620097,1048.1275049306155,171.39065979091174
2025-06-26,1007.1799926757812,1013.5599975585938,994.5,1011.4400024414062,1204400,0.0,0.0,NOW,0.006247790863805225,992.94599609375,1005.1859924316407,55.85364345062705,-3.3676099031517737,0.008963726229370916,30353.902,4.33,4.1,321.5,327.6,20693.1,60.7,250000,4.38,1.72,2025-09-15 21:20:38,1022.4199829101562,968.7899780273438,0.010855790202331928,-0.04216762666209977,0.012213785114295706,0.039118444410559956,-0.91117865,1023.7935132872282,1051.005961951527,89.83746800649897
2025-06-27,1012.780029296875,1033.030029296875,1012.0700073242188,1022.4199829101562,1514300,0.0,0.0,NOW,0.01085579020233185,1003.147998046875,1005.5454925537109,59.096509619878326,-1.4684908436978619,0.2573065426768515,30353.902,4.33,4.1,321.5,327.6,20693.1,60.7,250000,4.38,1.72,2025-09-15 21:20:38,1028.0799560546875,985.75,0.005535859274210422,-0.03586587070196042,0.011233567596955877,0.032101348527776206,-1.0460949,1033.905406900656,1055.2410431233181,-47.12834115407895
2025-06-30,1029.739990234375,1036.3699951171875,1018.4500122070312,1028.0799560546875,1009300,0.0,0.0,NOW,0.0055358592742105195,1012.683984375,1006.3949890136719,60.69914116496143,0.09852875903033187,-0.33348741993000064,30353.902,4.33,4.1,321.5,327.6,20693.1,60.7,250000,4.38,1.72,2025-09-15 21:20:38,1011.8900146484375,993.2000122070312,-0.015747745407253905,-0.03392726766263387,0.013580558727831387,0.012499016467217874,-1.2084423,1042.0418562747946,1040.9299443550317,-214.29538183686964
2025-07-01,1027.260009765625,1031.93994140625,994.72998046875,1011.8900146484375,1244100,0.0,0.0,NOW,-0.015747745407253877,1015.7979858398437,1006.3839904785157,54.162057253182006,-0.019385969052335916,0.23263648072921828,30353.902,4.33,4.2,322.132,328.656,20802.0,61.7,228000,4.39,1.72,2025-09-15 21:20:38,1009.760009765625,977.47998046875,-0.002104976679261462,-0.03400570583912979,0.0005645867580770398,0.009555411838947373,-1.3812907,1012.4613143513384,1021.5590404741218,-385.8242259112594
2025-07-02,1000.3699951171875,1011.0399780273438,992.0,1009.760009765625,871400,0.0,0.0,NOW,-0.002104976679261461,1016.7179931640625,1006.3279907226563,53.348028226700485,-0.2898871212984879,-0.2995739892291617,30353.902,4.33,4.2,322.132,328.656,20802.0,61.7,228000,4.39,1.72,2025-09-15 21:20:38,1044.68994140625,943.1199951171875,0.0345923103537568,-0.06599589407774753,0.009276576115458712,0.004560043800227798,-1.5758909,1019.1271253545622,1014.3645596378747,-581.5115994998196
2025-07-03,1017.72998046875,1057.3900146484375,1015.0,1044.68994140625,1205900,0.0,0.0,NOW,0.03459231035375687,1023.3679809570312,1007.92548828125,63.13344123492738,1.7238929108068444,0.3838650447555658,30353.902,4.33,4.2,322.132,328.656,20802.0,61.7,228000,4.39,1.72,2025-09-15 21:20:38,1035.010009765625,914.3699951171875,-0.009265841717203585,-0.12474509528984237,0.011136742747075361,-0.0042448470646257504,-1.6682004,1056.3243845341487,1040.2553923750277,-698.062209195632
2025-07-07,1043.22998046875,1049.0,1027.6199951171875,1035.010009765625,1133600,0.0,0.0,NOW,-0.009265841717203571,1025.885986328125,1008.7959899902344,59.41416534546922,2.2130241000003403,-0.05995522016750976,30353.902,4.33,4.2,322.132,328.656,20802.0,61.7,228000,4.39,1.72,2025-09-15 21:20:38,1022.97998046875,923.0,-0.011623104301763386,-0.10822118502118577,0.004078311932980822,0.005450355350753496,-1.6755269,1039.2311034392067,1040.6511821104345,-699.1770592497778
2025-07-08,1037.1800537109375,1038.77001953125,1011.25,1022.97998046875,1460200,0.0,0.0,NOW,-0.011623104301763387,1024.8659912109374,1008.4344909667968,55.071976810097276,1.5658721948869356,0.28810868031051506,30353.902,4.33,4.2,322.132,328.656,20802.0,61.7,228000,4.39,1.72,2025-09-15 21:20:38,1013.7100219726562,905.1199951171875,-0.009061720339674749,-0.11521240650042505,0.0040684912469089885,0.0023031540390992724,-1.7239289,1027.1419655650502,1025.3360609426843,-740.5648010100704
2025-07-09,1024.5,1028.010009765625,1009.0,1013.7100219726562,1153400,0.0,0.0,NOW,-0.009061720339674784,1025.2299926757812,1007.7769927978516,51.92296733190021,0.41301716295906843,-0.21010820435556776,30353.902,4.33,4.2,322.132,328.656,20802.0,61.7,228000,4.39,1.72,2025-09-15 21:20:38,968.0900268554688,912.3099975585938,-0.04500300295780054,-0.10002862970294049,0.007235241595279676,0.002835188693818916,-1.7675395,1021.0444588891846,1016.584081165764,-778.0624846163846
2025-07-10,1013.7000122070312,1013.7000122070312,965.3099975585938,968.0900268554688,2003300,0.0,0.0,NOW,-0.045003002957800575,1016.89599609375,1005.6919952392578,39.847445328442646,-3.3170839924861504,0.7368649211028264,30353.902,4.33,4.2,322.132,328.656,20802.0,61.7,228000,4.39,1.72,2025-09-15 21:20:38,938.780029296875,874.1199951171875,-0.030276107330428674,-0.0970674515091462,0.03557682338931602,0.07005326875403335,-1.7912076,1002.531594765864,1035.9078976848743,-765.9601402215048
2025-07-11,960.0,966.0,934.1699829101562,938.780029296875,2154700,0.0,0.0,NOW,-0.030276107330428625,995.714013671875,1002.4144958496094,34.32422485829345,-7.418588775871766,0.07557530075375629,30353.902,4.33,4.2,322.132,328.656,20802.0,61.7,228000,4.39,1.72,2025-09-15 21:20:38,961.780029296875,872.510009765625,0.02449988206206994,-0.0705916375115955,0.022142603009182093,0.0814384935830069,-1.814172,959.5670627985439,1015.2328606886235,-764.3284417022369
2025-07-14,938.7000122070312,964.3400268554688,935.1400146484375,961.780029296875,1812500,0.0,0.0,NOW,0.024499882062069878,981.068017578125,1000.1349975585938,41.21055718004238,-8.18266419686281,-0.15881561238223418,30353.902,4.33,4.2,322.132,328.656,20802.0,61.7,228000,4.39,1.72,2025-09-15 21:20:38,956.9199829101562,856.3699951171875,-0.005053178729726554,-0.10959890096361143,0.010956190793837108,0.05919778109240764,-1.7497824,972.3174747995538,1018.7152729302408,-721.1257800396124
2025-07-15,965.27001953125,974.3400268554688,956.0,956.9199829101562,1264300,0.0,0.0,NOW,-0.0050531787297265485,967.8560180664062,998.547998046875,40.25016698385787,-8.57416258147743,-0.30245517241379305,30353.902,4.33,4.2,322.132,328.656,20802.0,61.7,228000,4.39,1.72,2025-09-15 21:20:38,966.969970703125,853.4299926757812,0.010502432776463743,-0.10814905329873492,0.018297209343036382,0.060663880339842345,-1.4619031,974.4289481619983,1014.9704622482219,-442.00430200833944
2025-07-16,965.0599975585938,969.0900268554688,953.3800048828125,966.969970703125,985100,0.0,0.0,NOW,0.010502432776463788,958.5080078125,996.6399963378906,43.198063132541016,-7.740548105778958,-0.22083366289646444,30353.902,4.33,4.2,322.132,328.656,20802.0,61.7,228000,4.39,1.72,2025-09-15 21:20:38,959.1500244140625,863.2999877929688,-0.00808706219012808,-0.10721117103023727,0.025856011087425565,0.060779889681956925,-1.290365,991.9719569868325,1025.742298848226,-280.7742168784025
2025-07-17,968.489990234375,975.0,955.0,959.1500244140625,1275600,0.0,0.0,NOW,-0.008087062190128114,956.7200073242187,994.3519989013672,41.48304380702701,-7.305531242721157,0.29489391939904586,30353.902,4.33,4.2,322.132,328.656,20802.0,61.7,228000,4.39,1.72,2025-09-15 21:20:38,963.4000244140625,850.8599853515625,0.004431006507659,-0.11290208654131409,0.0171587311351562,0.056648337421993766,-1.1725758,975.6078218012619,1013.4842786353838,-165.52611291331414
2025-07-18,958.0499877929688,963.52001953125,949.72998046875,963.4000244140625,1155600,0.0,0.0,NOW,0.00443100650765893,961.6440063476563,993.4179992675781,42.81190678761487,-6.35622538590852,-0.0940733772342427,30353.902,4.33,4.2,322.132,328.656,20802.0,61.7,228000,4.39,1.72,2025-09-15 21:20:38,959.9099731445312,867.239990234375,-0.003622639797683097,-0.09981319466767898,0.026852619385009394,0.060115698115101826,-1.1509733,989.2698385851621,1021.31548944582,-145.44770018092822
2025-07-21,959.530029296875,969.0999755859375,958.0,959.9099731445312,1112800,0.0,0.0,NOW,-0.0036226397976830693,961.2699951171875,992.8429992675781,41.969047363955426,-5.613802199375121,-0.03703703703703709,30353.902,4.33,4.2,322.132,328.656,20802.0,61.7,228000,4.39,1.72,2025-09-15 21:20:38,962.3699951171875,892.0499877929688,0.002562763218927251,-0.07069411429205455,0.01316247002223691,0.06284369980302403,-1.1576941,972.5447593900923,1020.2342673347549,-151.3721405762044
2025-07-22,963.780029296875,973.9600219726562,956.8400268554688,962.3699951171875,1175700,0.0,0.0,NOW,0.002562763218927344,962.3599975585937,991.9414978027344,42.823523284088445,-4.647453348195397,0.05652408339324233,30353.902,4.33,4.2,322.132,328.656,20802.0,61.7,228000,4.39,1.72,2025-09-15 21:20:38,956.4299926757812,886.780029296875,-0.0061722647958106155,-0.07854563858374235,0.016319519858725727,0.06557251729509674,-1.2044314,978.0754113639443,1025.4750182662915,-196.7386594744312
2025-07-23,947.8599853515625,966.8499755859375,947.8599853515625,956.4299926757812,1984000,0.0,0.0,NOW,-0.006172264795810567,960.252001953125,989.9469970703125,41.24432504887309,-4.11688728002425,0.6875053159819682,30353.902,4.33,4.2,322.132,328.656,20802.0,61.7,228000,4.39,1.72,2025-09-15 21:20:38,996.1799926757812,890.25,0.0415608045590377,-0.06919481110230669,0.00567946592195431,0.06537444043440635,-1.2682592,961.8620042259184,1018.9560682616437,-256.57111377098045
2025-07-24,1034.6600341796875,1051.0,982.0,996.1799926757812,4070100,0.0,0.0,NOW,0.041560804559037656,967.6579956054687,989.497998046875,53.58071062137134,-0.9620621332339558,1.051461693548387,30353.902,4.33,4.2,322.132,328.656,20802.0,61.7,228000,4.39,1.72,2025-09-15 21:20:38,968.7899780273438,876.969970703125,-0.027495045925251694,-0.11966715136734792,0.011769847005068576,0.027619885172485002,-1.3562212,1007.9048787790856,1023.6943696846132,-354.8604314462864
2025-07-25,1000.1199951171875,1001.0,964.0800170898438,968.7899780273438,1999600,0.0,0.0,NOW,-0.02749504592525165,968.735986328125,987.3654968261719,46.35796537870348,-0.6103095329484614,-0.5087098597086066,30353.902,4.33,4.2,322.132,328.656,20802.0,61.7,228000,4.39,1.72,2025-09-15 21:20:38,985.75,886.75,0.017506397007935975,-0.08468293426651055,0.012919803139855903,0.03928728380253739,-1.4485008,981.3065538273223,1006.8511048391579,-434.5030341103484
2025-07-28,976.0,996.0399780273438,975.97998046875,985.75,1474600,0.0,0.0,NOW,0.01750639700793588,973.9039916992188,985.5319976806641,50.7821691955328,0.7977987934413262,-0.2625525105021004,30353.902,4.33,4.2,322.132,328.656,20802.0,61.7,228000,4.39,1.72,2025-09-15 21:20:38,993.2000122070312,879.9400024414062,0.007557709568380674,-0.1073395866686216,0.013726629340161466,0.012509763345240243,-1.6320477,999.2810248720641,998.0814992175706,-623.0409741401672
2025-07-29,991.530029296875,1005.75,982.280029296875,993.2000122070312,1207700,0.0,0.0,NOW,0.007557709568380755,980.0699951171875,983.7880004882812,52.6303535294557,2.185470107730291,-0.1809982368099824,30353.902,4.33,4.2,322.132,328.656,20802.0,61.7,228000,4.39,1.72,2025-09-15 21:20:38,977.47998046875,864.6599731445312,-0.015827659630560324,-0.12942009412269923,0.015372433128482799,0.01860028691791496,-1.7529011,1008.4679129778922,1011.6738174009587,-747.7813591357553
2025-07-30,991.5900268554688,993.030029296875,973.0,977.47998046875,1094200,0.0,0.0,NOW,-0.01582765963056032,984.2799926757813,982.0674987792969,48.49247020400562,2.0039486718589234,-0.09398029311915213,30353.902,4.33,4.2,322.132,328.656,20802.0,61.7,228000,4.39,1.72,2025-09-15 21:20:38,943.1199951171875,887.97998046875,-0.035151600071732604,-0.09156197752211798,0.003445509966904989,0.018572867988808483,-1.8162186,980.8478974839053,995.6345871076991,-797.8373554361751
2025-07-31,982.0,982.0,940.0599975585938,943.1199951171875,2131900,0.0,0.0,NOW,-0.03515160007173257,973.6679931640625,978.735498046875,40.91964333468025,-0.3457224235289438,0.9483641016267592,30353.902,4.33,4.2,322.132,328.656,20802.0,61.7,228000,4.39,1.72,2025-09-15 21:20:38,914.3699951171875,928.5999755859375,-0.03048392585126738,-0.015395728652159275,0.002068350416686825,0.05960979297060724,-1.8732843,945.0706977520738,999.3391827725632,-823.6119223869173
2025-08-01,937.2899780273438,937.2899780273438,909.489990234375,914.3699951171875,1811100,0.0,0.0,NOW,-0.030483925851267357,962.7839965820312,972.2195007324219,35.87179404197269,-3.57236994947141,-0.15047610113044707,30353.902,4.33,4.3,323.364,329.793,20802.0,61.7,227000,4.26,1.72,2025-09-15 21:20:38,923.0,917.4600219726562,0.009438197807121242,0.003379405352286003,0.010335331247632064,0.09579751486591148,-1.9088155,923.8203118996192,1001.9643683173696,-830.9936271506449
2025-08-04,918.52001953125,929.5800170898438,915.260009765625,923.0,1285500,0.0,0.0,NOW,0.009438197807121185,950.2339965820313,966.6190002441406,38.33102406968498,-4.785896378291364,-0.2902103693887692,30353.902,4.33,4.3,323.364,329.793,20802.0,61.7,227000,4.26,1.72,2025-09-15 21:20:38,905.1199951171875,911.4199829101562,-0.019371619591346152,-0.01254606401933234,0.020280166452935313,0.07551814127951102,-1.8732259,941.7185936360593,992.7032444009886,-805.9875309467316
2025-08-05,922.0,925.5,904.4500122070312,905.1199951171875,1448500,0.0,0.0,NOW,-0.019371619591346145,932.6179931640625,960.7260009765625,35.30977654972112,-6.35492130850791,0.12679891092959927,30353.902,4.33,4.3,323.364,329.793,20802.0,61.7,227000,4.26,1.72,2025-09-15 21:20:38,912.3099975585938,919.3800048828125,0.00794370081336602,0.015754827915141496,0.01801670508273784,0.08999322958284903,-1.7865071,921.4272751337029,986.5746666377956,-711.8833293658099
2025-08-06,911.5999755859375,913.0499877929688,902.8300170898438,912.3099975585938,1068600,0.0,0.0,NOW,0.00794370081336604,919.5839965820312,955.6559997558594,37.44500318915398,-6.450121482262816,-0.26227131515360713,30353.902,4.33,4.3,323.364,329.793,20802.0,61.7,227000,4.26,1.72,2025-09-15 21:20:38,874.1199951171875,898.5599975585938,-0.04186077379794741,-0.015071631393710445,0.02874173580969785,0.06973086673167779,-1.6517367,938.5313704849689,975.9261644163294,-594.5859403005161
2025-08-07,922.0,922.8900146484375,862.0,874.1199951171875,2798700,0.0,0.0,NOW,-0.04186077379794739,905.7839965820312,950.9574981689453,31.49805221631486,-8.497911065050527,1.619034250421112,30353.902,4.33,4.3,323.364,329.793,20802.0,61.7,227000,4.26,1.72,2025-09-15 21:20:38,872.510009765625,913.7999877929688,-0.0018418356296113097,0.04539421692380074,0.020822068547006068,0.09525424057260215,-1.4784898,892.3209815738261,957.383631421402,-418.2574636889767
2025-08-08,878.3900146484375,882.0,862.1400146484375,872.510009765625,1902800,0.0,0.0,NOW,-0.001841835629611266,897.4119995117187,947.6439971923828,31.27256552229653,-9.308377656383534,-0.32011290956515526,30353.902,4.33,4.3,323.364,329.793,20802.0,61.7,227000,4.26,1.72,2025-09-15 21:20:38,856.3699951171875,939.3300170898438,-0.018498371901513263,0.07658365700832251,0.0317977163687388,0.08515821931988338,-1.4064096,900.2538355850379,946.8114085360397,-354.5964625958295
2025-08-11,867.9199829101562,879.97998046875,850.9000244140625,856.3699951171875,2369800,0.0,0.0,NOW,-0.018498371901513266,884.0859985351562,942.3734954833984,29.02901332221974,-10.206885019010866,0.24542779062434317,30353.902,4.33,4.3,323.364,329.793,20802.0,61.7,227000,4.26,1.72,2025-09-15 21:20:38,853.4299926757812,933.6699829101562,-0.003433098378235372,0.09026470828463677,0.025785835004591296,0.10124424338991908,-1.2350352,878.4522105141618,943.0725273346558,-201.2770768443297
2025-08-12,857.8099975585938,859.72998046875,840.030029296875,853.4299926757812,2865800,0.0,0.0,NOW,-0.0034330983782353552,873.747998046875,937.1989959716797,28.626144209431317,-10.24781589377406,0.20930036289982268,30353.902,4.33,4.3,323.364,329.793,20802.0,61.7,227000,4.26,1.72,2025-09-15 21:20:38,863.2999877929688,923.5700073242188,0.011565090519307679,0.08218602023644106,0.030722589256255338,0.08375404649039642,-1.1222755,879.6495717997282,924.9082079586473,-104.35355490653455
2025-08-13,860.5700073242188,864.4000244140625,842.7000122070312,863.2999877929688,2453600,0.0,0.0,NOW,0.011565090519307653,863.94599609375,932.0154968261719,32.03621343139746,-8.908227812829974,-0.14383418242724544,30353.902,4.33,4.3,323.364,329.793,20802.0,61.7,227000,4.26,1.72,2025-09-15 21:20:38,850.8599853515625,938.280029296875,-0.014409825804827341,0.0868528235423623,0.03609181020143827,0.07579676215598573,-1.0124681,894.4580470992966,928.7353316369777,-10.763710227402044
2025-08-14,856.1599731445312,862.97998046875,846.3400268554688,850.8599853515625,1787900,0.0,0.0,NOW,-0.014409825804827303,859.293994140625,926.6009948730468,30.085179366842468,-8.177048887145151,-0.27131561786762304,30353.902,4.33,4.3,323.364,329.793,20802.0,61.7,227000,4.26,1.72,2025-09-15 21:20:38,867.239990234375,928.9600219726562,0.019251116711105562,0.09178952820166293,0.024368477439382658,0.07651726642091933,-0.9422641,871.5941477086755,915.9654655376074,49.125184004951734
2025-08-15,851.77001953125,867.9400024414062,848.6199951171875,867.239990234375,1758800,0.0,0.0,NOW,0.019251116711105576,858.239990234375,921.7929931640625,35.6429196957977,-6.007675953532829,-0.016276078080429524,30353.902,4.33,4.3,323.364,329.793,20802.0,61.7,227000,4.26,1.72,2025-09-15 21:20:38,892.0499877929688,947.4199829101562,0.028607995293077698,0.09245421518686228,0.021386492866962346,0.07489144693312741,-0.9722922,885.7872120994668,932.1888479412986,24.029325357696507
2025-08-18,866.4500122070312,892.239990234375,865.3699951171875,892.0499877929688,2577400,0.0,0.0,NOW,0.02860799529307778,865.3759887695312,918.3999938964844,43.029996703782146,-2.4989178448039517,0.4654309756652264,30353.902,4.33,4.3,323.364,329.793,20802.0,61.7,227000,4.26,1.72,2025-09-15 21:20:38,886.780029296875,947.4199829101562,-0.00590769415190758,0.09245421518686228,0.00895555039743125,0.07200738916531094,-1.0161802,900.0387864156766,956.284178418888,-14.433509444374067
2025-08-19,893.4000244140625,900.9099731445312,880.9600219726562,886.780029296875,2184200,0.0,0.0,NOW,-0.0059076941519076165,872.04599609375,914.6204956054687,41.92907426407143,-0.24853093842294172,-0.1525568402265849,30353.902,4.33,4.3,323.364,329.793,20802.0,61.7,227000,4.26,1.72,2025-09-15 21:20:38,890.25,947.4199829101562,0.0039130005057469875,0.09245421518686228,0.011526895061388603,0.06506827224932454,-1.1489305,897.0018496371152,944.481273668428,-132.0686371566262
2025-08-20,884.260009765625,898.8900146484375,880.0,890.25,1971900,0.0,0.0,NOW,0.003913000505747055,877.4359985351563,911.3114959716797,42.96383285475132,1.6534925925144464,-0.09719805878582544,30353.902,4.33,4.3,323.364,329.793,20802.0,61.7,227000,4.26,1.72,2025-09-15 21:20:38,876.969970703125,947.4199829101562,-0.01491719101024993,0.09245421518686228,0.01800568000854091,0.04300298819036362,-1.3983248,906.2795566276035,928.5334102364711,-354.60869523882866
2025-08-21,885.9299926757812,888.3800048828125,873.0700073242188,876.969970703125,1127000,0.0,0.0,NOW,-0.014917191010249908,882.6579956054687,905.3509948730468,40.02440324210903,2.164746979175831,-0.42847000354987574,30353.902,4.33,4.3,323.364,329.793,20802.0,61.7,227000,4.26,1.72,2025-09-15 21:20:38,886.75,947.4199829101562,0.011152068626744085,0.09245421518686228,0.009992556936947821,0.047609845886331825,-1.5992217,885.7331430673695,918.7223758552418,-525.4994422978489
2025-08-22,878.3400268554688,896.3800048828125,873.0,886.75,1084300,0.0,0.0,NOW,0.011152068626744116,886.5599975585938,901.2489959716797,43.11123094662556,3.2441985808269607,-0.03788819875776395,30353.902,4.33,4.3,323.364,329.793,20802.0,61.7,227000,4.26,1.72,2025-09-15 21:20:38,879.9400024414062,947.4199829101562,-0.0076797265955384835,0.09245421518686228,0.021124496943479145,0.03271550252515831,-1.7838445,905.4821476646301,915.7604718641842,-695.0740846395493
2025-08-25,889.7100219726562,890.1699829101562,878.6900024414062,879.9400024414062,861200,0.0,0.0,NOW,-0.007679726595538505,884.1380004882812,895.95849609375,41.50919020576394,3.55706761096873,-0.20575486488979067,30353.902,4.33,4.3,323.364,329.793,20802.0,61.7,227000,4.26,1.72,2025-09-15 21:20:38,864.6599731445312,947.4199829101562,-0.017364853574653203,0.09245421518686228,0.009997010360631636,0.03637757430864893,-1.8447568,888.7367717625473,911.9500852673713,-743.3353373122955
2025-08-26,879.0,880.0,855.0800170898438,864.6599731445312,2683700,0.0,0.0,NOW,-0.017364853574653227,879.7139892578125,889.531494140625,38.08904076591535,2.824411510304266,2.1162331630283324,30353.902,4.33,4.3,323.364,329.793,20802.0,61.7,227000,4.26,1.72,2025-09-15 21:20:38,887.97998046875,947.4199829101562,0.026970147859869443,0.09245421518686228,0.005252551147387309,0.04947476722878795,-1.8955142,869.2016438785714,907.4388240479069,-774.3153271840274
2025-08-27,871.6699829101562,889.6099853515625,868.2000122070312,887.97998046875,1202200,0.0,0.0,NOW,0.026970147859869398,879.2599853515625,885.056494140625,45.47318440064274,3.931774311574582,-0.5520363677013078,30353.902,4.33,4.3,323.364,329.793,20802.0,61.7,227000,4.26,1.72,2025-09-15 21:20:38,928.5999755859375,947.4199829101562,0.04574426902703918,0.09245421518686228,0.014977832955215778,0.002636583071750361,-1.9308306,901.2799962837867,890.3212134533071,-826.5589361229795
2025-08-28,890.5,935.780029296875,889.739990234375,928.5999755859375,3043600,0.0,0.0,NOW,0.0457442690270391,889.585986328125,884.3304931640625,55.442198779921966,7.229459021664283,1.5316918981866579,30353.902,4.33,4.3,323.364,329.793,20802.0,61.7,227000,4.26,1.72,2025-09-15 21:20:38,917.4600219726562,947.4199829101562,-0.011996504314198424,0.09245421518686228,-0.024505322680183284,0.00019646576708683648,-1.9164627,905.8443335433939,928.7824136924578,-851.0272035489616
2025-08-29,929.260009765625,933.989990234375,909.7100219726562,917.4600219726562,1881800,0.0,0.0,NOW,-0.011996504314198408,895.7279907226563,884.484994506836,52.60185228275459,8.407448582166207,-0.38171901695360755,30353.902,4.33,4.3,323.364,329.793,20802.0,61.7,227000,4.26,1.72,2025-09-15 21:20:38,911.4199829101562,947.4199829101562,-0.006583435700569431,0.09245421518686228,-0.010429572578623552,-0.018725593631246245,-1.9041536,907.8913060855069,900.2800384282821,-829.5247683588968
2025-09-02,901.77001953125,914.25,894.6400146484375,911.4199829101562,1247800,0.0,0.0,NOW,-0.006583435700569407,902.0239868164062,883.9059936523438,51.07403268655079,8.501404485258512,-0.33691146774364966,30353.902,4.33,4.3,323.364,329.793,20802.0,61.7,263000,4.26,1.72,2025-09-15 21:20:38,919.3800048828125,947.4199829101562,0.00873364872606805,0.09245421518686228,0.005325906491872311,-0.02102511398577074,-1.972156,916.2741205139596,892.257273880561,-886.0424484910618
2025-09-03,908.989990234375,921.3400268554688,894.510009765625,919.3800048828125,1338100,0.0,0.0,NOW,0.008733648726068077,912.9679931640625,884.618994140625,53.01101778497306,8.785058537502772,0.07236736656515474,30353.902,4.33,4.3,323.364,329.793,20802.0,61.7,263000,4.26,1.72,2025-09-15 21:20:38,898.5599975585938,947.4199829101562,-0.02264570385873526,0.09245421518686228,0.010874741405581685,-0.005507665828641801,-2.0213163,929.3780246893755,914.3163670463829,-938.9777755967516
2025-09-04,909.47998046875,910.22998046875,878.1900024414062,898.5599975585938,1703900,0.0,0.0,NOW,-0.02264570385873521,915.0839965820312,883.931494140625,47.692526154951345,7.3160449406646855,0.27337269262386976,30353.902,4.33,4.3,323.364,329.793,20802.0,61.7,263000,4.26,1.72,2025-09-15 21:20:38,913.7999877929688,947.4199829101562,0.01696045926346863,0.09245421518686228,-0.005462859306053734,-0.030070824103354016,-2.0350142,893.6512907138832,871.539557925699,-930.0223143676412
2025-09-05,904.1500244140625,916.2000122070312,901.3499755859375,913.7999877929688,1283900,0.0,0.0,NOW,0.016960459263468675,912.1239990234375,885.915493774414,51.526222384984,7.110091391529458,-0.24649333881096314,30353.902,4.33,4.3,323.364,329.793,20802.0,61.7,263000,4.26,1.72,2025-09-15 21:20:38,939.3300170898438,947.4199829101562,0.027938312144800668,0.09245421518686228,0.0185726209160557,-0.02228701986565103,-2.0656397,930.7716485593439,893.4341093117952,-973.7815761659731
2025-09-08,915.1400146484375,944.8200073242188,912.5599975585938,939.3300170898438,1636100,0.0,0.0,NOW,0.027938312144800692,916.497998046875,889.256494140625,57.18705555900644,8.347076753178994,0.2743204299400266,30353.902,4.33,4.3,323.364,329.793,20802.0,61.7,263000,4.26,1.72,2025-09-15 21:20:38,933.6699829101562,947.4199829101562,-0.006025607695603043,0.09245421518686228,0.007110742953885112,0.034152706029095904,-2.0283117,946.0093513902381,971.4106790278188,-965.9240743802511
2025-09-09,945.0,945.0,927.7999877929688,933.6699829101562,1197600,0.0,0.0,NOW,-0.006025607695603008,920.947998046875,893.1214935302735,55.635810770219685,8.414121791297964,-0.2680154024815109,30353.902,4.33,4.3,323.364,329.793,20802.0,61.7,263000,4.26,1.72,2025-09-15 21:20:38,923.5700073242188,947.4199829101562,-0.010817500584582234,0.09245421518686228,0.002730279250265181,0.038289334696338245,-2.001056,936.2191626910914,969.4195853817276,-934.6558972249768
2025-09-10,936.0,944.9199829101562,919.3300170898438,923.5700073242188,1648600,0.0,0.0,NOW,-0.010817500584582196,921.7859985351563,896.6284942626953,52.8793328374612,7.44183211485527,0.3765865063460254,30353.902,4.33,4.3,323.364,329.793,20802.0,61.7,263000,4.26,1.72,2025-09-15 21:20:38,938.280029296875,947.4199829101562,0.01592734915166242,0.09245421518686228,-0.0182212687837196,0.0277509510391696,-2.0432744,906.7413899801824,949.1999533787186,-963.5369476674532
2025-09-11,927.719970703125,942.6699829101562,923.6500244140625,938.280029296875,1173000,0.0,0.0,NOW,0.015927349151662495,929.7300048828125,900.3774963378906,56.27705008630227,7.435431248849985,-0.2884872012616766,30353.902,4.33,4.3,323.364,329.793,20802.0,61.7,263000,4.26,1.72,2025-09-15 21:20:38,928.9600219726562,947.4199829101562,-0.009933076515763577,0.09245421518686228,0.004975312628718132,0.03677936978060908,-2.0505197,942.9482657759098,972.7893774521456,-985.6816594142583
2025-09-12,941.72998046875,941.8499755859375,926.9299926757812,928.9600219726562,711100,0.0,0.0,NOW,-0.009933076515763584,932.76201171875,904.2824981689453,53.63806739759478,6.484279137778383,-0.3937766410912191,30353.902,4.33,4.3,323.364,329.793,20802.0,61.7,263000,4.26,1.72,2025-09-15 21:20:38,947.4199829101562,947.4199829101562,0.019871641944612516,0.09245421518686228,0.006987849278969635,0.02955532042654639,-2.0152922,935.4514545923895,956.4157330855097,-943.1658343814197
2025-09-15,930.4500122070312,956.1195068359375,929.7999877929688,947.4199829101562,1347849,0.0,0.0,NOW,0.01987164194461255,934.3800048828125,908.2914978027344,57.85370991596098,6.748909906140974,0.8954422725355085,30353.902,4.33,4.3,323.364,329.793,20802.0,61.7,263000,4.26,1.72,2025-09-15 21:20:38,947.4199829101562,947.4199829101562,0.019871641944612516,0.09245421518686228,-0.02550308307801783,0.03943214916810222,-2.004998,923.2578523762243,984.7787890011103,-952.1551583055843
2025-05-01,113.06577112138011,114.92553765737502,111.28599634849851,111.59595489501953,236121500,0.0,0.0,NVDA,0.024697003047237986,109.84417724609375,105.28675003051758,53.234320643897746,1.3497157758983853,0.004581683646422752,30353.902,4.33,4.2,320.58,326.854,20617.5,52.2,229000,4.42,1.72,2025-09-15 21:20:38,114.485595703125,135.11300659179688,0.02589377734008199,0.21073390804263728,0.023550454181055995,0.04281487943754993,0.3263837,114.22409031756588,116.37392224956807,148.01905666432958
2025-05-02,114.1656362648126,115.38548400726445,113.35574060530446,114.485595703125,190194800,0.0,0.0,NVDA,0.025893777340082025,110.54208831787109,105.92167015075684,56.12441625342912,1.5807093498849638,-0.19450452415387842,30353.902,4.33,4.2,320.58,326.854,20617.5,52.2,229000,4.42,1.72,2025-09-15 21:20:38,113.80567932128906,137.3627166748047,-0.005938881460677751,0.19982532152780888,0.023121717212036964,0.03312910844837356,0.3270837,117.13269927182426,118.27840141895048,151.9319687272946
2025-05-05,112.89579778060671,114.65557085202862,112.64582923459892,113.80567932128906,133163200,0.0,0.0,NVDA,-0.005938881460677781,111.5599609375,106.89704742431641,55.259079920688606,1.6172155279669664,-0.29985888152567786,30353.902,4.33,4.2,320.58,326.854,20617.5,52.2,229000,4.42,1.72,2025-09-15 21:20:38,113.52571868896484,141.2022247314453,-0.0024599882360339105,0.24073091583427958,0.01700389205570059,0.03586692997746317,0.32794446,115.74081880779393,117.88753965254337,151.12762787360043
2025-05-06,111.46598025800552,114.72556468927546,110.8060596179303,113.52571868896484,158525600,0.0,0.0,NVDA,-0.002459988236033883,112.46384887695312,107.69194793701172,54.883844548321285,1.5517453402112924,0.19046102827207512,30353.902,4.33,4.2,320.58,326.854,20617.5,52.2,229000,4.42,1.72,2025-09-15 21:20:38,117.04527282714844,141.9021453857422,0.03100226256066599,0.2499559309069201,0.01638758969945532,0.03586692997746317,0.35574198,115.3861315871754,117.59753769182313,153.91158237424315
2025-05-07,113.03578272910664,117.66519758488604,112.2658753138673,117.04527282714844,206758800,0.0,0.0,NVDA,0.031002262560666072,114.09164428710938,108.72981719970703,58.68233676584955,1.664729812163917,0.3042612675807568,30353.902,4.33,4.2,320.58,326.854,20617.5,52.2,229000,4.42,1.72,2025-09-15 21:20:38,117.35523986816406,139.97239685058594,0.0026482662095493764,0.19588252878265405,0.022888342789919927,0.03393055589549591,0.39692467,119.72424515355593,121.01668399911357,163.50343662355226
2025-05-08,118.23512643493164,118.66507265437788,115.83542678286972,117.35523986816406,198428100,0.0,0.0,NVDA,0.002648266209549277,115.24350128173828,108.8817985534668,59.00965730410655,1.675020768519986,-0.0402918763312613,30353.902,4.33,4.2,320.58,326.854,20617.5,52.2,229000,4.42,1.72,2025-09-15 21:20:38,116.63532257080078,141.70216369628906,-0.006134513449693687,0.2074634575795349,0.020887519910863052,0.032063491121729855,0.39050633,119.80649977755446,121.11805855976543,163.18319656623498
2025-05-09,117.33523143311392,118.21512557823269,115.19550133583151,116.63532257080078,132972200,0.0,0.0,NVDA,-0.006134513449693735,115.67344665527344,109.33574142456055,57.86311239680217,1.5508634262359016,-0.3298721300057804,30353.902,4.33,4.2,320.58,326.854,20617.5,52.2,229000,4.42,1.72,2025-09-15 21:20:38,122.98452758789062,142.612060546875,0.05443638236809184,0.22271759020776608,0.01700389205570059,0.030638893742022204,0.45362198,118.61857700567649,120.20889982561403,169.54366894481154
2025-05-12,121.95465837416761,122.98452758789062,120.26486852149502,122.98452758789062,225023300,0.0,0.0,NVDA,0.054436382368091785,117.50921630859375,109.9391658782959,64.42762217117814,1.7965451679972446,0.6922582314198005,30353.902,4.33,4.2,320.58,326.854,20617.5,52.2,229000,4.42,1.72,2025-09-15 21:20:38,129.9136505126953,143.94189453125,0.05634142002011436,0.17040653287367583,0.03315997948626176,0.007452025578092682,0.5126486,127.06269199983268,123.90101143318525,186.03237132015056
2025-05-13,124.96428378706925,131.20349680462547,124.45434579721417,129.9136505126953,330430100,0.0,0.0,NVDA,0.05634142002011444,120.78680267333985,110.90004501342773,69.93285441178216,2.294070156026436,0.46842615853558267,30353.902,4.33,4.2,320.58,326.854,20617.5,52.2,229000,4.42,1.72,2025-09-15 21:20:38,135.32296752929688,142.8219451904297,0.04163778783256466,0.09936057240168893,0.016937145614775637,-0.006125617384809835,0.45983803,132.1140169287759,129.11784919659064,189.65288798824804
2025-05-14,133.18323739959362,135.4229610498005,131.66342437777934,135.32296752929688,281180800,0.0,0.0,NVDA,0.041637787832564666,124.44234161376953,112.05689926147461,73.39450298528514,2.8211454173621973,-0.1490460463498937,30353.902,4.33,4.2,320.58,326.854,20617.5,52.2,229000,4.42,1.72,2025-09-15 21:20:38,134.8130340576172,144.9918212890625,-0.003768269947001339,0.07145020491567595,0.010701380518686904,0.0042425769167315315,0.45760468,136.77111009774578,135.89708562764028,197.24738627360057
2025-05-15,134.27309347043854,136.28285028501523,132.64330897356982,134.8130340576172,226632600,0.0,0.0,NVDA,-0.0037682699470013015,127.93390045166015,113.57370834350586,72.54656633649978,2.954929362593925,-0.19399688741194276,30353.902,4.33,4.2,320.58,326.854,20617.5,52.2,229000,4.42,1.72,2025-09-15 21:20:38,135.38296508789062,141.9619903564453,0.0042275662309466085,0.053028672997395505,0.005534805539755391,0.004252599897828832,0.49943066,135.55919798535052,135.38633995247662,202.14279615275154
2025-05-16,136.20286928250525,136.3328578150344,133.44322189103337,135.38296508789062,226542500,0.0,0.0,NVDA,0.004227566230946556,131.6834289550781,115.26899528503418,72.92309014113386,2.8973723027502123,-0.0003975597508919515,30353.902,4.33,4.2,320.58,326.854,20617.5,52.2,229000,4.42,1.72,2025-09-15 21:20:38,135.55294799804688,144.6818389892578,0.001255570891403487,0.06868570130171368,0.009801361329046068,0.0042425769167315315,0.6296056,136.70990244651466,135.9573377304912,220.62082880415983
2025-05-19,132.3733402168265,135.85289804232983,132.3733402168265,135.55294799804688,193154600,0.0,0.0,NVDA,0.0012555708914034902,134.19711303710938,117.20175209045411,73.04184559532331,2.6907761917717483,-0.14738029288102672,30353.902,4.33,4.2,320.58,326.854,20617.5,52.2,229000,4.42,1.72,2025-09-15 21:20:38,134.3630828857422,144.1118621826172,-0.008777862303089357,0.0631407454502106,0.004704131041258215,-0.0043572016774732865,0.7031577,136.19060682845853,134.96231646564334,230.86804217192548
2025-05-20,134.2730826239034,134.5630546490785,132.6032947519003,134.3630828857422,161514200,0.0,0.0,NVDA,-0.008777862303089301,135.08699951171874,118.97602844238281,70.70420957103485,2.308680253260003,-0.1638086796793864,30353.902,4.33,4.2,320.58,326.854,20617.5,52.2,229000,4.42,1.72,2025-09-15 21:20:38,131.78341674804688,145.47178649902344,-0.019199218135601825,0.08267675446780062,0.003224529909819903,-0.004347178696375984,0.7546996,134.79634066528288,133.77898255424188,235.76684615809972
2025-05-21,133.04325269152105,137.3827028648009,130.57356230685332,131.78341674804688,270608700,0.0,0.0,NVDA,-0.01919921813560177,134.37908935546875,120.43034553527832,65.78829592109909,1.7426587194204295,0.6754483506713342,30353.902,4.33,4.2,320.58,326.854,20617.5,52.2,229000,4.42,1.72,2025-09-15 21:20:38,132.81329345703125,143.84188842773438,0.007814918860036603,0.09150219335063807,0.008414661693228657,0.0005812751653498241,0.80990887,132.89232961675944,131.86001917540744,238.51597448033863
2025-05-22,132.21336282687446,134.23311300774128,131.53345568577518,132.81329345703125,187344000,0.0,0.0,NVDA,0.007814918860036713,133.97914123535156,121.75018005371093,66.7812933204633,1.317408689970076,-0.30769409852676577,30353.902,4.33,4.2,320.58,326.854,20617.5,52.2,229000,4.42,1.72,2025-09-15 21:20:38,131.2734832763672,144.161865234375,-0.011593795625301872,0.08544755936660305,0.02063798440323676,-0.005084635770965899,0.8670182,135.55429213593996,132.13798623425984,247.96483911553514
2025-05-23,129.98365220977007,132.66330787048915,129.14376150329426,131.2734832763672,198821300,0.0,0.0,NVDA,-0.011593795625301828,133.15724487304686,122.76405220031738,63.79963265603679,0.8356897665807388,0.06126323768041675,30353.902,4.33,4.2,320.58,326.854,20617.5,52.2,229000,4.42,1.72,2025-09-15 21:20:38,135.48294067382812,147.8916473388672,0.032066319049360935,0.12659193347916384,0.02053290206760619,0.0005584349672507647,0.80807185,133.96890885255436,131.34679097970152,237.35188999059392
2025-05-27,134.13310453484723,135.64292419162265,133.2932139517279,135.48294067382812,192953600,0.0,0.0,NVDA,0.03206631904936086,133.14324340820312,124.10238342285156,68.00521552154925,0.7088298558994408,-0.029512431515134496,30353.902,4.33,4.2,320.58,326.854,20617.5,52.2,229000,4.42,1.72,2025-09-15 21:20:38,134.7930450439453,154.30130004882812,-0.005092121756817483,0.1388983681739293,0.027320473653204586,0.0016676584446906695,0.82796454,139.18439878496613,135.70887994395434,247.6580119087521
2025-05-28,136.01289284806998,137.23274065219468,134.773043287045,134.7930450439453,304021100,0.0,0.0,NVDA,-0.0050921217568175026,133.22923583984374,125.39172172546387,66.63880136564538,0.4967580747197893,0.575617661448141,30353.902,4.33,4.2,320.58,326.854,20617.5,52.2,229000,4.42,1.72,2025-09-15 21:20:38,139.17250061035156,155.01126098632812,0.03249021909831073,0.1499945040620698,0.017255620789545918,-0.0004209042479663667,0.76219505,137.11898271429183,134.73631007869,237.5316448817248
2025-05-29,142.2321134030903,143.47196297724966,137.89266277883826,139.17250061035156,369241900,0.0,0.0,NVDA,0.032490219098310735,134.7070526123047,126.90503196716308,70.66787392077758,0.564776235423821,0.21452721538077446,30353.902,4.33,4.2,320.58,326.854,20617.5,52.2,229000,4.42,1.72,2025-09-15 21:20:38,135.11300659179688,157.74110412597656,-0.0291687941278016,0.13342149802720352,0.025253888352236804,0.004104636993073294,0.82653844,142.687147402467,139.74375320477532,254.20392265193186
2025-05-30,138.7025513364048,139.6024320207408,132.9032778793795,135.11300659179688,333170900,0.0,0.0,NVDA,-0.0291687941278016,135.1669952392578,128.08088455200195,63.064835670137924,0.26494243420762587,-0.09768934673990137,30353.902,4.33,4.2,320.58,326.854,20617.5,52.2,229000,4.42,1.72,2025-09-15 21:20:38,137.3627166748047,157.98109436035156,0.016650581167249365,0.16925156463762,0.02599580894914398,0.00412359388484441,0.7867175,138.62537849770163,135.67015775954175,241.4087618511112
2025-06-02,135.4729551269194,138.10261378714853,135.38295485750098,137.3627166748047,197663100,0.0,0.0,NVDA,0.016650581167249268,136.3848419189453,129.22474060058593,65.29335842516645,0.15229874195880377,-0.40672159543345476,30353.902,4.33,4.1,321.5,327.6,20693.1,60.7,250000,4.38,1.72,2025-09-15 21:20:38,141.2022247314453,153.29136657714844,0.02795160251329591,0.11596050433432795,0.01239061132801404,0.015042195923624012,0.88076895,139.0647247080823,139.42895357162834,258.3475412500811
2025-06-03,138.76252943263086,141.9821253260672,137.93263208053457,141.2022247314453,225578800,0.0,0.0,NVDA,0.02795160251329598,137.52869873046876,130.59456787109374,68.75793727013294,0.2639972249977527,0.14122868658844268,30353.902,4.33,4.1,321.5,327.6,20693.1,60.7,250000,4.38,1.72,2025-09-15 21:20:38,141.9021453857422,157.2411346435547,0.0049568670439015024,0.11358822385846983,0.008868265552881392,0.006325196508843821,0.93739164,142.4544435570214,142.09535655035762,273.56400956841935
2025-06-04,142.17211569309742,142.37208748278405,139.52243989492337,141.9021453857422,167120800,0.0,0.0,NVDA,0.004956867043901525,138.9505187988281,132.0133892059326,69.35842868195711,0.3094907817771855,-0.25914669286298175,30353.902,4.33,4.1,321.5,327.6,20693.1,60.7,250000,4.38,1.72,2025-09-15 21:20:38,139.97239685058594,159.3310089111328,-0.01359914982194585,0.12282311502770143,0.014313367592896907,0.006325196508843821,0.994013,143.933242954869,142.79970434033353,282.954732710652
2025-06-05,142.15211531599257,143.98188696027037,138.81253909953503,139.97239685058594,231397900,0.0,0.0,NVDA,-0.013599149821945877,139.110498046875,133.15974540710448,65.61388054508805,0.14257878957935155,0.3846146021321104,30353.902,4.33,4.1,321.5,327.6,20693.1,60.7,250000,4.38,1.72,2025-09-15 21:20:38,141.70216369628906,158.2310791015625,0.012357914021787961,0.13044487814598804,0.0043780344673622264,0.020109540094550144,1.0633627,140.58520082847713,142.78717737718307,288.81380847258697
2025-06-06,142.4920575502711,143.2519716576077,141.49218341482276,141.70216369628906,153986200,0.0,0.0,NVDA,0.012357914021787986,140.42832946777344,134.37709159851073,67.31718081683155,0.08450167311096202,-0.33453933678741254,30353.902,4.33,4.1,321.5,327.6,20693.1,60.7,250000,4.38,1.72,2025-09-15 21:20:38,142.612060546875,159.99098205566406,0.006421192357627819,0.12906520184528383,0.014872745548435215,0.009426734281790606,1.1302379,143.80966392060668,143.03795234060877,301.85934174928843
2025-06-09,143.17198765195985,144.98175749406252,141.9221449149421,142.612060546875,185114500,0.0,0.0,NVDA,0.006421192357627836,141.4781982421875,135.67592849731446,68.20924912408937,0.045169862552505435,0.20214993291606653,30353.902,4.33,4.1,321.5,327.6,20693.1,60.7,250000,4.38,1.72,2025-09-15 21:20:38,143.94189453125,162.87081909179688,0.009324835355968357,0.14205501601502382,0.013964486882439441,0.018867264654294745,1.1531086,144.60356479565948,145.30276003610717,307.05925357108936
2025-06-10,142.6720500430919,144.27183958658884,141.51219232566982,143.94189453125,155881900,0.0,0.0,NVDA,0.009324835355968286,142.02613220214843,136.72379684448242,69.51873707037441,0.04634554065866592,-0.15791631665806838,30353.902,4.33,4.1,321.5,327.6,20693.1,60.7,250000,4.38,1.72,2025-09-15 21:20:38,142.8219451904297,164.09075927734375,-0.007780565515463393,0.13997915486459991,0.01396419184338982,0.021499321299514967,1.1847247,145.95192676078537,147.03654757023824,314.4734278554097
2025-06-11,144.6018435649776,144.9818270127783,141.8619926278542,142.8219451904297,167694000,0.01,0.0,NVDA,-0.007780565515463356,142.21009216308593,137.36921157836915,67.01516862787352,-0.08359618262498802,0.0757759560282496,30353.902,4.33,4.1,321.5,327.6,20693.1,60.7,250000,4.38,1.72,2025-09-15 21:20:38,144.9918212890625,164.91070556640625,0.015192875966922575,0.15465942818888803,0.0052430447504672505,0.02133908596029927,1.212485,143.57076704041188,145.86963495586542,315.9913880644526
2025-06-12,141.9619934165529,144.9918212890625,141.84200506767834,144.9918212890625,162365000,0.0,0.0,NVDA,0.015192875966922648,143.21397705078124,137.85265426635743,69.32046915625249,-0.07876848655681812,-0.031778119670351934,30353.902,4.33,4.1,321.5,327.6,20693.1,60.7,250000,4.38,1.72,2025-09-15 21:20:38,141.9619903564453,164.06076049804688,-0.02089656441087649,0.13151734380222482,0.014002601578992031,0.018963882180806895,1.2472812,147.02208399478565,147.7414291051689,325.8373759436654
2025-06-13,142.47195608609783,143.57190012016565,140.84205843661482,141.9619903564453,180820600,0.0,0.0,NVDA,-0.020896564410876506,143.2659423828125,138.21010208129883,62.72807199918045,-0.32137663111826154,0.11366735441751619,30353.902,4.33,4.1,321.5,327.6,20693.1,60.7,250000,4.38,1.72,2025-09-15 21:20:38,144.6818389892578,170.69036865234375,0.0191589919666762,0.2023666914204695,0.0040994513478962566,0.018767209398428908,1.2619007,142.54395662916207,144.62622075608246,321.1039201614003
2025-06-16,143.3419182543515,146.17174515794912,143.19191756263837,144.6818389892578,183133700,0.0,0.0,NVDA,0.019158991966676142,143.67989807128907,138.6750457763672,65.86624552036595,-0.3386912472126191,0.012792237167667864,30353.902,4.33,4.1,321.5,327.6,20693.1,60.7,250000,4.38,1.72,2025-09-15 21:20:38,144.1118621826172,171.36033630371094,-0.003939518675062902,0.18439423704335084,0.014236271040158692,0.023235200107672667,1.2720098,146.7415688636975,148.0435504701193,328.7185632343608
2025-06-17,144.48185167828373,145.2118062109318,143.77188503129375,144.1118621826172,139108000,0.0,0.0,NVDA,-0.003939518675062925,143.7138916015625,139.1029914855957,64.63801401925657,-0.4230656115893314,-0.24040195769538864,30353.902,4.33,4.1,321.5,327.6,20693.1,60.7,250000,4.38,1.72,2025-09-15 21:20:38,145.47178649902344,172.99024963378906,0.009436588326663678,0.20038869121389505,0.00880810497549486,0.02593768518785611,1.2553372,145.38121459293572,147.8497902957456,325.0208492629099
2025-06-18,144.00186822839106,145.64177507521472,143.1119190601379,145.47178649902344,161494100,0.0,0.0,NVDA,0.009436588326663609,144.24385986328124,139.65842666625977,66.25486762004121,-0.42092265024539977,0.1609260430744457,30353.902,4.33,4.1,321.5,327.6,20693.1,60.7,250000,4.38,1.72,2025-09-15 21:20:38,143.84188842773438,172.40028381347656,-0.011204221179341908,0.18511147736976405,0.013710940308291139,0.024199747884260908,1.2503366,147.46634148025203,148.9921670565728,327.3604922682134
2025-06-20,145.4417889825313,146.1917466588846,142.6419439392267,143.84188842773438,242956200,0.0,0.0,NVDA,-0.011204221179341944,144.0138732910156,140.26135025024413,62.56271192667675,-0.5545087549823045,0.5044277159351331,30353.902,4.33,4.1,321.5,327.6,20693.1,60.7,250000,4.38,1.72,2025-09-15 21:20:38,144.161865234375,171.37034606933594,0.0022245036556328315,0.19137997938223508,0.004341365567973694,0.023305628542635886,1.2522746,144.46635864938685,147.19421404830243,323.97141924276366
2025-06-23,142.49196127355907,144.77183143330174,142.02198656661903,144.161865234375,154308900,0.0,0.0,NVDA,0.002224503655632759,144.45384826660157,140.82877883911132,62.99864774038041,-0.6404641074143766,-0.36486947029958483,30353.902,4.33,4.1,321.5,327.6,20693.1,60.7,250000,4.38,1.72,2025-09-15 21:20:38,147.8916473388672,167.0205841064453,0.025872182622140708,0.15856286844587603,0.01581060056573443,0.026831804529481133,1.252202,146.44115090240692,148.02998822294916,324.6816461056005
2025-06-24,145.55178305584516,147.9516567694991,145.4917888831412,147.8916473388672,187566100,0.0,0.0,NVDA,0.025872182622140638,145.09580993652344,141.65968704223633,67.7174866500436,-0.47299395001848765,0.2155235375276474,30353.902,4.33,4.1,321.5,327.6,20693.1,60.7,250000,4.38,1.72,2025-09-15 21:20:38,154.30130004882812,170.77037048339844,0.043340194157648185,0.15469922444036854,0.014784491117293424,0.021664308765552837,1.237261,150.07815008527055,151.09561765066266,330.8722232320397
2025-06-25,149.2615908362584,154.44129154756814,149.2515816348226,154.30130004882812,269146500,0.0,0.0,NVDA,0.043340194157648115,147.13369750976562,142.60060501098633,73.88193565934722,0.01664047515114575,0.4349421350659848,30353.902,4.33,4.1,321.5,327.6,20693.1,60.7,250000,4.38,1.72,2025-09-15 21:20:38,155.01126098632812,173.73020935058594,0.0046011338677984905,0.1259153960181126,0.01662152399945238,0.02072131068252638,1.2360994,156.86602281073644,157.4986252258576,345.0330202584155
2025-06-26,155.9711982969104,156.71116205301092,153.99131424314706,155.01126098632812,198145700,0.0,0.0,NVDA,0.004601133867798479,149.04159240722657,143.61151580810548,74.46359842387326,0.31875483594428466,-0.26379982648854805,30353.902,4.33,4.1,321.5,327.6,20693.1,60.7,250000,4.38,1.72,2025-09-15 21:20:38,157.74110412597656,173.49021911621094,0.017610611785741217,0.11921042388986593,0.01268999566101274,0.04489010120659995,1.2254934,156.97835321565273,161.96973218016706,344.9765430702537
2025-06-27,156.03119384319848,158.7010567029259,155.25123904977087,157.74110412597656,263234500,0.0,0.0,NVDA,0.017610611785741304,151.821435546875,144.53994598388672,76.61969572655028,0.6156755758199166,0.32848959124523014,30353.902,4.33,4.1,321.5,327.6,20693.1,60.7,250000,4.38,1.72,2025-09-15 21:20:38,157.98109436035156,176.7400360107422,0.0015214185022017909,0.12044376125066637,0.013870176517747313,0.03988155483108353,1.2313982,159.92900108430823,164.03206461929236,351.9832009253223
2025-06-30,158.39105963903748,158.65105473929458,155.95121007936535,157.98109436035156,194580300,0.0,0.0,NVDA,0.0015214185022018878,154.5852813720703,145.68335037231446,76.80510931010794,0.733476134059238,-0.2608100381978806,30353.902,4.33,4.1,321.5,327.6,20693.1,60.7,250000,4.38,1.72,2025-09-15 21:20:38,153.29136657714844,175.50009155273438,-0.029685373444153732,0.11089299807242978,0.014366041864750522,0.03988155483108353,1.266623,160.25065737577145,164.2816260373585,358.0835852291566
2025-07-01,156.28118836420296,157.19114075936278,151.4814709885328,153.29136657714844,213143600,0.0,0.0,NVDA,-0.029685373444153784,155.66522521972655,146.47978286743165,65.82035478950132,0.4165575050262138,0.09540174416423453,30353.902,4.33,4.2,322.132,328.656,20802.0,61.7,228000,4.39,1.72,2025-09-15 21:20:38,157.2411346435547,179.25990295410156,0.025766409124015552,0.1694063857398237,0.0026243896522179875,0.020782744952970503,1.2794178,153.69366285336787,156.4771819522136,349.41506239124647
2025-07-02,152.97137110311218,157.5911210146133,152.9613771597412,157.2411346435547,171224100,0.0,0.0,NVDA,0.02576640912401551,156.25319213867186,147.2817283630371,69.74504513344364,0.394181732407783,-0.19667257191865017,30353.902,4.33,4.2,322.132,328.656,20802.0,61.7,228000,4.39,1.72,2025-09-15 21:20:38,159.3310089111328,177.85997009277344,0.013290887733134206,0.13112876281361732,0.014253151371551274,0.020251327897895844,1.3484503,159.48231633746377,160.4254764202585,369.27297156533314
2025-07-03,158.36106240246136,160.97091579811564,157.76110539966962,159.3310089111328,143716100,0.0,0.0,NVDA,0.013290887733134138,157.1171417236328,148.15317153930664,71.60303371220215,0.43800019382842503,-0.1606549545303494,30353.902,4.33,4.2,322.132,328.656,20802.0,61.7,228000,4.39,1.72,2025-09-15 21:20:38,158.2310791015625,173.710205078125,-0.00690342587476993,0.09024731761418904,0.013471556872299506,0.015174604987637395,1.2964947,161.4774456592,161.748794033641,365.9028210737197
2025-07-07,158.19107281354107,159.3010108082469,157.33112071622008,158.2310791015625,140139000,0.0,0.0,NVDA,-0.006903425874769886,157.21513671875,149.06610565185548,69.1945274741843,0.31644674731537226,-0.02489004363463798,30353.902,4.33,4.2,322.132,328.656,20802.0,61.7,228000,4.39,1.72,2025-09-15 21:20:38,159.99098205566406,179.98985290527344,0.011122359552208753,0.13751264244203765,0.004711232322684608,0.021321374834424592,1.2726388,158.97654247587903,161.60478324954238,359.602089377644
2025-07-08,159.32102164925746,160.21097087662494,158.3810721884118,159.99098205566406,138133000,0.0,0.0,NVDA,0.01112235955220875,157.6171142578125,149.9805465698242,70.88218223001604,0.27940002495849114,-0.014314359314680392,30353.902,4.33,4.2,322.132,328.656,20802.0,61.7,228000,4.39,1.72,2025-09-15 21:20:38,162.87081909179688,178.24993896484375,0.017999995994342103,0.11412491300807837,0.013471556872299506,0.020653671532471326,1.2748108,162.14630966948198,163.29538324719925,363.94921244541183
2025-07-09,161.2109090473586,164.41072552837133,161.15091487239096,162.87081909179688,183656400,0.0,0.0,NVDA,0.01799999599434221,159.5330047607422,150.9934844970703,73.44579761606752,0.36809729810948966,0.329562088711604,30353.902,4.33,4.2,322.132,328.656,20802.0,61.7,228000,4.39,1.72,2025-09-15 21:20:38,164.09075927734375,179.40988159179688,0.0074902317821542675,0.10154711931962651,0.013238182450182469,0.020251327897895844,1.2700629,165.02693271074472,166.16916945422372,369.7270077291905
2025-07-10,164.31074810125853,164.4907306346819,161.6008940928153,164.09075927734375,167704100,0.0,0.0,NVDA,0.007490231782154355,160.9029296875,152.000927734375,74.47116693266209,0.42418910657140607,-0.08685948325242132,30353.902,4.33,4.2,322.132,328.656,20802.0,61.7,228000,4.39,1.72,2025-09-15 21:20:38,164.91070556640625,180.7598114013672,0.004996907154757198,0.1015843439169518,0.011848904744083344,0.020251327897895844,1.2745383,166.0350550534053,167.4138150484839,373.23071313752735
2025-07-11,163.71077623333997,167.88053943905462,163.4607903198708,164.91070556640625,193633300,0.0,0.0,NVDA,0.004996907154757091,162.01886901855468,153.10536575317383,75.1652919011847,0.43041052735867513,0.15461279718265675,30353.902,4.33,4.2,322.132,328.656,20802.0,61.7,228000,4.39,1.72,2025-09-15 21:20:38,164.06076049804688,182.689697265625,-0.0051539714504290875,0.1078098091822153,0.013211292455491571,0.020251327897895844,1.2868689,167.0893891266855,168.25036633870488,377.12918842048384
2025-07-14,165.36067502496692,165.48067863727533,162.0108729824689,164.06076049804688,136975800,0.0,0.0,NVDA,-0.005153971450429062,163.18480529785157,154.05881271362304,72.95103355867897,0.2974984602284625,-0.2926020472718277,30353.902,4.33,4.2,322.132,328.656,20802.0,61.7,228000,4.39,1.72,2025-09-15 21:20:38,170.69036865234375,182.0497283935547,0.04040946862717852,0.10964820497538758,0.0074044358867483215,0.021321374834424592,1.3089036,165.27553788068582,167.55876146824647,378.80049597946345
2025-07-15,171.18034650685541,172.39026971263084,169.19045325951484,170.69036865234375,230627400,0.0,0.0,NVDA,0.040409468627178535,165.3246826171875,155.49523162841797,78.31664388127743,0.5609972424220313,0.6837090931390801,30353.902,4.33,4.2,322.132,328.656,20802.0,61.7,228000,4.39,1.72,2025-09-15 21:20:38,171.36033630371094,183.14967346191406,0.0039250466013800375,0.07299360185311331,0.01104960215059325,0.011114877101899219,1.3322549,172.57642931689026,172.5875711223924,398.0934463896265
2025-07-16,171.05035621730414,171.74031976856003,168.89047429804987,171.36033630371094,158831500,0.0,0.0,NVDA,0.0039250466013800445,167.0225860595703,156.82915649414062,78.77485928952035,0.6775366633601241,-0.3113068958848775,30353.902,4.33,4.2,322.132,328.656,20802.0,61.7,228000,4.39,1.72,2025-09-15 21:20:38,172.99024963378906,181.5797576904297,0.009511613744672768,0.05963702923998895,0.013907878881949349,0.015520477945030557,1.3296571,173.74359510619306,174.0199306239657,399.21082032229606
2025-07-17,172.01030913929756,174.15018791751396,170.82037376702192,172.99024963378906,160841100,0.0,0.0,NVDA,0.009511613744672687,168.80248413085937,158.27307586669923,79.8883491542069,0.7555728622212037,0.012652402073895841,30353.902,4.33,4.2,322.132,328.656,20802.0,61.7,228000,4.39,1.72,2025-09-15 21:20:38,172.40028381347656,182.00973510742188,-0.003410399265631592,0.052138692745553994,0.013524950947821128,0.015520477945030557,1.3118961,175.32993427453738,175.67514098793563,399.9354809993929
2025-07-18,173.63021019833226,174.24017641906912,171.2503394915346,172.40028381347656,146456400,0.0,0.0,NVDA,-0.0034103992656315807,170.30039978027344,159.61950073242187,78.28741067667899,0.6619955961975759,-0.08943423042990872,30353.902,4.33,4.2,322.132,328.656,20802.0,61.7,228000,4.39,1.72,2025-09-15 21:20:38,171.37034606933594,180.4398193359375,-0.0059741070104904,0.04663295990370339,0.007366858337892238,0.016188181246983825,1.3423306,173.67033228174287,175.19113085488056,403.81843536142696
2025-07-21,172.7402639749064,173.37023335124513,170.99036260323587,171.37034606933594,123126100,0.0,0.0,NVDA,-0.005974107010490393,171.76231689453124,160.99592361450195,75.44497704833597,0.43617300780789847,-0.1592986035434436,30353.902,4.33,4.2,322.132,328.656,20802.0,61.7,228000,4.39,1.72,2025-09-15 21:20:38,167.0205841064453,181.99972534179688,-0.02538223247288492,0.062025779350181866,0.0072865742676797235,0.015842308289590663,1.3690853,172.61904882324814,174.0852479234602,405.9909697663097
2025-07-22,171.33033873133073,171.38033896465845,164.5707252526767,167.0205841064453,193114300,0.0,0.0,NVDA,-0.025382232472884958,171.02835998535156,162.13885955810548,64.75216575019346,-0.07355794582515252,0.5684270028856595,30353.902,4.33,4.2,322.132,328.656,20802.0,61.7,228000,4.39,1.72,2025-09-15 21:20:38,170.77037048339844,175.63009643554688,0.02245104336698593,0.0515476123806067,0.0007074907611242687,0.010211101375660269,1.3861161,167.1387496266182,168.7260482225782,398.530492714257
2025-07-23,169.52044095634585,171.25033914956657,167.96053134785282,170.77037048339844,154082200,0.0,0.0,NVDA,0.022451043366986,170.91036682128907,163.28279571533204,68.85075849476863,-0.21745431722891517,-0.20211915948223413,30353.902,4.33,4.2,322.132,328.656,20802.0,61.7,228000,4.39,1.72,2025-09-15 21:20:38,173.73020935058594,175.39010620117188,0.017332274087179796,0.027052325908155997,0.01235027117950529,0.009495388650282427,1.4013155,172.879430868293,172.39190152109103,410.07352915814045
2025-07-24,172.43027959809626,173.82020061413024,171.29034448608226,173.73020935058594,128984600,0.0,0.0,NVDA,0.017332274087179744,171.05835876464843,164.2542411804199,71.65270698691334,-0.17442635655493355,-0.16288448633261987,30353.902,4.33,4.2,322.132,328.656,20802.0,61.7,228000,4.39,1.72,2025-09-15 21:20:38,173.49021911621094,174.97012329101562,-0.001381396104178416,0.007137008267385166,0.01281311585042957,0.009495388650282427,1.337079,175.9562346497144,175.37984520866468,406.02123230513826
2025-07-25,173.60021352539138,174.71015156060187,172.9502562716434,173.49021911621094,122316800,0.0,0.0,NVDA,-0.0013813961041784228,171.2763458251953,165.17818908691407,71.09429133142547,-0.22030150758760314,-0.051694543379597224,30353.902,4.33,4.2,322.132,328.656,20802.0,61.7,228000,4.39,1.72,2025-09-15 21:20:38,176.7400360107422,177.97996520996094,0.018731989106281478,0.025878957999024614,0.012521159540679058,0.02126762227668326,1.3030562,175.6625178285124,177.17994356507353,399.55773172874615
2025-07-28,174.0101941822023,176.9900219174052,173.96019394928393,176.7400360107422,140023500,0.0,0.0,NVDA,0.018731989106281377,172.35028381347655,166.12813568115234,74.04420510912594,-0.09628110563710113,0.1447609813206363,30353.902,4.33,4.2,322.132,328.656,20802.0,61.7,228000,4.39,1.72,2025-09-15 21:20:38,175.50009155273438,179.79986572265625,-0.00701563995343109,0.017312600930601187,0.01233087876084565,0.015875123260652445,1.2997764,178.91939596697813,179.54580586750487,406.46259098964947
2025-07-29,177.94996552058157,179.36988356772682,175.01012896550742,175.50009155273438,154077500,0.0,0.0,NVDA,-0.00701563995343113,174.0461853027344,167.00408554077148,71.06428174633513,-0.15858145340723517,0.10036886665452593,30353.902,4.33,4.2,322.132,328.656,20802.0,61.7,228000,4.39,1.72,2025-09-15 21:20:38,179.25990295410156,181.75975036621094,0.021423415612506602,0.03566755298013993,0.0033376524711542133,0.020798357104516833,1.2984762,176.08584986699313,179.15020512872357,403.38278689738945
2025-07-30,176.50004870661488,179.87986313645385,176.03007396904806,179.25990295410156,174312200,0.0,0.0,NVDA,0.021423415612506602,175.744091796875,168.30251235961913,74.42531510868292,-0.014963972478948762,0.13132806542162223,30353.902,4.33,4.2,322.132,328.656,20802.0,61.7,228000,4.39,1.72,2025-09-15 21:20:38,177.85997009277344,181.5897674560547,-0.007809514778586986,0.012997131335888723,0.01030366881028906,0.021259927869787518,1.3180113,181.1069376251052,183.07095556085088,415.52647779385734
2025-07-31,182.88968537366165,183.28967198380855,175.92007699286586,177.85997009277344,221685400,0.0,0.0,NVDA,-0.0078095147785869345,176.5700439453125,169.33345413208008,71.11313305160833,-0.07905857030228614,0.27177214216790335,30353.902,4.33,4.2,322.132,328.656,20802.0,61.7,228000,4.39,1.72,2025-09-15 21:20:38,173.710205078125,180.1598358154297,-0.023331641248358924,0.01293076638580687,0.0033376524711542133,0.02446307029044886,1.3149068,178.453604861473,182.2109710430101,411.72926053955234
2025-08-01,174.08017933113513,176.53003812303805,170.88036283204175,173.710205078125,204529000,0.0,0.0,NVDA,-0.02333164124835896,176.61404113769532,170.0524139404297,62.26701831168008,-0.4452908037482466,-0.07739075284163954,30353.902,4.33,4.3,323.364,329.793,20802.0,61.7,227000,4.26,1.72,2025-09-15 21:20:38,179.98985290527344,174.170166015625,0.03615013766361169,0.0026478636490765506,0.003731118976694988,0.023306347620390116,1.325227,174.3583385207376,177.75875550288504,403.9156628745259
2025-08-04,175.150129411279,180.18983857913796,174.5101661001552,179.98985290527344,148174600,0.0,0.0,NVDA,0.03615013766361175,177.26400451660157,171.14035263061524,68.62699277238968,-0.31510288460823155,-0.27553256506412294,30353.902,4.33,4.3,323.364,329.793,20802.0,61.7,227000,4.26,1.72,2025-09-15 21:20:38,178.24993896484375,170.77037048339844,-0.009666733498278839,-0.051222234326326756,0.01427013933049029,0.017899397773555717,1.3116341,182.55833318430615,183.21156287762872,416.07067509990884
2025-08-05,179.6098628583566,180.24982614601393,175.8900714807458,178.24993896484375,156407600,0.0,0.0,NVDA,-0.009666733498278846,177.81397399902343,172.0533004760742,65.34077967756826,-0.3916646105660071,0.0555628292568362,30353.902,4.33,4.3,323.364,329.793,20802.0,61.7,227000,4.26,1.72,2025-09-15 21:20:38,179.40988159179688,170.61038208007812,0.00650739424478513,-0.042858678825535956,0.003804696354437907,0.019506629843451462,1.2518697,178.92812585780206,181.72699454384878,401.3956327489286
2025-08-06,176.32005948301483,179.88985025482887,176.2400621628547,179.40988159179688,137192300,0.0,0.0,NVDA,0.006507394244785081,177.8439697265625,172.88025360107423,66.49272864649437,-0.407844762068132,-0.1228540045368639,30353.902,4.33,4.3,323.364,329.793,20802.0,61.7,227000,4.26,1.72,2025-09-15 21:20:38,180.7598114013672,171.65032958984375,0.007524277913753637,-0.04325041593644256,0.012505966334378836,0.019572810543907523,1.2196915,181.65357553103877,182.92143721389797,398.23459187088156
2025-08-07,181.5597693442696,183.86963665167795,178.78992126086553,180.7598114013672,151878400,0.0,0.0,NVDA,0.007524277913753652,178.42393798828124,173.71370620727538,67.83267899772383,-0.37227662334756495,0.10704755296033386,30353.902,4.33,4.3,323.364,329.793,20802.0,61.7,227000,4.26,1.72,2025-09-15 21:20:38,182.689697265625,167.01058959960938,0.010676520678441114,-0.07606348831172668,0.012272591912261795,0.019572810543907523,1.202717,182.97820280083357,184.2977889438786,398.1626782901003
2025-08-08,181.5397681998595,183.2896695438941,180.3898238761652,182.689697265625,123396700,0.0,0.0,NVDA,0.01067652067844116,180.21983642578124,174.60265579223633,69.6982932701153,-0.2682782651961748,-0.18752962896633096,30353.902,4.33,4.3,323.364,329.793,20802.0,61.7,227000,4.26,1.72,2025-09-15 21:20:38,182.0497283935547,168.30050659179688,-0.003503037563961903,-0.0787630112107893,0.012564253182962688,0.0177777612383978,1.1944678,184.9850568759891,185.93751108432846,400.90665493073175
2025-08-11,182.0397344504628,183.82962677132744,180.23983292857787,182.0497283935547,138323200,0.0,0.0,NVDA,-0.003503037563961864,180.6318115234375,175.50210418701172,68.2840052633847,-0.29023160219238875,0.12096352657729104,30353.902,4.33,4.3,323.364,329.793,20802.0,61.7,227000,4.26,1.72,2025-09-15 21:20:38,183.14967346191406,170.7503662109375,0.006042003347467326,-0.06206744872582425,0.006114499302332911,0.021752744977869123,1.1856431,183.16287133080698,186.00980970859004,397.89575021631026
2025-08-12,182.94968779347354,184.46959107996432,179.4498851930147,183.14967346191406,145485700,0.0,0.0,NVDA,0.006042003347467295,181.61175842285155,176.12506942749025,69.43210107716978,-0.2782794519645426,0.05178090154073933,30353.902,4.33,4.3,323.364,329.793,20802.0,61.7,227000,4.26,1.72,2025-09-15 21:20:38,181.5797576904297,177.32000732421875,-0.008571763966649052,-0.031830065691640944,0.012272296873212175,0.021085041675915857,1.2003639,185.39734062687052,187.0113919597889,402.99592510024013
2025-08-13,182.60969839497247,183.95962838065756,179.33989375414814,181.5797576904297,179871700,0.0,0.0,NVDA,-0.008571763966649049,182.0457336425781,176.63604049682618,65.77249650292484,-0.4154525770239559,0.2363531261148002,30353.902,4.33,4.3,323.364,329.793,20802.0,61.7,227000,4.26,1.72,2025-09-15 21:20:38,182.00973510742188,177.1699981689453,0.002367981004387307,-0.02428552376968391,0.003571321932320875,0.027722698621855293,1.1992382,182.228237461535,186.61363858871098,399.3371576762511
2025-08-14,179.73985890356857,183.0096786896392,179.44988197821397,182.00973510742188,129554000,0.0,0.0,NVDA,0.0023679810043872873,182.29571838378905,177.0870147705078,66.2964627540164,-0.5103282820794002,-0.27974217178133076,30353.902,4.33,4.3,323.364,329.793,20802.0,61.7,227000,4.26,1.72,2025-09-15 21:20:38,180.4398193359375,177.82000732421875,-0.008625449460479754,-0.023019251034733686,0.012888894268507057,0.027788879322311354,1.2118316,184.35563933906042,187.0675816718079,402.57487809816666
2025-08-15,181.86974661621798,181.88973450248375,178.02995160113952,180.4398193359375,156602200,0.0,0.0,NVDA,-0.008625449460479717,181.84574279785156,177.48899154663087,62.532467667168504,-0.7001846122696875,0.20877935069546294,30353.902,4.33,4.3,323.364,329.793,20802.0,61.7,227000,4.26,1.72,2025-09-15 21:20:38,181.99972534179688,177.75,0.008645020880647128,-0.014907016343935006,0.005054679833518901,0.021160043820442703,1.1912913,181.35188485189866,184.2579338200387,395.3962121026707
2025-08-18,180.58981649127065,182.92968080449612,180.5798072904055,181.99972534179688,132008000,0.0,0.0,NVDA,0.008645020880647225,181.8357421875,178.0204605102539,64.67835247036018,-0.7382865993028478,-0.15704887926223254,30353.902,4.33,4.3,323.364,329.793,20802.0,61.7,227000,4.26,1.72,2025-09-15 21:20:38,175.63009643554688,177.75,-0.034998013839239527,-0.014907016343935006,0.013144921255266185,0.021226224520898763,1.1827601,184.39209739989485,185.86289237464376,397.2617639208329
2025-08-19,182.41970688751834,182.4897102645763,175.48011099603517,175.63009643554688,185229200,0.0,0.0,NVDA,-0.034998013839239506,180.33182678222656,178.450936126709,51.665982798572735,-1.1836362236460403,0.4031664747591055,30353.902,4.33,4.3,323.364,329.793,20802.0,61.7,227000,4.26,1.72,2025-09-15 21:20:38,175.39010620117188,177.75,-0.0013664527848339031,-0.014907016343935006,0.004368216755688125,0.02871363231781279,1.1639655,176.39728676559977,180.67307444853915,380.0574630619885
2025-08-20,175.1601234390134,175.99007848098316,168.79048741289236,175.39010620117188,215142700,0.0,0.0,NVDA,-0.001366452784833938,179.093896484375,178.68192291259766,51.24763700047634,-1.4670178476797506,0.1614945159834411,30353.902,4.33,4.3,323.364,329.793,20802.0,61.7,227000,4.26,1.72,2025-09-15 21:20:38,174.97012329101562,177.75,-0.0023945644326968532,-0.014907016343935006,0.01431341057580025,0.03154776514065083,1.1428119,177.90053680216246,180.92327207960025,375.8279848227685
2025-08-21,174.8401410010552,176.89001313294924,173.80019113380274,174.97012329101562,140040900,0.0,0.0,NVDA,-0.0023945644326968107,177.68597412109375,178.74391860961913,50.477354495864674,-1.6421688156138963,-0.34907900663141256,30353.902,4.33,4.3,323.364,329.793,20802.0,61.7,227000,4.26,1.72,2025-09-15 21:20:38,177.97996520996094,177.75,0.017202033480534572,-0.014907016343935006,0.008332048085742502,0.032466674218477466,1.0649291,176.42798277184465,180.65082128187186,361.3008832016203
2025-08-22,172.60026380920357,178.57992220965232,171.19033968434712,177.97996520996094,172789400,0.0,0.0,NVDA,0.017202033480534507,177.19400329589843,178.96840591430663,55.62502840848121,-1.5176749591142853,0.23384953967019628,30353.902,4.33,4.3,323.364,329.793,20802.0,61.7,227000,4.26,1.72,2025-09-15 21:20:38,179.79986572265625,177.75,0.010225311093573912,-0.014907016343935006,0.012278807612977883,0.0169039420812455,0.99890685,180.16534696173855,180.98852823349222,355.7653717659741
2025-08-25,178.3399565343825,181.89975349617023,176.56005805348863,179.79986572265625,163012800,0.0,0.0,NVDA,0.010225311093573941,176.7540313720703,179.12139739990235,58.43816336023684,-1.2843758978194026,-0.056581017122578126,30353.902,4.33,4.3,323.364,329.793,20802.0,61.7,227000,4.26,1.72,2025-09-15 21:20:38,181.75975036621094,177.75,0.010900367670896019,-0.014907016343935006,0.013772059605270084,0.020081996021666243,0.9690297,182.27608019040824,183.41060591079477,354.03126936971967
2025-08-26,180.04984011627135,182.379710508586,178.79991063056144,181.75975036621094,168688200,0.0,0.0,NVDA,0.010900367670896083,177.97996215820314,179.43438034057618,61.284613763135475,-0.9832489516908378,0.03481567091663962,30353.902,4.33,4.3,323.364,329.793,20802.0,61.7,227000,4.26,1.72,2025-09-15 21:20:38,181.5897674560547,177.75,-0.0009352065559826481,-0.014907016343935006,0.013548505869224878,0.016614881847541195,0.95690995,184.2223234108364,184.7796671431841,355.6874539940509
2025-08-27,181.96973565618129,182.47971666734583,179.0899084065932,181.5897674560547,235518900,0.0,0.0,NVDA,-0.0009352065559826706,179.2198944091797,179.55087356567384,60.8950751673406,-0.7890765217648652,0.3961788672829516,30353.902,4.33,4.3,323.364,329.793,20802.0,61.7,227000,4.26,1.72,2025-09-15 21:20:38,180.1598358154297,177.75,-0.007874516613228485,-0.014907016343935006,0.012094982481871245,0.01496929915910602,0.97337127,183.78609251232274,184.30803900933685,358.3440295368673
2025-08-28,180.80980830742462,184.45959632874283,176.40005338826177,180.1598358154297,281787800,0.0,0.0,NVDA,-0.007874516613228466,180.2578369140625,179.66586685180664,57.57948013913956,-0.7507284696745131,0.1964551464871822,30353.902,4.33,4.3,323.364,329.793,20802.0,61.7,227000,4.26,1.72,2025-09-15 21:20:38,174.170166015625,177.75,-0.033246421283048846,-0.014907016343935006,0.0056898485408515085,0.0168916958846677,0.99647367,181.18491799436413,183.20304097265557,359.684368598073
2025-08-29,178.099952232122,178.13994326196564,173.14022534545884,174.170166015625,243257900,0.0,0.0,NVDA,-0.03324642128304889,179.49587707519532,179.68886489868163,46.225813047820246,-1.1013391619493977,-0.13673374077940914,30353.902,4.33,4.3,323.364,329.793,20802.0,61.7,227000,4.26,1.72,2025-09-15 21:20:38,170.77037048339844,177.75,-0.019519964928560514,-0.014907016343935006,0.007516497112089054,0.05810881163546826,1.0060761,175.47931556549352,184.29098738514517,349.3986069395323
2025-09-02,169.99041567915194,172.37028638119727,167.2105736316213,170.77037048339844,231164900,0.0,0.0,NVDA,-0.019519964928560563,177.68997802734376,179.2278907775879,41.253445287097115,-1.509572167897114,-0.049712671202045255,30353.902,4.33,4.3,323.364,329.793,20802.0,61.7,263000,4.26,1.72,2025-09-15 21:20:38,170.61038208007812,177.75,-0.0009368627758283507,-0.014907016343935006,0.005018386206536002,0.08586389674698088,0.9750023,171.62736215511737,185.43337994202864,337.2718725670711
2025-09-03,171.0503597309562,172.40028977270214,168.8704898798795,170.61038208007812,164424900,0.0,0.0,NVDA,-0.0009368627758283843,175.4601043701172,178.8459129333496,41.02978016712718,-1.7223239324681305,-0.2887116512930813,30353.902,4.33,4.3,323.364,329.793,20802.0,61.7,263000,4.26,1.72,2025-09-15 21:20:38,171.65032958984375,177.75,0.006095452674606359,-0.014907016343935006,0.016496161002257145,0.09239896575518072,0.9430548,173.4247984115277,186.37460493137357,331.50532102272336
2025-09-04,170.56039467979372,171.85031526705663,169.40045639085815,171.65032958984375,141670100,0.0,0.0,NVDA,0.0060954526746064275,173.472216796875,178.45793533325195,43.18603810789285,-1.7208964116543044,-0.13839023164982922,30353.902,4.33,4.3,323.364,329.793,20802.0,61.7,263000,4.26,1.72,2025-09-15 21:20:38,167.01058959960938,177.75,-0.027030183986951693,-0.014907016343935006,0.016113233068128917,0.08701858121154532,0.9128141,174.41617135674605,186.5870977352461,328.33517763001146
2025-09-05,168.02052717453523,169.02047080600087,164.06075893837155,167.01058959960938,224441400,0.0,0.0,NVDA,-0.027030183986951672,170.84236755371094,177.77047424316407,36.73265822963079,-1.9438424135441403,0.5842538404363378,30353.902,4.33,4.3,323.364,329.793,20802.0,61.7,263000,4.26,1.72,2025-09-15 21:20:38,168.30050659179688,177.75,0.007723564088241007,-0.014907016343935006,0.008183514798447,0.09385685402520164,0.8719673,168.37732323109515,182.68567812832276,312.6383651018841
2025-09-08,167.5405549408978,170.95036631358883,167.34056927044318,168.30050659179688,163769100,0.0,0.0,NVDA,0.007723564088240931,169.6684356689453,177.05101470947267,39.44202628371476,-1.912886928889663,-0.27032579550831526,30353.902,4.33,4.3,323.364,329.793,20802.0,61.7,263000,4.26,1.72,2025-09-15 21:20:38,170.7503662109375,177.75,0.01455646016017419,-0.014907016343935006,0.014947144674688306,0.09846480310787703,0.83973384,170.81611861264778,184.8721828363141,309.62813710366754
2025-09-09,169.08046220477644,170.97035502688004,166.7306038641957,170.7503662109375,157548400,0.0,0.0,NVDA,0.0145564601601742,169.66443481445313,176.4860466003418,44.31909446051693,-1.6460289641526749,-0.03798457706612546,30353.902,4.33,4.3,323.364,329.793,20802.0,61.7,263000,4.26,1.72,2025-09-15 21:20:38,177.32000732421875,177.75,0.038475121658980246,-0.014907016343935006,0.014324494384616556,0.09017478487699206,0.81395715,173.1962788728973,186.1477437516764,309.73385864216834
2025-09-10,176.63004377208136,179.2798883121013,175.46011154547278,177.32000732421875,226852000,0.0,0.0,NVDA,0.03847512165898026,171.00635986328126,176.19456329345704,54.82573190228774,-0.9786345672017983,0.4398876789608781,30353.902,4.33,4.3,323.364,329.793,20802.0,61.7,263000,4.26,1.72,2025-09-15 21:20:38,177.1699981689453,177.75,-0.0008459798617036766,-0.014907016343935006,0.009333492222787704,0.030860546072101192,0.7785351,178.975022233524,182.79219957975312,315.36986185946444
2025-09-11,179.67999267578125,180.27999877929688,176.47999572753906,177.1699981689453,151159300,0.01,0.0,NVDA,-0.0008459798617036496,172.11029357910155,175.9740753173828,54.57251526863372,-0.5217794869993699,-0.3336655616877965,30353.902,4.33,4.3,323.364,329.793,20802.0,61.7,263000,4.26,1.72,2025-09-15 21:20:38,177.82000732421875,177.75,0.0036688443979866355,-0.014907016343935006,0.013918089161815623,0.031307319099447124,0.73801994,179.6358660002594,182.71671583646892,307.9249901609437
2025-09-12,177.77000427246094,178.60000610351562,176.4499969482422,177.82000732421875,124618700,0.0,0.0,NVDA,0.003668844397986648,174.27217712402344,175.76458892822265,55.53092730150119,-0.1685909293454804,-0.17558033147811614,30353.902,4.33,4.3,323.364,329.793,20802.0,61.7,263000,4.26,1.72,2025-09-15 21:20:38,177.75,177.75,-0.00039369767931178763,-0.014907016343935006,0.013535161227687402,0.03085845351382494,0.7191548,180.22682979286063,183.30725775406117,305.70012530623353
2025-09-15,175.66000366210938,178.85000610351562,174.50999450683594,177.75,145296001,0.0,0.0,NVDA,-0.00039369767931174415,176.16207580566407,175.63009796142578,55.395372239515645,0.055541215719645876,0.16592454422971836,30353.902,4.33,4.3,323.364,329.793,20802.0,61.7,263000,4.26,1.72,2025-09-15 21:20:38,177.75,177.75,-0.00039369767931178763,-0.014907016343935006,0.013555333379718667,0.026144008581506464,0.7503183,180.159460508245,182.3970975253628,311.11907583475113
2025-05-01,32.150001525878906,33.779998779296875,31.149999618530273,32.72999954223633,55087500,0.0,0.0,SMCI,0.02730693393653283,34.86600036621094,33.176000118255615,45.8930690134098,0.34453077911922314,-0.4392016736146105,30353.902,4.33,4.2,320.58,326.854,20617.5,52.2,229000,4.42,1.72,2025-09-15 21:20:38,33.709999084472656,40.02000045776367,0.02994193571471612,0.2227314701339969,0.017012036023066748,0.011025129485320846,0.4545707,33.286803473483815,33.090852025243976,47.608100644880324
2025-05-02,32.939998626708984,34.130001068115234,32.689998626708984,33.709999084472656,45306800,0.0,0.0,SMCI,0.02994193571471615,34.31399993896484,33.24550008773804,48.08077153975255,0.31192892640715275,-0.17754844565464034,30353.902,4.33,4.2,320.58,326.854,20617.5,52.2,229000,4.42,1.72,2025-09-15 21:20:38,32.16999816894531,41.20000076293945,-0.04568380176066786,0.22218931717256576,0.0009478519341355037,0.004575923675650977,0.3400244,33.74195117230458,33.86425346738947,45.1722237001195
2025-05-05,33.099998474121094,33.4900016784668,32.119998931884766,32.16999816894531,33477400,0.0,0.0,SMCI,-0.045683801760667886,33.29399948120117,33.36300001144409,45.00153876197612,0.18606395885611637,-0.2610954646984559,30353.902,4.33,4.2,320.58,326.854,20617.5,52.2,229000,4.42,1.72,2025-09-15 21:20:38,32.939998626708984,43.189998626708984,0.02393535907959662,0.34255520935657424,0.002266064889536695,0.01347712317393075,0.32935914,32.24289747229242,32.603557196773316,42.76548218620337
2025-05-06,31.719999313354492,33.34000015258789,31.520000457763672,32.939998626708984,44675900,0.0,0.0,SMCI,0.02393535907959654,32.68199920654297,33.35999994277954,46.83491783627404,0.15533634097174587,0.33450925101710416,30353.902,4.33,4.2,320.58,326.854,20617.5,52.2,229000,4.42,1.72,2025-09-15 21:20:38,32.47999954223633,44.130001068115234,-0.013964757245000969,0.3397086492994865,0.00913928234438819,-0.006417344327208681,0.34634933,33.241046574582235,32.72861131338361,44.34874602199261
2025-05-07,31.100000381469727,32.970001220703125,30.540000915527344,32.47999954223633,58448500,0.0,0.0,SMCI,-0.013964757245001014,32.805998992919925,33.398499965667725,45.85157123474119,0.10700002302147804,0.3082780649074781,30353.902,4.33,4.2,320.58,326.854,20617.5,52.2,229000,4.42,1.72,2025-09-15 21:20:38,32.11000061035156,40.77000045776367,-0.011391592890992088,0.2552340219323955,-0.0131274993877314,0.010337012699868508,0.34395173,32.053618368132106,32.81574570999615,43.65155066957777
2025-05-08,32.93000030517578,33.189998626708984,31.950000762939453,32.11000061035156,42736600,0.0,0.0,SMCI,-0.01139159289099212,32.68199920654297,33.16850004196167,45.03255662528771,0.055660507451086194,-0.2688161372832494,30353.902,4.33,4.2,320.58,326.854,20617.5,52.2,229000,4.42,1.72,2025-09-15 21:20:38,31.989999771118164,41.54999923706055,-0.003737179599888042,0.2939893630417975,0.001731288781339031,0.021792517909989203,0.36488694,32.16559229417705,32.80975837374241,43.82652237513321
2025-05-09,32.130001068115234,32.84000015258789,31.200000762939453,31.989999771118164,31459200,0.0,0.0,SMCI,-0.003737179599888063,32.33799934387207,33.08400001525879,44.753346324393995,0.020957380711177587,-0.263881544156531,30353.902,4.33,4.2,320.58,326.854,20617.5,52.2,229000,4.42,1.72,2025-09-15 21:20:38,33.52000045776367,43.119998931884766,0.04782746788347441,0.3479212016379945,0.006391997335609751,0.02071701329848051,0.38215336,32.1944797644213,32.652737021794806,44.21508668855017
2025-05-12,33.88999938964844,35.06999969482422,32.95000076293945,33.52000045776367,51333900,0.0,0.0,SMCI,0.04782746788347447,32.60799980163574,33.10249996185303,49.08765612572122,0.10375229200498981,0.6317611382361916,30353.902,4.33,4.2,320.58,326.854,20617.5,52.2,229000,4.42,1.72,2025-09-15 21:20:38,38.88999938964844,42.90999984741211,0.1602028299090015,0.2801312428822951,0.001773552871510332,-0.008142950764191918,0.38855076,33.57944995082857,33.24704874442041,46.54422205591618
2025-05-13,34.459999084472656,39.099998474121094,34.18000030517578,38.88999938964844,96752000,0.0,0.0,SMCI,0.16020282990900148,33.797999954223634,33.390999984741214,60.73210317741824,0.5006756957756457,0.8847584150045096,30353.902,4.33,4.2,320.58,326.854,20617.5,52.2,229000,4.42,1.72,2025-09-15 21:20:38,45.0,43.209999084472656,0.15710981502298235,0.11108253439505315,0.18689151353317257,-0.07819135754620472,0.35791412,46.15821023688399,35.849137542400754,52.809278137383444
2025-05-14,45.93000030517578,46.56999969482422,43.08000183105469,45.0,169224100,0.0,0.0,SMCI,0.15710981502298238,36.30200004577637,33.967000007629395,69.32797554819126,1.1197654093940497,0.7490501488341326,30353.902,4.33,4.2,320.58,326.854,20617.5,52.2,229000,4.42,1.72,2025-09-15 21:20:38,43.959999084472656,43.36000061035156,-0.023111131456163194,-0.03644443088107639,0.07568661314792487,-0.1000572257691955,0.2691267,48.40589759165662,40.4974248403862,57.11069941520691
2025-05-15,44.04999923706055,45.380001068115234,41.40999984741211,43.959999084472656,87035100,0.0,0.0,SMCI,-0.02311113145616317,38.67199974060058,34.57049999237061,66.65341831524825,1.3868023906156461,-0.48568141299023015,30353.902,4.33,4.2,320.58,326.854,20617.5,52.2,229000,4.42,1.72,2025-09-15 21:20:38,46.150001525878906,41.560001373291016,0.04981807295304955,-0.05459503551330502,-0.009019335746044762,-0.07711192234855306,0.20839475,43.56350909333398,40.57015904862834,53.121032800618195
2025-05-16,45.5,47.79999923706055,45.029998779296875,46.150001525878906,99288900,0.0,0.0,SMCI,0.04981807295304952,41.50400009155273,35.302500057220456,69.33608400321341,1.6221514849456442,0.14079147378471446,30353.902,4.33,4.2,320.58,326.854,20617.5,52.2,229000,4.42,1.72,2025-09-15 21:20:38,44.790000915527344,43.689998626708984,-0.029469134677903176,-0.053304503094988194,-0.005470178103293391,-0.10308965812946232,0.27150938,45.897552798065085,41.39241364590188,58.68016116324907
2025-05-19,44.22999954223633,46.40999984741211,44.13999938964844,44.790000915527344,45618300,0.0,0.0,SMCI,-0.02946913467790313,43.758000183105466,36.06650009155273,65.79615203165002,1.5950517245771811,-0.5405498499832307,30353.902,4.33,4.2,320.58,326.854,20617.5,52.2,229000,4.42,1.72,2025-09-15 21:20:38,42.77000045776367,43.11000061035156,-0.04509936183241735,-0.037508378451347066,-0.007124203050671137,-0.08886758872204842,0.29959154,44.47090785436538,40.809621535306086,58.208706324203376
2025-05-20,44.790000915527344,44.83000183105469,42.400001525878906,42.77000045776367,43284200,0.0,0.0,SMCI,-0.04509936183241736,44.534000396728516,36.676000118255615,60.82862061355748,1.3591196268737569,-0.051165869837324074,30353.902,4.33,4.2,320.58,326.854,20617.5,52.2,229000,4.42,1.72,2025-09-15 21:20:38,41.650001525878906,44.470001220703125,-0.02618655412432809,0.039747503968774606,-0.0025402127122435758,-0.060229095435936825,0.4511761,42.661355558898194,40.19400201839796,62.06680530697304
2025-05-21,43.529998779296875,44.33000183105469,41.22999954223633,41.650001525878906,54954000,0.0,0.0,SMCI,-0.026186554124328132,43.864000701904295,37.113500118255615,58.20470974189055,1.059001702567031,0.2696087717920166,30353.902,4.33,4.2,320.58,326.854,20617.5,52.2,229000,4.42,1.72,2025-09-15 21:20:38,41.31999969482422,45.31999969482422,-0.007923212940331908,0.08811519890737549,0.009431221620195997,-0.05508128720682984,0.6114348,42.04281192075097,39.35586582966707,67.11626259998866
2025-05-22,41.689998626708984,42.439998626708984,41.18000030517578,41.31999969482422,30515100,0.0,0.0,SMCI,-0.007923212940331936,43.33600082397461,37.38900003433228,57.41878933357875,0.7823881134484965,-0.44471558030352654,30353.902,4.33,4.2,320.58,326.854,20617.5,52.2,229000,4.42,1.72,2025-09-15 21:20:38,40.09000015258789,40.88999938964844,-0.02976765613070416,-0.010406590231162163,0.023563228882413356,-0.04954713537104126,0.65321714,42.29363230505461,39.27271207641338,68.31092912766508
2025-05-23,39.77000045776367,40.47999954223633,39.11000061035156,40.09000015258789,37900700,0.0,0.0,SMCI,-0.0297676561307042,42.124000549316406,37.56999998092651,54.466730370796725,0.4757881555549077,0.24203099449125198,30353.902,4.33,4.2,320.58,326.854,20617.5,52.2,229000,4.42,1.72,2025-09-15 21:20:38,41.56999969482422,42.84000015258789,0.03691692533308188,0.06859565950444332,0.019176373926073485,-0.04517772380541653,0.6267372,40.85878098621026,38.27882519833517,65.2158912995128
2025-05-27,41.40999984741211,43.09000015258789,40.810001373291016,41.56999969482422,40092300,0.0,0.0,SMCI,0.036916925333081885,41.48000030517578,37.78499994277954,57.310739232998706,0.33832719214130846,0.057824789515760866,30353.902,4.33,4.2,320.58,326.854,20617.5,52.2,229000,4.42,1.72,2025-09-15 21:20:38,41.959999084472656,46.61000061035156,0.009381751082788567,0.12124130268287835,0.030433464803648565,-0.04918515138988264,0.6643388,42.83511881742434,39.525372966556915,69.18656453601034
2025-05-28,41.93000030517578,42.939998626708984,40.95000076293945,41.959999084472656,39353300,0.0,0.0,SMCI,0.009381751082788492,41.31800003051758,38.08299989700318,58.05423290931896,0.24375282514003072,-0.018432467082207804,30353.902,4.33,4.2,320.58,326.854,20617.5,52.2,229000,4.42,1.72,2025-09-15 21:20:38,41.150001525878906,49.27000045776367,-0.019304041379102185,0.1742135732313705,0.029933644533858668,-0.04888381093880079,0.5532941,43.216014781708296,39.90883442223504,65.17622244724043
2025-05-29,43.16999816894531,43.970001220703125,41.040000915527344,41.150001525878906,35885100,0.0,0.0,SMCI,-0.019304041379102133,41.21800003051758,38.54749994277954,55.87752443662029,0.10388012669372038,-0.0881298391748595,30353.902,4.33,4.2,320.58,326.854,20617.5,52.2,229000,4.42,1.72,2025-09-15 21:20:38,40.02000045776367,47.58000183105469,-0.027460535266434577,0.15625759578968682,0.021353643712293348,-0.013385257265244125,0.5828122,42.028703997222856,40.59919816898983,65.13272403597784
2025-05-30,40.709999084472656,40.93000030517578,39.04999923706055,40.02000045776367,34887500,0.0,0.0,SMCI,-0.02746053526643455,40.95800018310547,38.911999988555905,52.89774990913471,-0.07771097055922138,-0.027799838930363863,30353.902,4.33,4.2,320.58,326.854,20617.5,52.2,229000,4.42,1.72,2025-09-15 21:20:38,41.20000076293945,49.0099983215332,0.02948526465963264,0.22463762521085925,0.030694937675444803,-0.019323647055204122,0.6584271,41.248411877586,39.24666809376874,66.37025407175543
2025-06-02,39.650001525878906,41.2400016784668,39.5099983215332,41.20000076293945,25940400,0.0,0.0,SMCI,0.029485264659632637,41.18000030517578,39.28650007247925,55.56265819485879,-0.1283350365011624,-0.2564557506270154,30353.902,4.33,4.1,321.5,327.6,20693.1,60.7,250000,4.38,1.72,2025-09-15 21:20:38,43.189998626708984,47.20000076293945,0.048300918129098425,0.14563106526437658,0.007333384162098607,-0.10329103776441528,0.6742172,41.50213619601284,36.94440992824074,68.97775091111544
2025-06-03,41.33000183105469,43.900001525878906,41.130001068115234,43.189998626708984,41728700,0.0,0.0,SMCI,0.048300918129098536,41.50400009155273,39.83750009536743,59.70327930717241,-0.042233053886263416,0.608637492097269,30353.902,4.33,4.1,321.5,327.6,20693.1,60.7,250000,4.38,1.72,2025-09-15 21:20:38,44.130001068115234,48.7400016784668,0.021764354510188526,0.12850204279297323,0.003717811002559133,-0.11648761210202378,0.7115574,43.35057087880387,38.15889881999397,73.92216125045525
2025-06-04,43.93000030517578,44.720001220703125,42.880001068115234,44.130001068115234,31201600,0.0,0.0,SMCI,0.021764354510188433,41.93800048828125,40.39700021743774,61.52690458913117,0.0581405617330919,-0.2522748132580215,30353.902,4.33,4.1,321.5,327.6,20693.1,60.7,250000,4.38,1.72,2025-09-15 21:20:38,40.77000045776367,48.560001373291016,-0.07613869315718705,0.10038522995587555,0.0058852683688589945,-0.12483245801297607,0.7349727,44.38971796751913,38.621144562667155,76.56434778277344
2025-06-05,43.59000015258789,44.18000030517578,40.34000015258789,40.77000045776367,40439400,0.0,0.0,SMCI,-0.07613869315718702,41.8620002746582,40.811500263214114,52.398769730226135,-0.11235105363096398,0.2960681503512641,30353.902,4.33,4.1,321.5,327.6,20693.1,60.7,250000,4.38,1.72,2025-09-15 21:20:38,41.54999923706055,47.11000061035156,0.019131684339933404,0.15550650187399223,-0.023465651036760654,-0.09531088236369062,0.8228922,39.813305854253215,36.88417574016615,74.3193153810389
2025-06-06,42.040000915527344,42.41999816894531,41.38999938964844,41.54999923706055,25509600,0.0,0.0,SMCI,0.019131684339933397,42.168000030517575,41.28350019454956,54.10115551309737,-0.1792171360110424,-0.36918945384946367,30353.902,4.33,4.1,321.5,327.6,20693.1,60.7,250000,4.38,1.72,2025-09-15 21:20:38,43.119998931884766,49.11000061035156,0.037785793589710986,0.18194949487623258,0.006551789662846838,-0.11080339017525193,1.1025088,41.822226092553215,36.94611845981511,87.35923834370897
2025-06-09,42.2400016784668,43.369998931884766,41.880001068115234,43.119998931884766,27406300,0.0,0.0,SMCI,0.037785793589711014,42.55199966430664,41.84000015258789,57.403370691221276,-0.12680302639997376,0.07435240066484772,30353.902,4.33,4.1,321.5,327.6,20693.1,60.7,250000,4.38,1.72,2025-09-15 21:20:38,42.90999984741211,50.02000045776367,-0.004870108758684917,0.1600185922262802,0.005204663145149893,-0.11513688222674816,1.056823,43.344424001144446,38.15529669324685,88.69020621906111
2025-06-10,43.189998626708984,43.650001525878906,42.34000015258789,42.90999984741211,21494900,0.0,0.0,SMCI,-0.004870108758684877,42.49599990844727,42.30950012207031,56.81457329201993,-0.11568039147245313,-0.21569493145736562,30353.902,4.33,4.1,321.5,327.6,20693.1,60.7,250000,4.38,1.72,2025-09-15 21:20:38,43.209999084472656,50.36000061035156,0.0069913595461977085,0.17361922138036923,0.007119194888752682,-0.11455165389446907,1.027404,43.21548449900219,37.99458839627964,86.9958980995325
2025-06-11,43.650001525878906,44.54999923706055,42.779998779296875,43.209999084472656,34008900,0.0,0.0,SMCI,0.006991359546197673,42.31199951171875,42.52550010681152,57.48546641405298,-0.09821095938687097,0.5821846112333624,30353.902,4.33,4.1,321.5,327.6,20693.1,60.7,250000,4.38,1.72,2025-09-15 21:20:38,43.36000061035156,49.2400016784668,0.003471454039738888,0.13955109284325345,0.0039034833065639133,-0.11216169414602074,1.1130497,43.37866859457554,38.3634923831102,91.30487757107949
2025-06-12,42.650001525878906,44.08000183105469,42.31999969482422,43.36000061035156,24671700,0.0,0.0,SMCI,0.0034714540397389193,42.82999954223633,42.4435001373291,57.838158653851224,-0.08702791516044717,-0.27455166147684873,30353.902,4.33,4.1,321.5,327.6,20693.1,60.7,250000,4.38,1.72,2025-09-15 21:20:38,41.560001373291016,49.72999954223633,-0.04151289694933315,0.14690956739433306,0.006671448324383726,-0.11640651303573522,1.1549913,43.64927461376877,38.312614134073186,93.44041757506784
2025-06-13,42.029998779296875,42.470001220703125,40.7400016784668,41.560001373291016,36493500,0.0,0.0,SMCI,-0.04151289694933313,42.831999969482425,42.32350025177002,52.23792985545517,-0.20461742962488594,0.4791643867264923,30353.902,4.33,4.1,321.5,327.6,20693.1,60.7,250000,4.38,1.72,2025-09-15 21:20:38,43.689998626708984,53.16999816894531,0.05125113529921187,0.27935506284933825,0.007690484452464991,-0.10745039006580488,1.1742585,41.879617917696734,37.09436301459551,90.36218502133579
2025-06-16,42.279998779296875,44.41999816894531,42.06999969482422,43.689998626708984,33860900,0.0,0.0,SMCI,0.05125113529921177,42.94599990844726,42.200500106811525,57.484011003134924,-0.1454852931361219,-0.072138874046063,30353.902,4.33,4.1,321.5,327.6,20693.1,60.7,250000,4.38,1.72,2025-09-15 21:20:38,43.11000061035156,53.220001220703125,-0.013275304064735127,0.21812778424232243,0.009214373217553633,-0.11513688222674816,1.237611,44.09257457992989,38.6596684003388,97.76122393640526
2025-06-17,43.2400016784668,44.220001220703125,42.90999984741211,43.11000061035156,20761000,0.0,0.0,SMCI,-0.013275304064735094,42.986000061035156,42.11650009155274,55.69025560368246,-0.15130123046545507,-0.3868739460557753,30353.902,4.33,4.1,321.5,327.6,20693.1,60.7,250000,4.38,1.72,2025-09-15 21:20:38,44.470001220703125,52.75,0.0315472185362252,0.223613993346446,0.0106634356504399,-0.11128792837001232,1.142643,43.569701327750465,38.31237795039557,92.36933995370055
2025-06-18,43.06999969482422,45.66999816894531,42.790000915527344,44.470001220703125,40654600,0.0,0.0,SMCI,0.03154721853622511,43.23800048828125,42.20150012969971,58.92673373257519,-0.07336945489013136,0.9582197389335774,30353.902,4.33,4.1,321.5,327.6,20693.1,60.7,250000,4.38,1.72,2025-09-15 21:20:38,45.31999969482422,51.77000045776367,0.019113974607344396,0.16415558886159898,0.010508986361227107,-0.12723067118770495,1.2088113,44.93733585701525,38.812053117675006,98.22584045627445
2025-06-20,45.70000076293945,46.18000030517578,44.13999938964844,45.31999969482422,51588500,0.0,0.0,SMCI,0.01911397460734432,43.630000305175784,42.38500003814697,60.85139137871625,0.020588531171769953,0.26894619551047105,30353.902,4.33,4.1,321.5,327.6,20693.1,60.7,250000,4.38,1.72,2025-09-15 21:20:38,40.88999938964844,51.5,-0.09774934543262388,0.136363644015681,0.010360333764563526,-0.13634744867036672,1.169271,45.789530017872515,39.14073336269314,98.3113607080777
2025-06-23,43.470001220703125,43.599998474121094,40.779998779296875,40.88999938964844,69270800,0.0,0.0,SMCI,-0.09774934543262392,43.49599990844727,42.36350002288818,48.179837533436,-0.21733810988223312,0.3427566221153939,30353.902,4.33,4.1,321.5,327.6,20693.1,60.7,250000,4.38,1.72,2025-09-15 21:20:38,42.84000015258789,49.86000061035156,0.04768894086687387,0.21936907201260408,-0.03187638169882471,-0.09294629809340768,1.1468556,39.586574161439295,37.089425317338915,87.7849238762974
2025-06-24,41.38999938964844,43.150001525878906,41.060001373291016,42.84000015258789,58068400,0.0,0.0,SMCI,0.04768894086687392,43.32600021362305,42.501000022888185,52.8355860287122,-0.2431589770228857,-0.161718934962495,30353.902,4.33,4.1,321.5,327.6,20693.1,60.7,250000,4.38,1.72,2025-09-15 21:20:38,46.61000061035156,51.70000076293945,0.08800187778561276,0.20681607326783227,0.009832384044519839,-0.10992682185413949,1.2376205,43.26121948655542,38.130735087583055,95.85965629388738
2025-06-25,43.34000015258789,46.93000030517578,43.119998931884766,46.61000061035156,86439500,0.0,0.0,SMCI,0.08800187778561286,44.02600021362305,42.75300006866455,60.26789305787372,-0.017980144556695832,0.48858070826818034,30353.902,4.33,4.1,321.5,327.6,20693.1,60.7,250000,4.38,1.72,2025-09-15 21:20:38,49.27000045776367,52.52000045776367,0.057069294412782155,0.12679681978162352,0.05699254657949929,-0.1460627704867324,1.179877,49.26642324120752,39.80201478881532,101.60407029401904
2025-06-26,47.060001373291016,49.52000045776367,46.06999969482422,49.27000045776367,72397600,0.0,0.0,SMCI,0.05706929441278219,44.986000061035156,43.1185001373291,64.51662221212688,0.2819195250602029,-0.16244772355231119,30353.902,4.33,4.1,321.5,327.6,20693.1,60.7,250000,4.38,1.72,2025-09-15 21:20:38,47.58000183105469,54.470001220703125,-0.03430076336527991,0.10554091160192121,-0.09710428334338692,-0.17076753638034245,1.0183886,44.48567237298418,40.856283862133026,99.44601454622898
2025-06-27,49.47999954223633,49.970001220703125,46.86000061035156,47.58000183105469,53757300,0.0,0.0,SMCI,-0.034300763365279874,45.43800048828125,43.44000015258789,60.11804968429871,0.3346822397250939,-0.25747124214062345,30353.902,4.33,4.1,321.5,327.6,20693.1,60.7,250000,4.38,1.72,2025-09-15 21:20:38,49.0099983215332,60.04999923706055,0.030054569891697237,0.2620848450213152,-0.08986788525228254,-0.17357881076345655,0.98736644,43.30408768619807,39.32112169709713,94.55889875482899
2025-06-30,48.70000076293945,50.54999923706055,48.22999954223633,49.0099983215332,49238000,0.0,0.0,SMCI,0.03005456989169719,47.0620002746582,43.889500045776366,62.4508296896965,0.4281263811533591,-0.0840685823134718,30353.902,4.33,4.1,321.5,327.6,20693.1,60.7,250000,4.38,1.72,2025-09-15 21:20:38,47.20000076293945,58.630001068115234,-0.03693118997309786,0.196286534912109,-0.08908941182643801,-0.1730930716663746,1.1576054,44.643726397453094,40.52670716969516,105.74423750411461
2025-07-01,48.2400016784668,48.66999816894531,46.369998931884766,47.20000076293945,42243100,0.0,0.0,SMCI,-0.036931189973097855,47.934000396728514,44.18950004577637,57.839269354126856,0.33442571882527306,-0.14206304074089116,30353.902,4.33,4.2,322.132,328.656,20802.0,61.7,228000,4.39,1.72,2025-09-15 21:20:38,48.7400016784668,60.709999084472656,0.032627137513449436,0.2862287733719911,-0.0900738074618793,-0.15028517401153546,1.1303271,42.948516982017885,40.10654043493649,100.5514466326349
2025-07-02,47.189998626708984,48.880001068115234,47.06999969482422,48.7400016784668,27703100,0.0,0.0,SMCI,0.03262713751344948,48.36000061035156,44.46700019836426,60.511119967474436,0.34136511520286517,-0.34419822408866774,30353.902,4.33,4.2,322.132,328.656,20802.0,61.7,228000,4.39,1.72,2025-09-15 21:20:38,48.560001373291016,58.970001220703125,-0.0036930713782741807,0.2098891914227388,-0.08863029791322588,-0.15454489950898503,1.2351722,44.420160809413154,41.20748301700038,108.9423002757103
2025-07-03,49.22999954223633,49.630001068115234,48.41999816894531,48.560001373291016,18665600,0.0,0.0,SMCI,-0.0036930713782741265,48.21800079345703,44.688500213623044,60.03224123801717,0.3004754762129007,-0.3262270287440756,30353.902,4.33,4.2,322.132,328.656,20802.0,61.7,228000,4.39,1.72,2025-09-15 21:20:38,47.11000061035156,56.63999938964844,-0.029859981917895555,0.1663920467020741,-0.09050841534641023,-0.15525771465423038,1.2305733,44.164912599774944,41.02068653646756,108.31663655474222
2025-07-07,48.22999954223633,48.349998474121094,46.220001220703125,47.11000061035156,33006700,0.0,0.0,SMCI,-0.029859981917895517,48.124000549316406,45.00550022125244,56.175529301594544,0.15001772024765914,0.7683171181210355,30353.902,4.33,4.2,322.132,328.656,20802.0,61.7,228000,4.39,1.72,2025-09-15 21:20:38,49.11000061035156,58.22999954223633,0.042453830908262324,0.23604327717714674,-0.09552274577549327,-0.1401438265009921,1.2394273,42.60992399856562,40.50782485835282,105.49942279408788
2025-07-08,47.439998626708984,49.2599983215332,47.36000061035156,49.11000061035156,29002600,0.0,0.0,SMCI,0.04245383090826227,48.14400100708008,45.383500289916995,59.99331590431823,0.15860110356687618,-0.12131173367831383,30353.902,4.33,4.2,322.132,328.656,20802.0,61.7,228000,4.39,1.72,2025-09-15 21:20:38,50.02000045776367,57.2599983215332,0.018529827654294444,0.16595393219082466,-0.09461189328207674,-0.14721688408997044,1.2744994,44.46361047352226,41.88017934283906,111.70066772525752
2025-07-09,48.75,50.20000076293945,48.369998931884766,50.02000045776367,35063600,0.0,0.0,SMCI,0.01852982765429445,48.70800094604492,45.72850036621094,61.63114946516148,0.19649568941794882,0.20898126374876735,30353.902,4.33,4.2,322.132,328.656,20802.0,61.7,228000,4.39,1.72,2025-09-15 21:20:38,50.36000061035156,46.790000915527344,0.00679728407589646,-0.06457416058929674,-0.09388106912062506,-0.13797382701292274,1.2308321,45.32406933737466,43.11854956741787,111.58622265891972
2025-07-10,50.79999923706055,51.70000076293945,49.68000030517578,50.36000061035156,33264400,0.0,0.0,SMCI,0.006797284075896526,49.03200073242188,46.10100040435791,62.25293818246074,0.2139515700318595,-0.05131247219338575,30353.902,4.33,4.2,322.132,328.656,20802.0,61.7,228000,4.39,1.72,2025-09-15 21:20:38,49.2400016784668,46.66999816894531,-0.022239851435874456,-0.07327248603423896,-0.09393965100825853,-0.1366958781021884,1.2321457,45.62919972823945,43.47599610569281,112.41086315972643
2025-07-11,49.7599983215332,50.2599983215332,49.08000183105469,49.2400016784668,24861400,0.0,0.0,SMCI,-0.02223985143587448,49.16800079345703,46.402500534057616,58.86862076290692,0.1240204304073469,-0.252612402448263,30353.902,4.33,4.2,322.132,328.656,20802.0,61.7,228000,4.39,1.72,2025-09-15 21:20:38,49.72999954223633,44.599998474121094,0.009951215415652855,-0.09423239330178229,-0.09643985518472042,-0.1257576485592365,1.2592809,44.49130304730007,43.047694852329954,111.24699629434053
2025-07-14,49.2400016784668,50.65999984741211,48.779998779296875,49.72999954223633,25603000,0.0,0.0,SMCI,0.009951215415652914,49.69200057983399,46.72100048065185,59.895837180179896,0.07395909247789367,0.02982937404973174,30353.902,4.33,4.2,322.132,328.656,20802.0,61.7,228000,4.39,1.72,2025-09-15 21:20:38,53.16999816894531,45.20000076293945,0.06917351012214165,-0.09109187253157902,-0.0945178456484815,-0.1194344146633239,1.2982378,45.029627121404175,43.79052615570196,114.29136477169595
2025-07-15,51.869998931884766,54.20000076293945,51.529998779296875,53.16999816894531,62012800,0.0,0.0,SMCI,0.06917351012214157,50.50400009155273,47.30150032043457,66.26544175823409,0.239605261120182,1.4220911611920477,30353.902,4.33,4.2,322.132,328.656,20802.0,61.7,228000,4.39,1.72,2025-09-15 21:20:38,53.220001220703125,46.43000030517578,0.0009404373421065395,-0.12676317652585745,-0.08425486274569811,-0.1347726864507317,1.3028687,48.690167271031804,46.004134677136065,122.44353216981108
2025-07-16,53.04999923706055,53.290000915527344,51.41999816894531,53.220001220703125,30066100,0.0,0.0,SMCI,0.0009404373421064705,51.14400024414063,47.77800045013428,66.34910651300922,0.3148815632523845,-0.5151629986067392,30353.902,4.33,4.2,322.132,328.656,20802.0,61.7,228000,4.39,1.72,2025-09-15 21:20:38,52.75,46.06999969482422,-0.008831289175549468,-0.1343480150672654,-0.09552854508590511,-0.13669229612684566,1.2930503,48.13597193461926,45.94523705397169,122.03613918791234
2025-07-17,53.5099983215332,54.150001525878906,52.61000061035156,52.75,31534600,0.0,0.0,SMCI,-0.008831289175549428,51.62200012207031,48.2600004196167,64.72422560227233,0.2956665390450546,0.04884238394736928,30353.902,4.33,4.2,322.132,328.656,20802.0,61.7,228000,4.39,1.72,2025-09-15 21:20:38,51.77000045776367,45.4900016784668,-0.0185781903741484,-0.13763029993427872,-0.0969618133623359,-0.137405111272091,1.2537224,47.63526434513678,45.5018803803972,118.8838581442833
2025-07-18,53.33000183105469,53.869998931884766,51.27000045776367,51.77000045776367,31842400,0.0,0.0,SMCI,-0.01857819037414843,52.12799987792969,48.625000381469725,61.35045303849278,0.18501268012870753,0.009760707286599501,30353.902,4.33,4.2,322.132,328.656,20802.0,61.7,228000,4.39,1.72,2025-09-15 21:20:38,51.5,45.369998931884766,-0.005215384496354227,-0.12362374868241154,-0.09804573076142539,-0.1369822368761861,1.3113596,46.69417293136291,44.67842999197802,119.65908982463134
2025-07-21,52.689998626708984,53.97999954223633,51.400001525878906,51.5,38140200,0.0,0.0,SMCI,-0.005215384496354281,52.48199996948242,48.934000396728514,60.41607047592772,0.06773619077407034,0.19778031806647745,30353.902,4.33,4.2,322.132,328.656,20802.0,61.7,228000,4.39,1.72,2025-09-15 21:20:38,49.86000061035156,45.86000061035156,-0.03184464834268811,-0.10951455125530947,-0.09421250188185187,-0.12014722980856922,1.3422738,46.64805615308463,45.312417664858685,120.62709617614746
2025-07-22,51.84000015258789,51.86000061035156,48.849998474121094,49.86000061035156,31829300,0.0,0.0,SMCI,-0.031844648342688076,51.82000045776367,49.38250045776367,54.942402314591725,-0.13512792342139646,-0.1654658339494811,30353.902,4.33,4.2,322.132,328.656,20802.0,61.7,228000,4.39,1.72,2025-09-15 21:20:38,51.70000076293945,43.2400016784668,0.0369033319306836,-0.13277173788301902,-0.09771003518444787,-0.11078133809755585,1.3450637,44.98817819641752,44.33644302519186,116.92487683376385
2025-07-23,50.70000076293945,52.15999984741211,50.58000183105469,51.70000076293945,25249600,0.0,0.0,SMCI,0.036903331930683514,51.51600036621094,49.82550048828125,59.3880836463162,-0.15860880593297955,-0.20671833813498885,30353.902,4.33,4.2,322.132,328.656,20802.0,61.7,228000,4.39,1.72,2025-09-15 21:20:38,52.52000045776367,42.61000061035156,0.015860728872793866,-0.1758220506469306,-0.09484842742339396,-0.11810945190254121,1.3503613,46.79633699278638,45.59374200946771,121.51368344334514
2025-07-24,51.81999969482422,53.349998474121094,51.33000183105469,52.52000045776367,37679300,0.0,0.0,SMCI,0.015860728872793883,51.470000457763675,50.12100048065186,61.224245934581475,-0.13315739214967381,0.49227314492110774,30353.902,4.33,4.2,322.132,328.656,20802.0,61.7,228000,4.39,1.72,2025-09-15 21:20:38,54.470001220703125,42.310001373291016,0.0371287270743197,-0.19440211339456268,-0.0971564293063214,-0.1200879755057935,1.3277615,47.41734474612099,46.21297992922748,122.25404292805251
2025-07-25,52.150001525878906,54.52000045776367,51.619998931884766,54.470001220703125,34308400,0.0,0.0,SMCI,0.03712872707431969,52.01000061035156,50.38100051879883,65.24809739754366,-0.005952847281569085,-0.08946291465074985,30353.902,4.33,4.2,322.132,328.656,20802.0,61.7,228000,4.39,1.72,2025-09-15 21:20:38,60.04999923706055,43.880001068115234,0.10244167232066372,-0.19441894465320503,-0.09633178532459198,-0.1200466621305753,1.3092571,49.22280875648009,47.93105938790935,125.78523326954746
2025-07-28,55.810001373291016,60.08000183105469,55.29999923706055,60.04999923706055,72578800,0.0,0.0,SMCI,0.10244167232066381,53.720000457763675,51.00450038909912,73.66862308282708,0.4100318285479836,1.1154819227944177,30353.902,4.33,4.2,322.132,328.656,20802.0,61.7,228000,4.39,1.72,2025-09-15 21:20:38,58.630001068115234,44.06999969482422,-0.02364693067421297,-0.266111569446517,0.031163728409435182,-0.13358509493899906,1.2793022,61.9213811042711,52.02821438789099,136.87209057956534
2025-07-29,59.72999954223633,61.47999954223633,58.150001525878906,58.630001068115234,57488300,0.0,0.0,SMCI,-0.023646930674212974,55.47400054931641,51.485500526428225,69.08129786963576,0.537553743017535,-0.20791884131454363,30353.902,4.33,4.2,322.132,328.656,20802.0,61.7,228000,4.39,1.72,2025-09-15 21:20:38,60.709999084472656,44.36000061035156,0.03547668392400197,-0.2433907589594797,-0.0999220005361859,-0.14893811697102874,1.2205294,52.77157406995044,49.89775911102075,130.18965025615034
2025-07-30,59.560001373291016,62.279998779296875,59.02000045776367,60.709999084472656,53032900,0.0,0.0,SMCI,0.03547668392400194,57.27600021362305,52.161000442504886,71.84674529615594,0.6997242638429912,-0.07750098715738685,30353.902,4.33,4.2,322.132,328.656,20802.0,61.7,228000,4.39,1.72,2025-09-15 21:20:38,58.970001220703125,44.7599983215332,-0.02866081189275718,-0.2627244441355768,-0.09667021846281952,-0.14894847556051724,1.2765743,54.84115021009911,51.66733726956006,138.21081364106067
2025-07-31,62.11000061035156,62.36000061035156,58.459999084472656,58.970001220703125,46751800,0.0,0.0,SMCI,-0.028660811892757154,58.566000366210936,52.672500419616696,66.48920131352807,0.6297325872017634,-0.11843779993174053,30353.902,4.33,4.2,322.132,328.656,20802.0,61.7,228000,4.39,1.72,2025-09-15 21:20:38,56.63999938964844,43.970001220703125,-0.03951164630867725,-0.25436662183303155,-0.10010692435925345,-0.14953984092868838,1.3043648,53.06669576903712,50.15163661859462,135.88838806589774
2025-08-01,57.11000061035156,58.04999923706055,55.06999969482422,56.63999938964844,40840300,0.0,0.0,SMCI,-0.039511646308677206,59.0,53.07650032043457,60.03348507893397,0.3788072594795704,-0.12644432941619355,30353.902,4.33,4.3,323.364,329.793,20802.0,61.7,227000,4.26,1.72,2025-09-15 21:20:38,58.22999954223633,41.540000915527344,0.028072036894804066,-0.2665960211306213,-0.09472330888648119,-0.1412669680254819,1.3418448,51.27487123213266,48.63863840690766,132.64208788034375
2025-08-04,58.15999984741211,59.189998626708984,57.619998931884766,58.22999954223633,32743600,0.0,0.0,SMCI,0.028072036894803976,58.636000061035155,53.63250026702881,62.69532631567936,0.2769321352282743,-0.19825270627297054,30353.902,4.33,4.3,323.364,329.793,20802.0,61.7,227000,4.26,1.72,2025-09-15 21:20:38,57.2599983215332,40.779998779296875,-0.01665810112190621,-0.29967372316879953,-0.09356190752650845,-0.1408020846138311,1.3623999,52.781889709796985,50.03109421962702,137.5625541172485
2025-08-05,58.810001373291016,59.400001525878906,56.790000915527344,57.2599983215332,49970600,0.0,0.0,SMCI,-0.016658101121906244,58.36199951171875,54.04000015258789,60.066986512519044,0.1098147619169274,0.5261180810906558,30353.902,4.33,4.3,323.364,329.793,20802.0,61.7,227000,4.26,1.72,2025-09-15 21:20:38,46.790000915527344,40.099998474121094,-0.18285011723565683,-0.2996856505488041,-0.10232110489004737,-0.1260325390691731,1.3264868,51.401092027271666,50.043375345973786,133.2146317485649
2025-08-06,47.33000183105469,48.130001068115234,44.83000183105469,46.790000915527344,115217900,0.0,0.0,SMCI,-0.1828501172356568,55.577999877929685,53.87850017547608,40.386326055278765,-0.6959524731739086,1.3057137596906983,30353.902,4.33,4.3,323.364,329.793,20802.0,61.7,227000,4.26,1.72,2025-09-15 21:20:38,46.66999816894531,40.70000076293945,-0.002564709216370375,-0.130156016957181,0.08326564165572072,-0.022230086384181096,1.303853,50.686000364830484,45.749855153259254,107.79728561563388
2025-08-07,47.150001525878906,48.81999969482422,46.56999969482422,46.66999816894531,43942200,0.0,0.0,SMCI,-0.00256470921637042,53.11799926757813,53.69400005340576,40.223653370974695,-1.197674722840763,-0.6186165517684319,30353.902,4.33,4.3,323.364,329.793,20802.0,61.7,227000,4.26,1.72,2025-09-15 21:20:38,44.599998474121094,40.40999984741211,-0.044353969917265125,-0.13413324549257577,0.009725398122776435,-0.0034286465028220393,1.3278514,47.12388248152756,46.50998324293665,108.64081569721748
2025-08-08,46.90999984741211,47.369998931884766,44.529998779296875,44.599998474121094,43796800,0.0,0.0,SMCI,-0.044353969917265146,50.709999084472656,53.46199989318848,37.423460123981094,-1.6042408633201748,-0.0033088921355780565,30353.902,4.33,4.3,323.364,329.793,20802.0,61.7,227000,4.26,1.72,2025-09-15 21:20:38,45.20000076293945,40.040000915527344,0.013452966577263617,-0.10224210122427838,-0.020710833529593815,0.01317912173033429,1.291786,43.67629533030343,45.18778728318426,102.213650115149
2025-08-11,45.08000183105469,46.47999954223633,44.97999954223633,45.20000076293945,31865900,0.0,0.0,SMCI,0.013452966577263581,48.103999328613284,53.235499954223634,38.754370774019826,-1.7558024507217762,-0.2724148796259087,30353.902,4.33,4.3,323.364,329.793,20802.0,61.7,227000,4.26,1.72,2025-09-15 21:20:38,46.43000030517578,42.91999816894531,0.02721237879369316,-0.050442534413927896,0.011244832738886403,-0.001969543752619445,1.2178187,45.70826721131624,45.11097738381841,100.24540860581874
2025-08-12,45.66999816894531,46.599998474121094,44.79999923706055,46.43000030517578,30326100,0.0,0.0,SMCI,0.027212378793693093,45.9379997253418,52.89850006103516,41.501135836156756,-1.695380233785922,-0.04832124622245093,30353.902,4.33,4.3,323.364,329.793,20802.0,61.7,227000,4.26,1.72,2025-09-15 21:20:38,46.06999969482422,43.90999984741211,-0.007753620675971252,-0.054275262571616974,0.008065780643928605,-0.012261909106595862,1.1768066,46.804494502934865,45.8606798616145,101.06912413270766
2025-08-13,46.43000030517578,46.63999938964844,45.560001373291016,46.06999969482422,26004400,0.0,0.0,SMCI,-0.0077536206759712956,45.79399948120117,52.54099998474121,40.922649469730956,-1.6028640882697827,-0.14250760895730086,30353.902,4.33,4.3,323.364,329.793,20802.0,61.7,227000,4.26,1.72,2025-09-15 21:20:38,45.4900016784668,43.95000076293945,-0.012589494686334508,-0.0460169078777515,0.006951219504874019,-0.009534284179600413,1.1436726,46.39024237529242,45.630755225579655,98.75898986723405
2025-08-14,45.349998474121094,45.66999816894531,44.66999816894531,45.4900016784668,22948700,0.0,0.0,SMCI,-0.012589494686334524,45.55800018310547,52.17800006866455,39.956317049644255,-1.505468408319882,-0.11750703727061573,30353.902,4.33,4.3,323.364,329.793,20802.0,61.7,227000,4.26,1.72,2025-09-15 21:20:38,45.369998931884766,45.0,-0.0026380026852985566,-0.01077163465348353,0.014826497626846891,-0.009534284179600413,1.1027522,46.16445908039785,45.056287075133795,95.65420150360478
2025-08-15,45.2599983215332,45.56999969482422,44.15999984741211,45.369998931884766,27407500,0.0,0.0,SMCI,-0.0026380026852985683,45.7120002746582,51.85799999237061,39.747185981913944,-1.3773328826891462,0.1942942301742583,30353.902,4.33,4.3,323.364,329.793,20802.0,61.7,227000,4.26,1.72,2025-09-15 21:20:38,45.86000061035156,45.380001068115234,0.010800125413325444,0.00022045705236813502,0.006003407403304509,0.006854311797495159,1.0811244,45.642373519360355,45.68097905081592,94.4206075278671
2025-08-18,45.279998779296875,46.63999938964844,45.18000030517578,45.86000061035156,22586500,0.0,0.0,SMCI,0.010800125413325423,45.844000244140624,51.57600002288818,41.102747418992585,-1.19457901573241,-0.1759007570920369,30353.902,4.33,4.3,323.364,329.793,20802.0,61.7,227000,4.26,1.72,2025-09-15 21:20:38,43.2400016784668,45.380001068115234,-0.05713037280887818,0.00022045705236813502,0.010097529709305848,0.008417321637607281,1.0735129,46.32307332898337,46.24601898578976,95.09130886750063
2025-08-19,45.849998474121094,45.849998474121094,43.16999816894531,43.2400016784668,30319200,0.0,0.0,SMCI,-0.05713037280887823,45.20600051879883,51.24500007629395,36.38867410745108,-1.1829219764667713,0.3423593739623225,30353.902,4.33,4.3,323.364,329.793,20802.0,61.7,227000,4.26,1.72,2025-09-15 21:20:38,42.61000061035156,45.380001068115234,-0.014569866874657646,0.00022045705236813502,0.011070344794134811,0.016863168233204856,1.0721687,43.718683405946386,43.96916510117484,89.60058356000627
2025-08-20,43.29999923706055,43.470001220703125,41.310001373291016,42.61000061035156,31496600,0.0,0.0,SMCI,-0.014569866874657667,44.514000701904294,50.79050006866455,35.33911710633794,-1.1494230622293902,0.03883347845589591,30353.902,4.33,4.3,323.364,329.793,20802.0,61.7,227000,4.26,1.72,2025-09-15 21:20:38,42.310001373291016,45.380001068115234,-0.007040582791910729,0.00022045705236813502,0.006520818390693638,-0.0003509895855880141,0.9841869,42.88785268595901,42.59504494389543,84.54620449769936
2025-08-21,42.599998474121094,42.959999084472656,41.81999969482422,42.310001373291016,16552100,0.0,0.0,SMCI,-0.007040582791910777,43.87800064086914,50.28000011444092,34.824028017997435,-1.0803104387691533,-0.4744797851196637,30353.902,4.33,4.3,323.364,329.793,20802.0,61.7,227000,4.26,1.72,2025-09-15 21:20:38,43.880001068115234,45.380001068115234,0.03710705846999359,0.00022045705236813502,0.0096524683219461,-0.0003509895855880141,0.9809642,42.718397321248204,42.295151003442776,83.81459733733027
2025-08-22,41.650001525878906,44.099998474121094,41.630001068115234,43.880001068115234,24089100,0.0,0.0,SMCI,0.037107058469993515,43.58000106811524,49.75050010681152,39.77159958376912,-0.8706976210565016,0.45535007642534775,30353.902,4.33,4.3,323.364,329.793,20802.0,61.7,227000,4.26,1.72,2025-09-15 21:20:38,44.06999969482422,45.380001068115234,0.004329959482317427,0.00022045705236813502,-0.003557456125412348,0.005501056129142057,0.98252386,43.72389988953237,44.12138741693774,86.99315164606742
2025-08-25,43.599998474121094,44.93000030517578,43.279998779296875,44.06999969482422,18782000,0.0,0.0,SMCI,0.004329959482317403,43.22200088500976,48.95150012969971,40.36161857926266,-0.6700942020313687,-0.2203112611097966,30353.902,4.33,4.3,323.364,329.793,20802.0,61.7,227000,4.26,1.72,2025-09-15 21:20:38,44.36000061035156,45.380001068115234,0.006580461028716612,0.00022045705236813502,0.009706564223027554,-0.005999086799267409,0.9842014,44.49776797717084,43.80561994141128,87.4437564707332
2025-08-26,44.060001373291016,44.38999938964844,43.63999938964844,44.36000061035156,18168200,0.0,0.0,SMCI,0.006580461028716567,43.44600067138672,48.238000106811526,41.30673760349941,-0.47774446958789296,-0.032680225748056624,30353.902,4.33,4.3,323.364,329.793,20802.0,61.7,227000,4.26,1.72,2025-09-15 21:20:38,44.7599983215332,45.380001068115234,0.009017080831335691,0.00022045705236813502,0.009323636288899338,-0.011730965177127578,0.94043636,44.77359712181783,43.83961498793417,86.0777582567971
2025-08-27,44.369998931884766,45.0099983215332,43.869998931884766,44.7599983215332,18925100,0.0,0.0,SMCI,0.009017080831335678,43.876000213623044,47.44050006866455,42.65659215886813,-0.2925426640008164,0.04166070386719656,30353.902,4.33,4.3,323.364,329.793,20802.0,61.7,227000,4.26,1.72,2025-09-15 21:20:38,43.970001220703125,45.380001068115234,-0.017649623111134594,0.00022045705236813502,0.009323636288899338,-0.0142198781442832,0.92987716,45.17732426617492,44.12351659966268,86.38129853097553
2025-08-28,44.81999969482422,45.34000015258789,43.90999984741211,43.970001220703125,22120100,0.0,0.0,SMCI,-0.017649623111134605,44.20800018310547,46.69050006866455,40.66730799197086,-0.19680555012049883,0.16882341440732151,30353.902,4.33,4.3,323.364,329.793,20802.0,61.7,227000,4.26,1.72,2025-09-15 21:20:38,41.540000915527344,45.380001068115234,-0.055264958783572286,0.00022045705236813502,0.004224938265820235,-0.0140616463097706,0.9119762,44.15577176140863,43.351710615297414,84.0695966492458
2025-08-29,42.79999923706055,42.86000061035156,41.439998626708984,41.540000915527344,36835900,0.0,0.0,SMCI,-0.05526495878357229,43.74000015258789,45.935500144958496,35.2256070630024,-0.26637448298699606,0.6652682401978292,30353.902,4.33,4.3,323.364,329.793,20802.0,61.7,227000,4.26,1.72,2025-09-15 21:20:38,40.779998779296875,45.380001068115234,-0.0182956697034252,0.00022045705236813502,-0.009246426356840493,-0.014546949788408146,0.8771565,41.15590435619883,40.93572060799874,77.97708256442093
2025-09-02,40.029998779296875,40.86000061035156,39.560001373291016,40.779998779296875,29924300,0.0,0.0,SMCI,-0.01829566970342522,43.081999969482425,45.06300010681152,33.70647426493353,-0.3287246219754072,-0.18763217404760035,30353.902,4.33,4.3,323.364,329.793,20802.0,61.7,263000,4.26,1.72,2025-09-15 21:20:38,40.099998474121094,45.380001068115234,-0.016674848590750885,0.00022045705236813502,0.007930315073755493,-0.11242211381295811,0.8503925,41.10339701832407,36.19542511523847,75.45900715493917
2025-09-03,40.900001525878906,40.97999954223633,39.77000045776367,40.099998474121094,20472800,0.0,0.0,SMCI,-0.016674848590750857,42.22999954223633,44.20500011444092,32.361705440057975,-0.3774269036311322,-0.31584698723111315,30353.902,4.33,4.3,323.364,329.793,20802.0,61.7,263000,4.26,1.72,2025-09-15 21:20:38,40.70000076293945,45.380001068115234,0.014962651163330502,0.00022045705236813502,0.015418528146251845,-0.09353503455630224,0.85161155,40.71828142925898,36.34924373113651,74.24962290517942
2025-09-04,40.279998779296875,40.79999923706055,39.75,40.70000076293945,22479400,0.0,0.0,SMCI,0.01496265116333051,41.418000030517575,43.90050010681152,34.8322654746101,-0.33247491114432215,0.09801297331092962,30353.902,4.33,4.3,323.364,329.793,20802.0,61.7,263000,4.26,1.72,2025-09-15 21:20:38,40.40999984741211,45.380001068115234,-0.007125329486269012,0.00022045705236813502,0.015036748081699884,-0.10114099389915034,0.84209573,41.31199642133677,36.58356223407958,74.9732977258459
2025-09-05,40.9900016784668,41.18000030517578,39.7400016784668,40.40999984741211,21771700,0.0,0.0,SMCI,-0.007125329486268983,40.705999755859374,43.587500190734865,34.18238091664452,-0.2872188394519113,-0.03148215699707291,30353.902,4.33,4.3,323.364,329.793,20802.0,61.7,263000,4.26,1.72,2025-09-15 21:20:38,40.040000915527344,45.380001068115234,-0.0091561230705736,0.00022045705236813502,0.01908216466430344,-0.0971393183154632,0.8543129,41.1811101185849,36.48460000910653,74.93278387385362
2025-09-08,40.900001525878906,41.119998931884766,39.88999938964844,40.040000915527344,19033300,0.0,0.0,SMCI,-0.009156123070573563,40.405999755859376,43.359500312805174,33.32800384780083,-0.24859523154509677,-0.12577795946113535,30353.902,4.33,4.3,323.364,329.793,20802.0,61.7,263000,4.26,1.72,2025-09-15 21:20:38,42.91999816894531,45.380001068115234,0.07192800168746045,0.00022045705236813502,0.022250648895294402,-0.09931341354697655,0.8214602,40.93091691766601,36.06349174618226,72.93126995907005
2025-09-09,40.2400016784668,43.0,40.16999816894531,42.91999816894531,37459000,0.0,0.0,SMCI,0.07192800168746039,40.83399963378906,43.24550018310547,44.87726756252695,-0.008179674015207805,0.968077001886168,30353.902,4.33,4.3,323.364,329.793,20802.0,61.7,263000,4.26,1.72,2025-09-15 21:20:38,43.90999984741211,45.380001068115234,0.0230662097088138,0.00022045705236813502,0.084834693990864,-0.13951296099733618,0.8151387,46.56110307969623,36.9321021383955,77.90574957841272
2025-09-10,44.0,45.56999969482422,43.33000183105469,43.90999984741211,40876000,0.0,0.0,SMCI,0.0230662097088139,41.59599990844727,43.119500160217285,48.19909255655673,0.22551572829767297,0.09121973357537572,30353.902,4.33,4.3,323.364,329.793,20802.0,61.7,263000,4.26,1.72,2025-09-15 21:20:38,43.95000076293945,45.380001068115234,0.0009109750778034051,0.00022045705236813502,0.009819085157919447,-0.18673769778975127,0.76886225,44.341155875198076,35.710347565958045,77.67074101637081
2025-09-11,44.290000915527344,44.5099983215332,43.459999084472656,43.95000076293945,24437700,0.0,0.0,SMCI,0.0009109750778033554,42.24599990844727,43.01350021362305,48.33456930014411,0.3816075430812651,-0.4021504061062726,30353.902,4.33,4.3,323.364,329.793,20802.0,61.7,263000,4.26,1.72,2025-09-15 21:20:38,45.0,45.380001068115234,0.02389076720894967,0.00022045705236813502,0.010357156428898276,-0.18994786933509736,0.77585053,44.40519779589141,35.601791760743204,78.0486323434643
2025-09-12,46.560001373291016,47.0,44.630001068115234,45.0,38085200,0.0,0.0,SMCI,0.02389076720894967,43.16399993896484,42.989000129699704,51.891328633445205,0.5444623143304279,0.5584609026217688,30353.902,4.33,4.3,323.364,329.793,20802.0,61.7,263000,4.26,1.72,2025-09-15 21:20:38,45.380001068115234,45.380001068115234,0.008444468180338541,0.00022045705236813502,0.007936193288464538,-0.21823158317512747,0.79287815,45.357128697980905,35.179578757119266,80.67951679229736
2025-09-15,45.22999954223633,45.77000045776367,44.20000076293945,45.380001068115234,22312909,0.0,0.0,SMCI,0.008444468180338616,44.23199996948242,42.98950023651123,53.14839840867587,0.6590202018063822,-0.41413176246941064,30353.902,4.33,4.3,323.364,329.793,20802.0,61.7,263000,4.26,1.72,2025-09-15 21:20:38,45.380001068115234,45.380001068115234,0.008444468180338541,0.00022045705236813502,0.011894626625007364,-0.2435506047654995,0.85171175,45.9197792370629,34.32767436371675,84.03068119422642
2025-05-01,280.010009765625,290.8699951171875,279.80999755859375,280.5199890136719,99659000,0.0,0.0,TSLA,-0.005812356915055328,285.1080017089844,256.4705009460449,55.57485326954813,5.926829248415328,-0.22721657926304906,30353.902,4.33,4.2,320.58,326.854,20617.5,52.2,229000,4.42,1.72,2025-09-15 21:20:38,287.2099914550781,346.4599914550781,0.023848576584252594,0.23506347149540383,0.015416773671895537,0.08113401076143936,-0.23896778,284.84470219473826,303.27970082110596,213.48475103178862
2025-05-02,284.8999938964844,294.7799987792969,279.80999755859375,287.2099914550781,114454700,0.0,0.0,TSLA,0.023848576584252656,285.55999755859375,257.467000579834,57.65758099130192,5.682166152130035,0.14846325971563035,30353.902,4.33,4.2,320.58,326.854,20617.5,52.2,229000,4.42,1.72,2025-09-15 21:20:38,280.260009765625,342.69000244140625,-0.02419825875222087,0.19316880553232993,0.021103682850431765,0.07395115755578795,-0.17871065,293.2711800262213,308.4495027847691,235.8825102180217
2025-05-05,284.57000732421875,284.8500061035156,274.3999938964844,280.260009765625,94618900,0.0,0.0,TSLA,-0.024198258752220814,284.4359985351563,259.50850143432615,54.78415093972219,4.793707549648705,-0.17330699394607652,30353.902,4.33,4.2,320.58,326.854,20617.5,52.2,229000,4.42,1.72,2025-09-15 21:20:38,275.3500061035156,344.2699890136719,-0.017519458684867307,0.22839497972463838,0.013434929857884397,0.1042859422050489,-0.15224582,284.02528333879616,309.4871889464294,237.59159488654404
2025-05-06,273.1099853515625,277.7300109863281,271.3500061035156,275.3500061035156,76715800,0.0,0.0,TSLA,-0.017519458684867262,281.1,261.6115020751953,52.78281675584655,3.667565667097077,-0.18921272599871697,30353.902,4.33,4.2,320.58,326.854,20617.5,52.2,229000,4.42,1.72,2025-09-15 21:20:38,276.2200012207031,332.04998779296875,0.0031595972322602103,0.2059196674509505,0.00014094517047408668,0.09427700389445251,-0.16966777,275.38881535706594,301.3091797012743,228.63198173499222
2025-05-07,276.8800048828125,277.9200134277344,271.0,276.2200012207031,71592600,0.0,0.0,TSLA,0.003159597232260225,279.91199951171876,264.3295021057129,53.10968109904695,2.811989622568374,-0.06678154956345372,30353.902,4.33,4.2,320.58,326.854,20617.5,52.2,229000,4.42,1.72,2025-09-15 21:20:38,284.82000732421875,284.70001220703125,0.031134624811778623,0.030700206172081267,0.018176775540816204,0.08897272954472957,-0.1205899,281.2407901827758,300.7960486841576,242.91065559806339
2025-05-08,279.6300048828125,289.79998779296875,279.4100036621094,284.82000732421875,97539400,0.0,0.0,TSLA,0.031134624811778533,280.7720031738281,264.96050186157225,56.32805593765033,2.657751862883149,0.3624229319790033,30353.902,4.33,4.2,320.58,326.854,20617.5,52.2,229000,4.42,1.72,2025-09-15 21:20:38,298.260009765625,295.1400146484375,0.0471877048514612,0.03623343535860243,0.020283210412739137,0.07165547171716423,-0.0662666,290.59707146253373,305.2289193035218,265.9459548757768
2025-05-09,290.2099914550781,307.0400085449219,290.0,298.260009765625,132387800,0.0,0.0,TSLA,0.04718770485146129,282.9820068359375,267.2535026550293,60.85042275716172,3.254004456252713,0.3572751113908841,30353.902,4.33,4.2,320.58,326.854,20617.5,52.2,229000,4.42,1.72,2025-09-15 21:20:38,318.3800048828125,308.5799865722656,0.06745790403815097,0.03460060507189731,0.026355005720617178,0.07470776061557534,-0.024024714,306.1206540292294,320.54234717639446,291.09439506434137
2025-05-12,321.989990234375,322.2099914550781,311.5,318.3800048828125,112826700,0.0,0.0,TSLA,0.06745790403815088,290.606005859375,270.55700302124023,66.45125700687068,4.708278309811815,-0.1477560621144849,30353.902,4.33,4.2,320.58,326.854,20617.5,52.2,229000,4.42,1.72,2025-09-15 21:20:38,334.07000732421875,326.0899963378906,0.04928074062685355,0.02421631803767317,0.02107745466710509,0.04224040614889832,0.016338583,325.0906450026427,331.8285055987507,323.5818842302833
2025-05-13,320.0,337.5899963378906,316.79998779296875,334.07000732421875,136992600,0.0,0.0,TSLA,0.049280740626853614,302.3500061035156,274.6430030822754,70.04964095190934,6.330664926193957,0.21418600384483466,30353.902,4.33,4.2,320.58,326.854,20617.5,52.2,229000,4.42,1.72,2025-09-15 21:20:38,347.67999267578125,326.42999267578125,0.040739919936463656,-0.022869501843734145,0.01246781001530799,0.04286868680106731,0.024288893,338.23512870734965,348.39114983783094,342.1841979017627
2025-05-14,342.5,350.0,337.0,347.67999267578125,136997300,0.0,0.0,TSLA,0.04073991993646375,316.6420043945312,279.3215026855469,72.77725256976039,7.826202480827266,3.430842249874111e-05,30353.902,4.33,4.2,320.58,326.854,20617.5,52.2,229000,4.42,1.72,2025-09-15 21:20:38,342.82000732421875,319.1099853515625,-0.01397832907829855,-0.08217328556740068,-0.009944781508237056,0.06618328379775597,0.00653401,344.22239111383516,370.6905963018442,349.9517269228163
2025-05-15,340.3399963378906,346.1400146484375,334.7200012207031,342.82000732421875,97882600,0.0,0.0,TSLA,-0.013978329078298546,328.24200439453125,284.38500289916993,70.31468300574994,7.967287071572732,-0.28551438604994406,30353.902,4.33,4.2,320.58,326.854,20617.5,52.2,229000,4.42,1.72,2025-09-15 21:20:38,349.9800109863281,325.30999755859375,0.02088560617565669,-0.05107639400131357,-0.06312777500771168,0.08057962589779749,-0.020226687,321.17854303371337,370.4443152646845,335.8858840557659
2025-05-16,346.239990234375,351.6199951171875,342.3299865722656,349.9800109863281,95895700,0.0,0.0,TSLA,0.0208856061756566,338.58600463867185,289.815503692627,71.82715229899439,8.000959456403454,-0.020298806938107483,30353.902,4.33,4.2,320.58,326.854,20617.5,52.2,229000,4.42,1.72,2025-09-15 21:20:38,342.0899963378906,329.1300048828125,-0.02254418652711489,-0.05957484841707181,-0.026298020125719572,0.04863730894642893,-0.030652657,340.77622961381013,367.00209690574474,339.2521989148918
2025-05-19,336.29998779296875,343.0,333.3699951171875,342.0899963378906,88869900,0.0,0.0,TSLA,-0.022544186527114873,343.3280029296875,295.5450035095215,67.73184024994723,6.9868499754122695,-0.07326501605390023,30353.902,4.33,4.2,320.58,326.854,20617.5,52.2,229000,4.42,1.72,2025-09-15 21:20:38,343.82000732421875,316.3500061035156,0.0050571808730102445,-0.07524332926985385,-0.0052198199506036476,0.061674756395420596,0.005145129,340.3043481501042,363.1883135273403,343.85007432007114
2025-05-20,347.8699951171875,354.989990234375,341.6300048828125,343.82000732421875,131715500,0.0,0.0,TSLA,0.005057180873010214,345.2780029296875,300.83750381469724,68.16050741961294,5.967175532050259,0.4821159920287972,30353.902,4.33,4.2,320.58,326.854,20617.5,52.2,229000,4.42,1.72,2025-09-15 21:20:38,334.6199951171875,322.04998779296875,-0.02675822235776911,-0.06331807069831481,0.011825629385067636,0.045968208336345906,0.0028681569,347.8858953060062,359.6247970511024,344.8061434479023
2025-05-21,344.42999267578125,347.3500061035156,332.20001220703125,334.6199951171875,102354800,0.0,0.0,TSLA,-0.026758222357769146,342.66600341796874,305.03150329589846,63.34148969056634,4.286337151592498,-0.22290998401858553,30353.902,4.33,4.2,320.58,326.854,20617.5,52.2,229000,4.42,1.72,2025-09-15 21:20:38,341.0400085449219,322.1600036621094,0.019185982671137202,-0.03723624301265829,0.013182689084680007,0.05577255554955954,0.03478378,339.0311864743345,353.2826073828542,346.25936354818987
2025-05-22,331.8999938964844,347.2699890136719,331.3900146484375,341.0400085449219,97113400,0.0,0.0,TSLA,0.019185982671137136,342.31000366210935,309.1080032348633,65.1909705447257,3.2662704649718464,-0.05120815047266958,30353.902,4.33,4.2,320.58,326.854,20617.5,52.2,229000,4.42,1.72,2025-09-15 21:20:38,339.3399963378906,348.67999267578125,-0.004984788190349004,0.02240201718108107,0.019663617211710754,0.04795515537253568,0.041458726,347.7460887268278,357.3946351429445,355.17909279009837
2025-05-23,337.9200134277344,343.17999267578125,333.2099914550781,339.3399963378906,84654800,0.0,0.0,TSLA,-0.004984788190348977,340.1820007324219,311.82750244140624,64.26635858427778,2.1881906988277393,-0.1282891959297069,30353.902,4.33,4.2,320.58,326.854,20617.5,52.2,229000,4.42,1.72,2025-09-15 21:20:38,362.8900146484375,340.4700012207031,0.06939947711644767,0.0033300079419088624,0.005551660075752542,0.04742424679739473,0.08847122,341.2238966476657,355.4329400724458,369.3618042805392
2025-05-27,347.3500061035156,363.7900085449219,347.32000732421875,362.8900146484375,120146400,0.0,0.0,TSLA,0.06939947711644767,344.3420043945313,315.6780029296875,70.50683010414245,2.736674810850502,0.41925088713221226,30353.902,4.33,4.2,320.58,326.854,20617.5,52.2,229000,4.42,1.72,2025-09-15 21:20:38,356.8999938964844,327.54998779296875,-0.016506435862546864,-0.09738495254465915,0.0260458252106192,0.04098462232789405,0.117402636,372.34178454064977,377.76292484536765,405.4942722888518
2025-05-28,364.8399963378906,365.0,355.9100036621094,356.8999938964844,91404300,0.0,0.0,TSLA,-0.016506435862546853,346.9580017089844,318.9215026855469,67.28798969225058,2.3844914889325537,-0.23922564471344954,30353.902,4.33,4.2,320.58,326.854,20617.5,52.2,229000,4.42,1.72,2025-09-15 21:20:38,358.42999267578125,325.7799987792969,0.0042869117552874975,-0.0871952806090929,-0.0072580473401350435,0.04876903806924852,0.16647445,354.3095968450898,374.30566328573656,416.31472820955605
2025-05-29,365.2900085449219,367.7099914550781,356.0,358.42999267578125,88087800,0.0,0.0,TSLA,0.004286911755287504,351.7200012207031,322.7350021362305,67.69368789195977,1.9607246398499214,-0.03628385097856446,30353.902,4.33,4.2,320.58,326.854,20617.5,52.2,229000,4.42,1.72,2025-09-15 21:20:38,346.4599914550781,323.6300048828125,-0.03339564619395738,-0.09709005525228791,0.01978109662410591,0.03961715075028064,0.15488945,365.52013099387847,372.62996772903966,413.9470222584714
2025-05-30,355.5199890136719,363.67999267578125,345.2900085449219,346.4599914550781,123474900,0.0,0.0,TSLA,-0.03339564619395741,352.8039978027344,326.0320022583008,61.28942452438215,0.6482978316077777,0.4017253240516847,30353.902,4.33,4.2,320.58,326.854,20617.5,52.2,229000,4.42,1.72,2025-09-15 21:20:38,342.69000244140625,317.6600036621094,-0.010881455598490629,-0.08312644606383922,0.018387739928311626,0.07946321772111785,0.21577755,352.8306076735192,373.99081718772965,421.21826793111177
2025-06-02,343.5,348.0199890136719,333.3299865722656,342.69000244140625,81873800,0.0,0.0,TSLA,-0.01088145559849063,353.4739990234375,328.8060028076172,59.38387553134239,-0.6304962204270623,-0.3369194872804109,30353.902,4.33,4.1,321.5,327.6,20693.1,60.7,250000,4.38,1.72,2025-09-15 21:20:38,344.2699890136719,300.7099914550781,0.004610541775392977,-0.12250141727874289,0.006979406776195504,0.028720189787433504,0.24402869,345.08177536658025,352.53212434977945,426.31619394871086
2025-06-03,346.6000061035156,355.3999938964844,343.0400085449219,344.2699890136719,99324500,0.0,0.0,TSLA,0.004610541775392996,349.7499938964844,332.00650177001955,59.94593104391816,-1.4783134433325387,0.21314144451582795,30353.902,4.33,4.1,321.5,327.6,20693.1,60.7,250000,4.38,1.72,2025-09-15 21:20:38,332.04998779296875,315.6499938964844,-0.03549540073392176,-0.08313241360126492,0.013919984752501266,0.03322262955024983,0.31824037,349.06222201148597,355.70754332394165,453.83060944687895
2025-06-04,345.1000061035156,345.6000061035156,327.3299865722656,332.04998779296875,98912100,0.0,0.0,TSLA,-0.03549540073392177,344.7799926757813,334.8415008544922,53.75057357535874,-2.888872365662259,-0.004152047078011978,30353.902,4.33,4.1,321.5,327.6,20693.1,60.7,250000,4.38,1.72,2025-09-15 21:20:38,284.70001220703125,315.3500061035156,-0.14259893789082123,-0.0502935771823171,0.00577171861365235,0.040131887060924784,0.36854804,333.96648688817646,345.37578040165766,454.42635852225794
2025-06-05,322.489990234375,324.54998779296875,273.2099914550781,284.70001220703125,287499800,0.0,0.0,TSLA,-0.14259893789082123,330.03399658203125,335.26550140380857,37.55470592229331,-6.813531623009688,1.9066191092899656,30353.902,4.33,4.1,321.5,327.6,20693.1,60.7,250000,4.38,1.72,2025-09-15 21:20:38,295.1400146484375,293.94000244140625,0.03667018613899593,0.03245518032382719,-0.035188047591486735,0.08983718016903344,0.4102593,274.68197462819336,310.2766584978003,401.50082478648983
2025-06-06,298.8299865722656,305.5,291.1400146484375,295.1400146484375,164747700,0.0,0.0,TSLA,0.036670186138995975,319.77000122070314,335.78150177001953,41.72412405249914,-8.404692334083036,-0.42696412310547693,30353.902,4.33,4.1,321.5,327.6,20693.1,60.7,250000,4.38,1.72,2025-09-15 21:20:38,308.5799865722656,297.80999755859375,0.04553761352840428,0.009046495824487435,0.006617713879218905,0.07237633464047002,0.48275173,297.0931668196894,316.50116711442604,437.61936645752576
2025-06-09,285.9599914550781,309.8299865722656,281.8500061035156,308.5799865722656,140908900,0.0,0.0,TSLA,0.04553761352840424,312.947998046875,336.29750061035156,46.66152893888109,-8.23924305217173,-0.14469883342832712,30353.902,4.33,4.1,321.5,327.6,20693.1,60.7,250000,4.38,1.72,2025-09-15 21:20:38,326.0899963378906,295.8800048828125,0.05674382827003063,-0.0411562066306557,0.001893874922236496,0.0705437723324188,0.8270643,309.16439847033894,330.34838289136036,563.7954696750021
2025-06-10,314.94000244140625,327.8299865722656,310.6700134277344,326.0899963378906,151256500,0.0,0.0,TSLA,0.05674382827003055,309.31199951171874,336.6830001831055,52.328388801279075,-6.702938574341898,0.07343468013730847,30353.902,4.33,4.1,321.5,327.6,20693.1,60.7,250000,4.38,1.72,2025-09-15 21:20:38,326.42999267578125,309.8699951171875,0.0010426457165472957,-0.049740873387284626,-0.006291189808676019,0.04014926430053035,1.004286,324.0385022762185,339.18226978661954,653.5776309643188
2025-06-11,334.3999938964844,335.5,322.5,326.42999267578125,122611400,0.0,0.0,TSLA,0.0010426457165473302,308.18800048828126,336.3009994506836,52.43406337331232,-5.4684170287393155,-0.1893809522235408,30353.902,4.33,4.1,321.5,327.6,20693.1,60.7,250000,4.38,1.72,2025-09-15 21:20:38,319.1099853515625,313.510009765625,-0.02242443246166161,-0.03957964402795767,0.009911401662377412,0.03847268533832672,1.090673,329.6653714478378,338.9886310689889,682.4583622251812
2025-06-12,323.0799865722656,332.55999755859375,316.8599853515625,319.1099853515625,105127500,0.0,0.0,TSLA,-0.022424432461661592,315.0699951171875,334.8724990844727,49.87088010454991,-4.964142747915485,-0.14259603919374542,30353.902,4.33,4.1,321.5,327.6,20693.1,60.7,250000,4.38,1.72,2025-09-15 21:20:38,325.30999755859375,316.8999938964844,0.01942907615441966,-0.006925485119631666,0.0023079001739693865,0.060803007722404726,1.0222301,319.84645934227075,338.51283225519,645.3138330064248
2025-06-13,313.9700012207031,332.989990234375,313.29998779296875,325.30999755859375,128964300,0.0,0.0,TSLA,0.019429076154419578,321.10399169921874,333.9969985961914,52.01069552473584,-4.069877849770124,0.22674181351216371,30353.902,4.33,4.1,321.5,327.6,20693.1,60.7,250000,4.38,1.72,2025-09-15 21:20:38,329.1300048828125,310.7799987792969,0.011742668079331633,-0.04466508526741414,0.01189049235033006,0.03847268533832672,0.9777033,329.1780935960501,337.8255467320774,643.3666663976474
2025-06-16,331.2900085449219,332.04998779296875,326.4100036621094,329.1300048828125,83925900,0.0,0.0,TSLA,0.011742668079331553,325.2139953613281,332.9544982910156,53.33247006434295,-3.120663508349379,-0.3492315315168616,30353.902,4.33,4.1,321.5,327.6,20693.1,60.7,250000,4.38,1.72,2025-09-15 21:20:38,316.3500061035156,321.6700134277344,-0.038829637497946205,-0.022665789640583734,0.01228046494448403,0.03989526637796788,0.97633773,333.17187436995374,342.26073410059416,650.4720273984422
2025-06-17,326.0899963378906,327.260009765625,314.739990234375,316.3500061035156,88282700,0.0,0.0,TSLA,-0.03882963749794621,323.2659973144531,331.66749877929686,48.517812152664305,-3.239028290215275,0.051912460873222654,30353.902,4.33,4.1,321.5,327.6,20693.1,60.7,250000,4.38,1.72,2025-09-15 21:20:38,322.04998779296875,319.4100036621094,0.018017959789727284,0.009672822821417812,0.006158014552643012,0.056118640125704465,0.90101874,318.2980940448298,334.10313824980324,601.3872896053981
2025-06-18,317.30999755859375,329.32000732421875,315.45001220703125,322.04998779296875,95137700,0.0,0.0,TSLA,0.0180179597897272,322.38999633789064,330.57899780273436,50.657366834595855,-2.8335945250856085,0.07764828216626807,30353.902,4.33,4.1,321.5,327.6,20693.1,60.7,250000,4.38,1.72,2025-09-15 21:20:38,322.1600036621094,329.6499938964844,0.00034161115761739816,0.023598839905565598,0.011435431868606103,0.051040274366821285,0.80053294,325.7327684866607,338.4875075297533,579.8616103977474
2025-06-20,327.95001220703125,332.3599853515625,317.7799987792969,322.1600036621094,108688000,0.0,0.0,TSLA,0.0003416111576173275,323.0,329.9559982299805,50.699954151132616,-2.471387710651908,0.14242829078272856,30353.902,4.33,4.1,321.5,327.6,20693.1,60.7,250000,4.38,1.72,2025-09-15 21:20:38,348.67999267578125,328.489990234375,0.08231930938729067,0.01964857989915066,0.013935364167724975,0.051040274366821285,0.7969474,326.64942063341647,338.60313863903957,578.904606495169
2025-06-23,327.5400085449219,357.5400085449219,327.4800109863281,348.67999267578125,190716800,0.0,0.0,TSLA,0.0823193093872907,327.6739990234375,330.33799743652344,59.724096452112725,-0.4642066111261425,0.7547180921536876,30353.902,4.33,4.1,321.5,327.6,20693.1,60.7,250000,4.38,1.72,2025-09-15 21:20:38,340.4700012207031,332.1099853515625,-0.023545920693855683,-0.047522105289322714,0.07263949632883257,0.03912250270281025,0.6978178,374.00793172369106,362.32122663165535,591.9950989158242
2025-06-24,356.1700134277344,356.260009765625,340.44000244140625,340.4700012207031,114736200,0.0,0.0,TSLA,-0.023545920693855638,329.94199829101564,330.3944976806641,56.289020441011175,0.2534645547183585,-0.39839489756539537,30353.902,4.33,4.1,321.5,327.6,20693.1,60.7,250000,4.38,1.72,2025-09-15 21:20:38,327.54998779296875,332.55999755859375,-0.03794758240494506,-0.023232600915643865,0.01215640133926955,0.03164341874149601,0.69037074,344.6088911995236,351.2436360382475,575.5205476962801
2025-06-25,342.70001220703125,343.0,320.3999938964844,327.54998779296875,119845100,0.0,0.0,TSLA,-0.037947582404945,332.18199462890624,328.62749633789065,51.28958576433226,-0.17588592813420245,0.04452735928155205,30353.902,4.33,4.1,321.5,327.6,20693.1,60.7,250000,4.38,1.72,2025-09-15 21:20:38,325.7799987792969,305.29998779296875,-0.005403721812350102,-0.06792856305665117,0.009099751629767243,0.04462767893373737,0.4802461,330.5306113282181,342.167783482943,484.8545811918739
2025-06-26,324.6099853515625,331.04998779296875,323.6099853515625,325.7799987792969,80440900,0.0,0.0,TSLA,-0.0054037218123500486,332.92799682617186,327.0714965820313,50.62620199167876,-0.5896907078853326,-0.32879274997475905,30353.902,4.33,4.1,321.5,327.6,20693.1,60.7,250000,4.38,1.72,2025-09-15 21:20:38,323.6300048828125,316.05999755859375,-0.00659952699533562,-0.029836089560820594,0.009712769709522067,0.0480284024996135,0.40534055,328.94422488340854,341.42669168699257,457.83184342256936
2025-06-27,324.510009765625,329.3399963378906,317.5,323.6300048828125,89067000,0.0,0.0,TSLA,-0.006599526995335614,333.2219970703125,325.3314971923828,49.78388458968534,-0.9949664112231469,0.10723524972992604,30353.902,4.33,4.1,321.5,327.6,20693.1,60.7,250000,4.38,1.72,2025-09-15 21:20:38,317.6600036621094,325.5899963378906,-0.018446995428822745,0.006056272365066535,0.008363692677174305,0.04960780448759261,0.40139005,326.3367467847648,339.68457889135766,453.5318770362064
2025-06-30,319.8999938964844,325.5799865722656,316.6000061035156,317.6600036621094,76695100,0.0,0.0,TSLA,-0.018446995428822777,327.01799926757815,323.89149780273436,47.42436376307144,-1.615167246131274,-0.13890554301817737,30353.902,4.33,4.1,321.5,327.6,20693.1,60.7,250000,4.38,1.72,2025-09-15 21:20:38,300.7099914550781,321.20001220703125,-0.05335897504131728,0.011144017201130974,0.00823096783751421,0.0562189649985837,0.38254037,320.2746529355169,335.51852028943944,439.17777111669056
2025-07-01,298.4599914550781,305.8900146484375,293.2099914550781,300.7099914550781,145085700,0.0,0.0,TSLA,-0.05335897504131726,319.0659973144531,321.792497253418,41.42170948452695,-3.0346043940878835,0.8917205923194571,30353.902,4.33,4.2,322.132,328.656,20802.0,61.7,228000,4.39,1.72,2025-09-15 21:20:38,315.6499938964844,319.0400085449219,0.049682427807318394,0.0609557966502819,-0.01135739685783906,0.08631006940062413,0.37495524,297.2947087430054,326.664291687027,413.46275961914216
2025-07-02,312.6300048828125,316.8299865722656,303.82000732421875,315.6499938964844,119483700,0.0,0.0,TSLA,0.04968242780731846,316.6859985351563,320.3614974975586,47.7047440278707,-2.838515427252393,-0.17646122257396835,30353.902,4.33,4.2,322.132,328.656,20802.0,61.7,228000,4.39,1.72,2025-09-15 21:20:38,315.3500061035156,308.2699890136719,-0.00095038111442869,-0.02338034223194926,-0.006929850267643361,0.050460842478836,0.36458457,313.4625867017992,331.5779585169404,430.73110966483
2025-07-03,317.989990234375,318.45001220703125,312.760009765625,315.3500061035156,58042300,0.0,0.0,TSLA,-0.0009503811144286889,314.6,319.52649841308596,47.59435502827782,-2.6062363198007037,-0.5142241159254359,30353.902,4.33,4.2,322.132,328.656,20802.0,61.7,228000,4.39,1.72,2025-09-15 21:20:38,293.94000244140625,302.6300048828125,-0.06789282780315345,-0.04033613754403323,0.005171037310199809,0.04847147012692327,0.48576772,316.9806927508487,330.63548450388726,468.5368602420458
2025-07-07,291.3699951171875,296.1499938964844,288.7699890136719,293.94000244140625,131177900,0.0,0.0,TSLA,-0.06789282780315342,308.66199951171876,319.9884979248047,40.40770839524817,-3.704702144128171,1.2600396607301918,30353.902,4.33,4.2,322.132,328.656,20802.0,61.7,228000,4.39,1.72,2025-09-15 21:20:38,297.80999755859375,309.260009765625,0.013165935514200526,0.05211950465052006,0.032674464912364524,0.10486151345470149,0.46013847,303.5443347375183,324.76299596229074,429.1930966572327
2025-07-08,297.0,304.04998779296875,294.3500061035156,297.80999755859375,103246700,0.0,0.0,TSLA,0.013165935514200422,304.69199829101564,320.1219970703125,42.10931016599926,-3.95791548826249,-0.21292611026704955,30353.902,4.33,4.2,322.132,328.656,20802.0,61.7,228000,4.39,1.72,2025-09-15 21:20:38,295.8800048828125,308.7200012207031,-0.006480617479611397,0.03663410816140531,0.013633974275269979,0.08018005258206308,0.4163217,301.87033140422585,321.6884188223059,421.79477823659545
2025-07-09,297.54998779296875,300.1499938964844,293.54998779296875,295.8800048828125,75586800,0.0,0.0,TSLA,-0.0064806174796113725,303.7260009765625,319.4869979858398,41.47329667484568,-4.029187872275284,-0.2679010564018026,30353.902,4.33,4.2,322.132,328.656,20802.0,61.7,228000,4.39,1.72,2025-09-15 21:20:38,309.8699951171875,319.9100036621094,0.04728264838279942,0.0812153521114558,0.009238345831181357,0.08011387188160701,0.55151534,298.61344669245153,319.5840976863234,459.0623666131578
2025-07-10,300.04998779296875,310.4800109863281,300.0,309.8699951171875,104365300,0.0,0.0,TSLA,0.0472826483827995,302.57000122070315,318.6759979248047,47.64611569188931,-2.9575275195989184,0.3807344668645849,30353.902,4.33,4.2,322.132,328.656,20802.0,61.7,228000,4.39,1.72,2025-09-15 21:20:38,313.510009765625,322.2699890136719,0.011746909045068752,0.04001676216438739,-0.007497151508310354,0.050460842478836,0.5697253,307.5468528159146,325.5062961297136,486.41076331186923
2025-07-11,307.8900146484375,314.0899963378906,305.6499938964844,313.510009765625,79236400,0.0,0.0,TSLA,0.01174690904506881,302.202001953125,318.0299987792969,49.14891205147478,-1.8794477353753951,-0.2407783046663977,30353.902,4.33,4.2,322.132,328.656,20802.0,61.7,228000,4.39,1.72,2025-09-15 21:20:38,316.8999938964844,329.6499938964844,0.010813001260768906,0.05148155921058267,0.012861741796492462,0.04717136164860672,0.6157115,317.5422945618463,328.2987038167375,506.54171264875913
2025-07-14,317.7300109863281,322.6000061035156,312.6700134277344,316.8999938964844,78043400,0.0,0.0,TSLA,0.010813001260769006,306.79400024414065,317.919499206543,50.57190999165485,-0.865531821507342,-0.015056211539141051,30353.902,4.33,4.2,322.132,328.656,20802.0,61.7,228000,4.39,1.72,2025-09-15 21:20:38,310.7799987792969,339.0299987792969,-0.019312070795389793,0.06983277156528214,0.014355914485856377,0.04136812485561547,0.5430726,321.4493831094307,330.0095524107379,488.99969159301327
2025-07-15,319.67999267578125,321.20001220703125,310.5,310.7799987792969,77556300,0.0,0.0,TSLA,-0.01931207079538977,309.38800048828125,317.1929992675781,47.9624908400845,-0.5499156626035266,-0.006241399016444715,30353.902,4.33,4.2,322.132,328.656,20802.0,61.7,228000,4.39,1.72,2025-09-15 21:20:38,321.6700134277344,340.8399963378906,0.03504091219258656,0.09672436346182342,0.003915942020307229,0.04704821457215829,0.48690036,311.99699523558775,325.40164284660034,462.09888261486776
2025-07-16,312.79998779296875,323.5,312.6199951171875,321.6700134277344,97284800,0.0,0.0,TSLA,0.03504091219258654,314.54600219726564,316.8199996948242,52.64484072160476,0.3982670714118042,0.25437649810524743,30353.902,4.33,4.2,322.132,328.656,20802.0,61.7,228000,4.39,1.72,2025-09-15 21:20:38,319.4100036621094,339.3800048828125,-0.00702586399503704,0.05505639542324579,0.016674581311281356,0.029054484791689674,0.40145472,327.03372622203614,331.0159699408131,450.8059480237789
2025-07-17,323.1499938964844,324.3399963378906,317.05999755859375,319.4100036621094,73922900,0.0,0.0,TSLA,-0.007025863995037018,316.45400390625,316.9729995727539,51.60701919997759,0.8531134056735565,-0.24013926122066342,30353.902,4.33,4.2,322.132,328.656,20802.0,61.7,228000,4.39,1.72,2025-09-15 21:20:38,329.6499938964844,335.5799865722656,0.03205907804067233,0.050624535001295094,0.007528423419781071,0.027056904916097708,0.38129723,321.8146574141915,328.05224976044553,441.20015352290284
2025-07-18,321.6600036621094,330.8999938964844,321.4200134277344,329.6499938964844,94255000,0.0,0.0,TSLA,0.03205907804067243,319.6820007324219,317.3529998779297,55.85357028491538,1.7706786253463425,0.2750446749248203,30353.902,4.33,4.2,322.132,328.656,20802.0,61.7,228000,4.39,1.72,2025-09-15 21:20:38,328.489990234375,330.55999755859375,-0.003518894838728969,0.0027605147245812825,0.015297779822207773,0.017562434298844225,0.3034171,334.69290692150497,335.4394502559058,429.6714346426779
2025-07-21,334.3999938964844,338.0,326.8800048828125,328.489990234375,75768800,0.0,0.0,TSLA,-0.0035188948387289143,322.0,317.669499206543,55.2619747593166,2.1986100802525304,-0.19612964829452018,30353.902,4.33,4.2,322.132,328.656,20802.0,61.7,228000,4.39,1.72,2025-09-15 21:20:38,332.1099853515625,335.1600036621094,0.011020107841352067,0.020305073597449267,0.008787092670204005,0.01742791400023603,0.30516928,331.3764622197989,334.2148855341181,428.7350650478038
2025-07-22,329.739990234375,335.4100036621094,321.54998779296875,332.1099853515625,77370400,0.0,0.0,TSLA,0.0110201078413521,326.2659973144531,316.840998840332,56.79975220528303,2.5972529812360294,0.021137988195669033,30353.902,4.33,4.2,322.132,328.656,20802.0,61.7,228000,4.39,1.72,2025-09-15 21:20:38,332.55999755859375,329.30999755859375,0.0013550095657463579,-0.008430905171383991,0.014825526618596008,0.011474071590850524,0.2556361,337.0336907796936,335.92063909952265,417.0092854496761
2025-07-23,330.8999938964844,336.20001220703125,328.6700134277344,332.55999755859375,92553800,0.0,0.0,TSLA,0.0013550095657464123,328.443994140625,316.44549865722655,56.99763589614163,2.748420295855946,0.19624300766184488,30353.902,4.33,4.2,322.132,328.656,20802.0,61.7,228000,4.39,1.72,2025-09-15 21:20:38,305.29998779296875,323.8999938964844,-0.08197020076301287,-0.02604042496296798,0.014711810858015857,0.011474071590850524,0.26062042,337.452557341618,336.3758147788341,419.23190238267125
2025-07-24,310.0,310.1499938964844,300.4100036621094,305.29998779296875,156966000,0.0,0.0,TSLA,-0.08197020076301287,325.6219909667969,315.33299865722654,43.88415703572459,0.9618971944840116,0.69594333241855,30353.902,4.33,4.2,322.132,328.656,20802.0,61.7,228000,4.39,1.72,2025-09-15 21:20:38,316.05999755859375,320.1099853515625,0.03524405566934258,0.0485096565697761,0.006886327174740908,0.06281052214754461,0.25181118,307.4023833953555,324.4760394378841,382.1779278176473
2025-07-25,308.739990234375,323.6300048828125,308.010009765625,316.05999755859375,148227000,0.0,0.0,TSLA,0.03524405566934252,322.90399169921875,314.8469985961914,48.88329655627871,0.47867623924150987,-0.05567447727533348,30353.902,4.33,4.2,322.132,328.656,20802.0,61.7,228000,4.39,1.72,2025-09-15 21:20:38,325.5899963378906,340.010009765625,0.0301524990600246,0.07577679045761304,0.015312366209497443,0.035898270700001275,0.23976803,320.8996239853838,327.40600490839387,391.8410799848498
2025-07-28,318.45001220703125,330.489990234375,315.69000244140625,325.5899963378906,112673800,0.0,0.0,TSLA,0.030152499060024596,322.32399291992186,314.9449981689453,52.886604808192764,0.758083633400157,-0.23985643641171983,30353.902,4.33,4.2,322.132,328.656,20802.0,61.7,228000,4.39,1.72,2025-09-15 21:20:38,321.20001220703125,346.6000061035156,-0.013483166498468029,0.06452903959561841,0.01605498363993757,0.02322795906695337,0.25275874,330.81733840242276,333.1527874454366,407.8857140177788
2025-07-29,325.54998779296875,326.25,318.25,321.20001220703125,87358900,0.0,0.0,TSLA,-0.013483166498468035,320.1419982910156,315.1219985961914,50.908710507218785,0.6107760894434441,-0.22467423660158792,30353.902,4.33,4.2,322.132,328.656,20802.0,61.7,228000,4.39,1.72,2025-09-15 21:20:38,319.0400085449219,351.6700134277344,-0.006724793213012497,0.0948630138938585,0.005987713517289592,0.031168280398202217,0.22754155,323.1232658618769,331.211264251406,394.28636595013813
2025-07-30,322.17999267578125,324.45001220703125,311.6199951171875,319.0400085449219,83931900,0.0,0.0,TSLA,-0.006724793213012448,317.43800048828126,316.0384994506836,49.919466232801035,0.34465405560599427,-0.03922897380804935,30353.902,4.33,4.2,322.132,328.656,20802.0,61.7,228000,4.39,1.72,2025-09-15 21:20:38,308.2699890136719,349.6000061035156,-0.03375758288237867,0.09578735186841246,0.006781197552184348,0.03816377342787035,0.20675905,321.20348186991555,331.2157791454561,385.0044320417037
2025-07-31,319.6099853515625,321.3699951171875,306.1000061035156,308.2699890136719,85270900,0.0,0.0,TSLA,-0.03375758288237862,318.03200073242186,315.669499206543,45.202914791442076,-0.5322446764205258,0.015953409847745625,30353.902,4.33,4.2,322.132,328.656,20802.0,61.7,228000,4.39,1.72,2025-09-15 21:20:38,302.6300048828125,345.9800109863281,-0.018295599091253868,0.12232790513702518,0.008000409120724675,0.06537737986257035,0.23049045,310.73627504542253,328.4238731856491,379.32327629780775
2025-08-01,306.2099914550781,309.30999755859375,297.82000732421875,302.6300048828125,89121400,0.0,0.0,TSLA,-0.01829559909125389,315.34600219726565,315.0334991455078,42.91615012675666,-1.4173979617873047,0.045156084901179616,30353.902,4.33,4.3,323.364,329.793,20802.0,61.7,227000,4.26,1.72,2025-09-15 21:20:38,309.260009765625,333.8699951171875,0.021907956170373253,0.1032283307349913,0.005858855254291193,0.07561344714382938,0.23030919,304.4030702770263,325.5129027611559,372.3284937207063
2025-08-04,309.0799865722656,312.1199951171875,303.0,309.260009765625,78683900,0.0,0.0,TSLA,0.021907956170373222,312.0800048828125,315.79949951171875,46.35196311473468,-1.4750512728191236,-0.11711553005226583,30353.902,4.33,4.3,323.364,329.793,20802.0,61.7,227000,4.26,1.72,2025-09-15 21:20:38,308.7200012207031,329.3599853515625,-0.00174613117722891,0.06499377530632046,0.01420259436586894,0.05607956909582955,0.23793957,313.65230423791087,326.6031778518533,382.84521160268923
2025-08-05,308.95001220703125,312.45001220703125,305.5,308.7200012207031,57961300,0.0,0.0,TSLA,-0.0017461311772288823,309.58400268554686,316.3449996948242,46.108535938436326,-1.465232915720828,-0.26336518652481633,30353.902,4.33,4.3,323.364,329.793,20802.0,61.7,227000,4.26,1.72,2025-09-15 21:20:38,319.9100036621094,334.0899963378906,0.03624644466558727,0.08217800925392767,0.01412011805798224,0.05601338839537349,0.25695705,313.07916408479986,326.01245455449856,388.04778328791144
2025-08-06,307.8900146484375,320.4700012207031,306.92999267578125,319.9100036621094,78523600,0.0,0.0,TSLA,0.03624644466558724,309.75800170898435,317.54649963378904,51.76188137465284,-0.6617178587811355,0.35475912376016416,30353.902,4.33,4.3,323.364,329.793,20802.0,61.7,227000,4.26,1.72,2025-09-15 21:20:38,322.2699890136719,338.5299987792969,0.007377028928595584,0.058203853909032606,0.01601581534259859,0.036887781359883735,0.27228957,325.0336232070118,331.7107739320369,407.0181432562749
2025-08-07,319.7900085449219,322.3999938964844,316.1600036621094,322.2699890136719,66658700,0.0,0.0,TSLA,0.007377028928595486,312.55800170898436,318.16649932861327,52.88445180616763,0.03514645283651918,-0.15109979674900287,30353.902,4.33,4.3,323.364,329.793,20802.0,61.7,227000,4.26,1.72,2025-09-15 21:20:38,329.6499938964844,350.8399963378906,0.022900068682782042,0.08865239798362579,0.015306776486076803,0.02603201540263115,0.31145573,327.20290370367456,330.65932633148157,422.64282261088374
2025-08-08,321.42999267578125,335.1499938964844,320.9800109863281,329.6499938964844,91200300,0.0,0.0,TSLA,0.02290006868278205,317.9619995117188,318.97349853515624,56.30859028684595,0.9489191776539583,0.3681679960755311,30353.902,4.33,4.3,323.364,329.793,20802.0,61.7,227000,4.26,1.72,2025-09-15 21:20:38,339.0299987792969,346.3999938964844,0.028454436694932805,0.050811467647895,0.014561383977672497,0.017513947019041985,0.25581658,334.4501540358485,335.4234664244149,413.97992755796804
2025-08-11,335.0,346.6400146484375,334.1499938964844,339.0299987792969,105320200,0.0,0.0,TSLA,0.02845443669493286,323.91599731445314,320.0799987792969,60.26160551309938,2.076216966360774,0.15482295562624238,30353.902,4.33,4.3,323.364,329.793,20802.0,61.7,227000,4.26,1.72,2025-09-15 21:20:38,340.8399963378906,346.9700012207031,0.005338753399730947,0.023419763649219327,0.0145398771242775,0.011291857692735401,0.24411792,343.9594533029918,342.85827727908094,421.7933156252184
2025-08-12,345.0,345.260009765625,332.94000244140625,340.8399963378906,80522100,0.0,0.0,TSLA,0.005338753399730889,330.3399963378906,321.58299865722654,60.99495803052261,2.7904210146342274,-0.23545435728378794,30353.902,4.33,4.3,323.364,329.793,20802.0,61.7,227000,4.26,1.72,2025-09-15 21:20:38,339.3800048828125,347.7900085449219,-0.004283509772223935,0.020390835235608258,0.014692944506928507,0.013295436283471676,0.24242236,345.847939489825,345.37161279205975,423.46722659978695
2025-08-13,341.5,348.9800109863281,338.20001220703125,339.3800048828125,67838900,0.0,0.0,TSLA,-0.004283509772223915,334.23399658203124,322.46849822998047,60.03257828408876,2.99322315948445,-0.15751203706808437,30353.902,4.33,4.3,323.364,329.793,20802.0,61.7,227000,4.26,1.72,2025-09-15 21:20:38,335.5799865722656,368.80999755859375,-0.011196942235471465,0.08671693161753413,0.008151923962871399,0.014133397905737947,0.2374239,342.1466048771361,344.17659753307254,419.9569281345466
2025-08-14,335.760009765625,340.4700012207031,330.3999938964844,335.5799865722656,75000700,0.0,0.0,TSLA,-0.011196942235471519,336.89599609375,323.2769973754883,57.49005285982028,2.7087000669887455,0.1055706976380808,30353.902,4.33,4.3,323.364,329.793,20802.0,61.7,227000,4.26,1.72,2025-09-15 21:20:38,330.55999755859375,395.94000244140625,-0.014959143019665277,0.1798677462433904,0.006010540878074927,0.010744935603045281,0.2480919,337.59700379942205,339.1857719176554,418.83467516123346
2025-08-15,337.6600036621094,339.29998779296875,327.0199890136719,330.55999755859375,74319800,0.0,0.0,TSLA,-0.014959143019665277,337.0779968261719,323.32249755859374,54.2229471393782,2.0496167718782132,-0.009078581933235297,30353.902,4.33,4.3,323.364,329.793,20802.0,61.7,227000,4.26,1.72,2025-09-15 21:20:38,335.1600036621094,410.0400085449219,0.013915797850586099,0.24044049967733866,0.0030607031485834464,0.01619698979444605,0.24505986,331.57174358391705,335.9140744655024,411.5669802595585
2025-08-18,329.6199951171875,336.2699890136719,329.5899963378906,335.1600036621094,56956600,0.0,0.0,TSLA,0.013915797850586165,336.3039978027344,323.65599822998047,56.653816766083686,1.7995707567172703,-0.2336281852211658,30353.902,4.33,4.3,323.364,329.793,20802.0,61.7,227000,4.26,1.72,2025-09-15 21:20:38,329.30999755859375,410.0400085449219,-0.01745436818115473,0.24044049967733866,0.015208454552724229,0.011215629305935006,0.23097216,340.2572693456955,338.91903402135944,412.57263728326143
2025-08-19,335.7900085449219,340.54998779296875,327.8500061035156,329.30999755859375,75956000,0.0,0.0,TSLA,-0.017454368181154756,333.997998046875,323.51599884033203,52.81288720230753,1.148012257866808,0.33357679355860426,30353.902,4.33,4.3,323.364,329.793,20802.0,61.7,227000,4.26,1.72,2025-09-15 21:20:38,323.8999938964844,410.0400085449219,-0.016428300696053964,0.24044049967733866,0.004045700965441965,0.022558024860521823,0.23235245,330.64228733364627,336.7385806703389,405.8259971834923
2025-08-20,329.2200012207031,331.3699951171875,314.6000061035156,323.8999938964844,77481800,0.0,0.0,TSLA,-0.016428300696053943,330.90199584960936,323.08299865722654,49.472499000647105,0.3044126617182408,0.020087945652746297,30353.902,4.33,4.3,323.364,329.793,20802.0,61.7,227000,4.26,1.72,2025-09-15 21:20:38,320.1099853515625,410.0400085449219,-0.011701168929731838,0.24044049967733866,0.0033650836604992755,0.040642507131284464,0.21737725,324.98994447358126,337.06410170824523,394.30846305731393
2025-08-21,322.0799865722656,324.8999938964844,318.67999267578125,320.1099853515625,55744400,0.0,0.0,TSLA,-0.011701168929731831,327.80799560546876,323.82349853515626,47.219278514717594,-0.5126412032076062,-0.28054846428451585,30353.902,4.33,4.3,323.364,329.793,20802.0,61.7,227000,4.26,1.72,2025-09-15 21:20:38,340.010009765625,410.0400085449219,0.06216620950517114,0.24044049967733866,0.008490485678891558,0.05166881962941334,0.2079092,322.82787459786016,336.6496904462665,386.6638047745364
2025-08-22,321.6600036621094,340.25,319.69000244140625,340.010009765625,94016300,0.0,0.0,TSLA,0.062166209505171155,329.697998046875,325.0209991455078,58.02846083006463,0.24278556784217997,0.6865604437396402,30353.902,4.33,4.3,323.364,329.793,20802.0,61.7,227000,4.26,1.72,2025-09-15 21:20:38,346.6000061035156,410.0400085449219,0.019381771561470286,0.24044049967733866,0.013794453281449827,0.019719258244622624,0.19252585,344.7002619605622,346.71475495395003,405.4707305445336
2025-08-25,338.8999938964844,349.5299987792969,335.0299987792969,346.6000061035156,86670000,0.0,0.0,TSLA,0.019381771561470362,331.9859985351562,326.0714996337891,60.88522630636553,1.0942437632987918,-0.0781385780976277,30353.902,4.33,4.3,323.364,329.793,20802.0,61.7,227000,4.26,1.72,2025-09-15 21:20:38,351.6700134277344,410.0400085449219,0.014627833914995779,0.24044049967733866,0.014601972882550803,0.013371427695411135,0.22785388,351.6610499937311,351.23454302435783,425.5741672356271
2025-08-26,344.92999267578125,351.8999938964844,343.7200012207031,351.6700134277344,76651600,0.0,0.0,TSLA,0.01462783391499567,336.4580017089844,327.5949996948242,62.97328623301461,1.8617615988016158,-0.11559247721241495,30353.902,4.33,4.3,323.364,329.793,20802.0,61.7,227000,4.26,1.72,2025-09-15 21:20:38,349.6000061035156,410.0400085449219,-0.0058862207330171515,0.24044049967733866,0.014601972882550803,0.009028178539950827,0.22140977,356.80508942741244,354.84495309610685,429.5331999468326
2025-08-27,351.94000244140625,355.3900146484375,349.1600036621094,349.6000061035156,65519000,0.0,0.0,TSLA,-0.0058862207330171445,341.59800415039064,329.1229995727539,61.52907570493792,2.0765303039137235,-0.14523636819061836,30353.902,4.33,4.3,323.364,329.793,20802.0,61.7,227000,4.26,1.72,2025-09-15 21:20:38,345.9800109863281,410.0400085449219,-0.010354676927882058,0.24044049967733866,0.008151923962871399,0.008893658241342632,0.25020507,352.44991877069083,352.7092290789716,437.07168960696436
2025-08-28,350.9100036621094,353.54998779296875,340.260009765625,345.9800109863281,67903200,0.0,0.0,TSLA,-0.010354676927882056,346.7720092773437,331.00850067138674,58.98159193719439,1.8299385997220234,0.03638944428333768,30353.902,4.33,4.3,323.364,329.793,20802.0,61.7,227000,4.26,1.72,2025-09-15 21:20:38,333.8699951171875,410.0400085449219,-0.03500206799409336,0.24044049967733866,0.006243915300191966,0.009921472114012717,0.27475294,348.1402808704862,349.41264201733475,441.039048125891
2025-08-29,347.2300109863281,348.75,331.70001220703125,333.8699951171875,81145700,0.0,0.0,TSLA,-0.03500206799409333,345.54400634765625,332.5705001831055,51.32582990596991,0.7611177832418861,0.19502026414071794,30353.902,4.33,4.3,323.364,329.793,20802.0,61.7,227000,4.26,1.72,2025-09-15 21:20:38,329.3599853515625,410.0400085449219,-0.013508281162079265,0.24044049967733866,0.008536773384080248,0.02480131993076509,0.29637095,336.7201676052469,342.15041168137185,432.81937380559975
2025-09-02,328.2300109863281,333.3299865722656,325.6000061035156,329.3599853515625,58392000,0.0,0.0,TSLA,-0.01350828116207925,342.09600219726565,333.5754989624023,48.7861113534186,-0.2837510651130861,-0.28040549283572636,30353.902,4.33,4.3,323.364,329.793,20802.0,61.7,263000,4.26,1.72,2025-09-15 21:20:38,334.0899963378906,410.0400085449219,0.014361219324439971,0.24044049967733866,0.004062405218373888,0.05402680191149028,0.2858058,330.6979790747783,347.1542520377227,423.4929865074373
2025-09-03,335.20001220703125,343.3299865722656,328.510009765625,334.0899963378906,88733300,0.0,0.0,TSLA,0.014361219324440011,338.5799987792969,334.84399871826173,51.49685744028201,-0.6685102681885207,0.5196139882175641,30353.902,4.33,4.3,323.364,329.793,20802.0,61.7,263000,4.26,1.72,2025-09-15 21:20:38,338.5299987792969,410.0400085449219,0.013289839534482014,0.24044049967733866,0.011685532213569242,0.04542366961626207,0.2654989,337.99401575232827,349.26558995364115,422.790515039429
2025-09-04,336.1499938964844,338.8900146484375,331.4800109863281,338.5299987792969,60711000,0.0,0.0,TSLA,0.01328983953448204,336.3659973144531,335.7749984741211,53.9602831705459,-0.6363398185392679,-0.31580364981354236,30353.902,4.33,4.3,323.364,329.793,20802.0,61.7,263000,4.26,1.72,2025-09-15 21:20:38,350.8399963378906,410.0400085449219,0.036363092201525095,0.24044049967733866,0.013798430500278737,0.03666737795074263,0.25790295,343.20118143971246,350.94300619220184,425.83789423335475
2025-09-05,348.0,355.8699951171875,344.67999267578125,350.8399963378906,108989800,0.0,0.0,TSLA,0.036363092201525005,337.33799438476564,337.20349884033203,60.02266002968993,0.15916268183856452,0.7952232709064255,30353.902,4.33,4.3,323.364,329.793,20802.0,61.7,263000,4.26,1.72,2025-09-15 21:20:38,346.3999938964844,410.0400085449219,-0.01265534855703888,0.24044049967733866,0.016524331128606195,0.030651344393056543,0.23690405,356.63739261053695,361.59371389250197,433.9554036286245
2025-09-08,354.6400146484375,358.44000244140625,344.8399963378906,346.3999938964844,75208300,0.0,0.0,TSLA,-0.01265534855703887,339.843994140625,338.040998840332,57.10206062311576,0.3220967349453625,-0.3099510229397613,30353.902,4.33,4.3,323.364,329.793,20802.0,61.7,263000,4.26,1.72,2025-09-15 21:20:38,346.9700012207031,410.0400085449219,0.0016455177086091024,0.24044049967733866,0.005875260203744631,0.028010972331596773,0.25510556,348.4351839952018,356.10299454118405,434.7685359643219
2025-09-09,348.44000244140625,350.7699890136719,343.82000732421875,346.9700012207031,53816000,0.0,0.0,TSLA,0.001645517708609212,343.3659973144531,338.43799896240233,57.388718093824004,0.399000863223808,-0.28444068008451195,30353.902,4.33,4.3,323.364,329.793,20802.0,61.7,263000,4.26,1.72,2025-09-15 21:20:38,347.7900085449219,410.0400085449219,0.0023633378140295014,0.24044049967733866,0.014576530183685559,0.02736138904508685,0.25486654,352.02761991633014,356.463582411077,435.401065746526
2025-09-10,350.54998779296875,356.3299865722656,346.07000732421875,347.7900085449219,72121700,0.0,0.0,TSLA,0.0023633378140295314,346.1059997558594,338.7854995727539,57.82533490632044,0.43299667209161363,0.34015348595213313,30353.902,4.33,4.3,323.364,329.793,20802.0,61.7,263000,4.26,1.72,2025-09-15 21:20:38,368.80999755859375,410.0400085449219,0.060438737448539594,0.24044049967733866,0.0139602278274403,0.024756092712175163,0.28217155,352.64523630031636,356.3999302408282,445.92643270087865
2025-09-11,350.1700134277344,368.989990234375,347.6000061035156,368.80999755859375,103756000,0.0,0.0,TSLA,0.06043873744853956,352.16199951171876,340.25699920654296,67.12456176307657,1.726445014727398,0.43862388157794396,30353.902,4.33,4.3,323.364,329.793,20802.0,61.7,263000,4.26,1.72,2025-09-15 21:20:38,395.94000244140625,410.0400085449219,0.07356092584909467,0.24044049967733866,0.011044306966676715,0.01812036359995137,0.30494538,372.8832483840102,375.4929688136527,481.2768912344836
2025-09-12,370.94000244140625,396.69000244140625,370.239990234375,395.94000244140625,167721600,0.0,0.0,TSLA,0.07356092584909457,361.1820007324219,343.275,74.83656490095248,4.127481127680671,0.6165002505879178,30353.902,4.33,4.3,323.364,329.793,20802.0,61.7,263000,4.26,1.72,2025-09-15 21:20:38,410.0400085449219,410.0400085449219,0.03561147147692467,0.24044049967733866,0.031091542807807786,0.023878084973719894,0.32221076,408.2503879766368,405.394291464197,523.5161429165455
2025-09-15,423.20001220703125,425.69989013671875,402.43011474609375,410.0400085449219,162978139,0.0,0.0,TSLA,0.03561147147692467,373.9100036621094,347.2490005493164,77.75697361675535,6.2559140709276235,-0.028281753811077448,30353.902,4.33,4.3,323.364,329.793,20802.0,61.7,263000,4.26,1.72,2025-09-15 21:20:38,410.0400085449219,410.0400085449219,0.03561147147692467,0.24044049967733866,0.0024359890012793416,0.02656326444735094,0.2987435,411.0388614958218,420.9320097258947,532.5367902629296
